drug,n_models,screened_universe,coverage_fraction,missing_fraction,response_variance,q25,q75,n_sensitive,n_resistant,n_lineages,accepted,rejection_reason
gdc-0879,402,480,0.8375,0.16249999999999998,0.19542047674648066,0.9803875690175418,1.6497574751277049,101,101,23,True,
ingenol-mebutate,448,480,0.9333333333333333,0.06666666666666665,0.1629498767548436,0.754025627905486,1.2294368523171575,112,112,23,True,
12-o-tetradecanoylphorbol-13-acetate,416,480,0.8666666666666667,0.1333333333333333,0.14937131079488436,0.736625369319844,1.259371971974995,104,104,24,True,
otx015,387,480,0.80625,0.19374999999999998,0.14865074223179045,0.7622577870837299,1.217852885418465,97,97,24,True,
lgx818,434,480,0.9041666666666667,0.09583333333333333,0.14164298005906648,0.9053193125045987,1.4398647550477175,109,109,24,True,
halcinonide,413,480,0.8604166666666667,0.13958333333333328,0.13670366671302286,1.19618441555055,1.60223351660614,104,104,24,True,
mk-2461,459,480,0.95625,0.043749999999999956,0.132765389639745,0.8654246986537479,1.382468553862945,115,115,24,True,
methylprednisolone,398,480,0.8291666666666667,0.17083333333333328,0.1319154059612998,1.0950950957640826,1.4941228036466199,100,100,24,True,
halobetasol-propionate,449,480,0.9354166666666667,0.06458333333333333,0.13179215539851824,0.887458359627479,1.30185608408141,113,113,24,True,
prednisolone,391,480,0.8145833333333333,0.18541666666666667,0.12241612059165174,0.9496199102184044,1.4238922380180852,98,98,24,True,
beclomethasone-dipropionate,404,480,0.8416666666666667,0.15833333333333333,0.120581399522204,0.8765617374346185,0.9978240953168704,101,101,24,True,
jq1-(+),448,480,0.9333333333333333,0.06666666666666665,0.11540660420070838,0.8253970026982265,1.2598192176754825,112,112,23,True,
flumethasone,445,480,0.9270833333333334,0.07291666666666663,0.11445235573063671,0.865763235625151,1.31893431566809,112,112,23,True,
i-bet151,439,480,0.9145833333333333,0.0854166666666667,0.11359238132014472,1.022181872381985,1.5187120712823399,110,110,24,True,
zln005,417,480,0.86875,0.13124999999999998,0.10994191097395242,0.964976263004876,1.50557286462453,105,105,23,True,
cgm097,425,480,0.8854166666666666,0.11458333333333337,0.10890755199648341,0.888201072087306,1.42104684778356,107,107,23,True,
2'-meccpa,412,480,0.8583333333333333,0.14166666666666672,0.10655220780041262,1.1793437382453051,1.5269729144807624,103,103,24,True,
clobetasol-propionate,424,480,0.8833333333333333,0.1166666666666667,0.10579461542332677,0.9119905682305163,1.288196104638255,106,106,24,True,
prednisolone-hemisuccinate,455,480,0.9479166666666666,0.05208333333333337,0.10572049063932343,0.8875747961257956,1.42213568455625,114,114,24,True,
buphenine,405,480,0.84375,0.15625,0.10325611852234746,0.912764387786776,1.35830961429224,102,102,24,True,
bf2.649,455,480,0.9479166666666666,0.05208333333333337,0.10257091358966912,0.9209984544316561,1.451101177046165,114,114,24,True,
fluocinolone-acetonide,439,480,0.9145833333333333,0.0854166666666667,0.0991641090702889,1.06910379287445,1.446466587747235,110,110,24,True,
chir-99021,437,480,0.9104166666666667,0.08958333333333335,0.09835428414520202,0.943154396766132,1.48254010907505,110,110,24,True,
y-320,422,480,0.8791666666666667,0.12083333333333335,0.09786070423571239,0.8825665004648228,1.3262544940410699,106,106,24,True,
sar131675,441,480,0.91875,0.08125000000000004,0.0977785156691724,0.866347969497492,1.24886723376803,111,111,24,True,
sr-27897,438,480,0.9125,0.08750000000000002,0.09739428690140502,1.2963528059799976,1.659488970558715,110,110,23,True,
quizartinib,455,480,0.9479166666666666,0.05208333333333337,0.09518604486479927,0.899684065235715,1.390173036132605,114,114,24,True,
cefpiramide,404,480,0.8416666666666667,0.15833333333333333,0.0937472106754543,0.9717633071061282,1.4169414374772225,101,101,24,True,
homoquinolinic-acid,416,480,0.8666666666666667,0.1333333333333333,0.09219051668419487,0.9925613647794642,1.477494238497715,104,104,23,True,
bam7,446,480,0.9291666666666667,0.0708333333333333,0.09214085532507338,0.8967129468587718,1.3862268579331625,112,112,24,True,
pha-793887,474,480,0.9875,0.012499999999999956,0.09181528668576983,0.6697332541436025,0.8812781323984618,119,119,24,True,
kenpaullone,462,480,0.9625,0.03749999999999998,0.09152552968382663,0.9013961506118487,1.3943119465351574,116,116,24,True,
birinapant,448,480,0.9333333333333333,0.06666666666666665,0.09094191449974544,0.7542756198269157,1.1713542273392574,112,112,24,True,
gsk1904529a,434,480,0.9041666666666667,0.09583333333333333,0.09054034149039775,0.8661047047487818,1.3003009878586749,109,109,24,True,
prednisolone-acetate,398,480,0.8291666666666667,0.17083333333333328,0.09000239541402101,1.17515975721864,1.5310649597602175,100,100,24,True,
vincristine,466,480,0.9708333333333333,0.029166666666666674,0.08904820822116101,0.28408844297131697,0.628009394666105,117,117,24,True,
amonafide,460,480,0.9583333333333334,0.04166666666666663,0.08904144649439384,0.8776800472986043,1.316255929505795,115,115,24,True,
isoflupredone-acetate,396,480,0.825,0.17500000000000004,0.08890240578223242,0.9999999999999882,1.3027647472799448,99,99,23,True,
4-methylhistamine,402,480,0.8375,0.16249999999999998,0.08814809255699711,1.2269154796929351,1.5344831714844125,101,101,24,True,
vlx600,469,480,0.9770833333333333,0.022916666666666696,0.08490052977275285,0.707457201163111,0.832342618670834,118,118,24,True,
rg2833,418,480,0.8708333333333333,0.12916666666666665,0.08445431028274741,0.9985980861535595,1.412509723586655,105,105,24,True,
pilocarpine,386,480,0.8041666666666667,0.1958333333333333,0.08436786209135963,1.1898317417558801,1.54290219552671,97,97,23,True,
sc-144,451,480,0.9395833333333333,0.060416666666666674,0.0843339833281156,0.783102069178363,1.168809688726765,113,113,24,True,
tiotidine,453,480,0.94375,0.05625000000000002,0.08381251025838894,0.928366941433786,0.98117008157962,114,114,23,True,
amg-208,427,480,0.8895833333333333,0.11041666666666672,0.0835619977514526,0.9870714091368085,1.50141972934781,107,107,24,True,
desoxycortone,431,480,0.8979166666666667,0.1020833333333333,0.08349660469203571,0.9547255439574155,1.3630845873157251,108,108,24,True,
ro-04-5595,440,480,0.9166666666666666,0.08333333333333337,0.08124899855044831,0.9437725723842275,1.472679547506615,110,110,24,True,
sulfasalazine,402,480,0.8375,0.16249999999999998,0.08044666820849518,0.942062386873519,1.282727859037105,101,101,24,True,
pp-1,453,480,0.94375,0.05625000000000002,0.08030971045745522,0.881603370498272,1.31096060211827,114,114,24,True,
betamethasone-dipropionate,452,480,0.9416666666666667,0.05833333333333335,0.08029758495090428,0.87995381652561,1.2568041149874574,113,113,24,True,
cp-673451,444,480,0.925,0.07499999999999996,0.08015514383493512,0.9155895011235305,1.3297467607896325,111,111,24,True,
dihydroartemisinin,431,480,0.8979166666666667,0.1020833333333333,0.07958518704774396,1.149114881193505,1.49993047294833,108,108,24,True,
atenolol-(-),385,480,0.8020833333333334,0.19791666666666663,0.07936272383784003,1.26799720107109,1.57415885430163,97,97,24,True,
propranolol,391,480,0.8145833333333333,0.18541666666666667,0.07910760493572369,0.9378706076639785,1.19029594853173,98,98,24,True,
betamethasone,402,480,0.8375,0.16249999999999998,0.07900577473871606,0.9241007073964562,1.24439714395736,101,101,24,True,
pp-2,411,480,0.85625,0.14375000000000004,0.0789321737750594,0.8664242032692795,0.956557419995641,103,103,23,True,
kynurenic-acid,421,480,0.8770833333333333,0.12291666666666667,0.0783681407776149,1.12827591608134,1.44421641423575,106,106,24,True,
gdc-0152,447,480,0.93125,0.06874999999999998,0.07751822672868075,0.8438187642931161,1.0993066707877301,112,112,24,True,
sta-5326,478,480,0.9958333333333333,0.004166666666666652,0.07676803118645975,0.8439969531844878,1.1948205155173879,120,120,24,True,
ici-162846,429,480,0.89375,0.10624999999999996,0.07674435997284733,1.33956243735479,1.62742346052202,108,108,24,True,
pq-401,422,480,0.8791666666666667,0.12083333333333335,0.07634984436596831,0.9663177593698072,1.4397430201377475,106,106,24,True,
psb-1115,432,480,0.9,0.09999999999999998,0.07513279173054878,1.212249402397525,1.530505605666,108,108,24,True,
p22077,450,480,0.9375,0.0625,0.07493937356571957,0.9624777523103625,1.410592394530045,113,113,24,True,
ziprasidone,451,480,0.9395833333333333,0.060416666666666674,0.07473854072187204,0.9183531929062515,1.085243094056265,113,113,24,True,
ciclesonide,407,480,0.8479166666666667,0.15208333333333335,0.07473165286145726,0.8970702684416225,1.2477476112090748,102,102,24,True,
piperacetazine,401,480,0.8354166666666667,0.1645833333333333,0.07463975547666248,0.925230541156465,1.35959329992756,101,101,24,True,
nobiletin,453,480,0.94375,0.05625000000000002,0.07403623749776327,0.902154640315483,1.35407947474448,114,114,24,True,
whi-p154,449,480,0.9354166666666667,0.06458333333333333,0.07385437466901563,0.875825745193909,1.30365911615132,113,113,24,True,
finafloxacin,442,480,0.9208333333333333,0.07916666666666672,0.07378562723572875,0.90210299725509,1.3501616051769725,111,111,24,True,
selumetinib,476,480,0.9916666666666667,0.008333333333333304,0.07341417849213872,0.837720860888981,1.21592214563275,119,119,24,True,
sb-657510,433,480,0.9020833333333333,0.09791666666666665,0.07301605965443828,0.907994011139532,1.31276887917239,109,109,24,True,
sns-314,447,480,0.93125,0.06874999999999998,0.07294611643848266,0.5803782547570551,0.8318441915954755,112,112,24,True,
bms-986020,452,480,0.9416666666666667,0.05833333333333335,0.072871306103957,1.207126429737415,1.5289764181131975,113,113,24,True,
desonide,450,480,0.9375,0.0625,0.07278664346818353,0.9126212223341095,1.223342539304255,113,113,24,True,
unc2250,444,480,0.925,0.07499999999999996,0.07266727009810202,0.7812975079979615,1.20520187610324,111,111,24,True,
rita,454,480,0.9458333333333333,0.054166666666666696,0.07253426741537113,0.6866363794273913,0.8815297009323053,114,114,24,True,
ethinyl-estradiol,397,480,0.8270833333333333,0.17291666666666672,0.07238228502270609,0.960174885738134,1.30668019886892,100,100,24,True,
melengestrol-acetate,437,480,0.9104166666666667,0.08958333333333335,0.07199108875685134,0.937851428198305,1.35452104745389,110,110,24,True,
prt062070,453,480,0.94375,0.05625000000000002,0.0717336106754446,0.884260095702042,1.28285881867661,114,114,24,True,
kifunensine,447,480,0.93125,0.06874999999999998,0.07116382506503088,0.886806111357606,1.30912027765329,112,112,24,True,
meloxicam,434,480,0.9041666666666667,0.09583333333333333,0.07101360019183889,0.9530355175081375,1.404662308581725,109,109,23,True,
sulmazole,428,480,0.8916666666666667,0.10833333333333328,0.07100642987468754,1.17176697982168,1.4666085063329901,107,107,23,True,
bosutinib,449,480,0.9354166666666667,0.06458333333333333,0.06982252497204346,0.879032427403694,1.31261872375591,113,113,24,True,
flumethasone-pivalate,416,480,0.8666666666666667,0.1333333333333333,0.06883372914650022,0.8968101228145717,1.220789627351235,104,104,24,True,
rimexolone,420,480,0.875,0.125,0.06821524878425617,0.9764485773580095,1.3378353920743127,105,105,24,True,
atorvastatin,439,480,0.9145833333333333,0.0854166666666667,0.06817548152461965,0.894170665034212,1.33423530523996,110,110,24,True,
mercaptopurine,450,480,0.9375,0.0625,0.06809430446429963,0.9080083970473802,1.3304177217589874,113,113,24,True,
iproniazid,384,480,0.8,0.19999999999999996,0.06805544737320503,1.252095142016615,1.59324427143207,96,96,24,True,
emd-53998,429,480,0.89375,0.10624999999999996,0.06762493103890278,0.96132310233308,1.33799035972636,108,108,24,True,
gamma-aminobutyric-acid,395,480,0.8229166666666666,0.17708333333333337,0.06732242823817873,1.223039969619565,1.509526953025735,99,99,24,True,
tiletamine,388,480,0.8083333333333333,0.19166666666666665,0.06680123706371431,1.1757098060458326,1.5168643327258626,97,97,24,True,
y-39983,434,480,0.9041666666666667,0.09583333333333333,0.06678147939114737,0.9522832028286959,1.3592699078255575,109,109,24,True,
sb-590885,430,480,0.8958333333333334,0.10416666666666663,0.06645218179903689,0.9351569428560215,1.34635407719734,108,108,24,True,
bromosporine,437,480,0.9104166666666667,0.08958333333333335,0.06640891691030439,0.904077559356356,1.29752753972587,110,110,24,True,
mericitabine,438,480,0.9125,0.08750000000000002,0.06631234805981334,0.9584590108937557,1.3590551668599475,110,110,24,True,
famotidine,388,480,0.8083333333333333,0.19166666666666665,0.06612954517837188,1.0437262156615026,1.4066229636145875,97,97,24,True,
taselisib,466,480,0.9708333333333333,0.029166666666666674,0.06563256045324313,0.7588773769056597,0.9264200402552063,117,117,24,True,
voxtalisib,466,480,0.9708333333333333,0.029166666666666674,0.06560123097763222,0.8513052257207727,1.13900361770147,117,117,24,True,
sid-7969543,410,480,0.8541666666666666,0.14583333333333337,0.06445837539886058,0.9431304457166305,1.248058492163455,103,103,24,True,
sgi-1776,432,480,0.9,0.09999999999999998,0.0643389381664102,0.8641023703959515,1.0850250708394076,108,108,24,True,
nexturastat-a,420,480,0.875,0.125,0.06429708685572669,0.9488891217617342,1.336359783117215,105,105,24,True,
methscopolamine,428,480,0.8916666666666667,0.10833333333333328,0.0639497483976532,0.9380463091441992,1.3057965439343275,107,107,24,True,
pf-573228,455,480,0.9479166666666666,0.05208333333333337,0.06388304989983189,0.8922795424262104,1.29918211636019,114,114,24,True,
creatine,394,480,0.8208333333333333,0.1791666666666667,0.06369839464292161,1.1713937822839475,1.450455767804665,99,99,24,True,
norethindrone-acetate,392,480,0.8166666666666667,0.18333333333333335,0.06316521755605542,1.16366343788711,1.416818512408515,98,98,24,True,
sch-58261,412,480,0.8583333333333333,0.14166666666666672,0.06308860697282505,1.0892832160658275,1.3845215978043548,103,103,24,True,
"l-798,106",447,480,0.93125,0.06874999999999998,0.06304933661626654,0.851344815757919,0.9833630249749485,112,112,24,True,
fleroxacin,408,480,0.85,0.15000000000000002,0.06304156965298138,1.06164189828158,1.3916944040271024,102,102,23,True,
benzydamine,431,480,0.8979166666666667,0.1020833333333333,0.06297558586142253,0.9466825961605595,1.35983858776393,108,108,24,True,
ym-976,442,480,0.9208333333333333,0.07916666666666672,0.06225157693715892,0.9503889979800675,1.3103726076535875,111,111,24,True,
gw-788388,421,480,0.8770833333333333,0.12291666666666667,0.06213057975829504,1.2672766390789,1.52307984284423,106,106,24,True,
ly2109761,424,480,0.8833333333333333,0.1166666666666667,0.0620827443516411,1.1085317212501025,1.36171179593212,106,106,23,True,
cb-10-277,428,480,0.8916666666666667,0.10833333333333328,0.06193995024655341,1.14853225152305,1.4343142338306125,107,107,24,True,
sodium-glucoheptonate,389,480,0.8104166666666667,0.18958333333333333,0.0618733071064287,1.14242761287181,1.42203190610372,98,98,24,True,
cyc116,439,480,0.9145833333333333,0.0854166666666667,0.061631867950623496,0.88852831290014,1.02945020053431,110,110,24,True,
idoxuridine,455,480,0.9479166666666666,0.05208333333333337,0.061606072158172286,0.8572796395484426,1.24084159089906,114,114,24,True,
mesna,445,480,0.9270833333333334,0.07291666666666663,0.0615601323745515,0.852222360813442,1.23044855703586,112,112,24,True,
pd-318088,462,480,0.9625,0.03749999999999998,0.06137419584128747,0.737180251933085,0.9681938436259258,116,116,24,True,
sr-57227a,449,480,0.9354166666666667,0.06458333333333333,0.06114325143027349,0.958925860064599,1.32536555556953,113,113,24,True,
palmatine-chloride,442,480,0.9208333333333333,0.07916666666666672,0.06098385398843721,1.0008547951659799,1.4071013547065874,111,111,24,True,
domperidone,434,480,0.9041666666666667,0.09583333333333333,0.06069506967418753,0.9017604739338833,1.304154858260035,109,109,24,True,
chromocarb,428,480,0.8916666666666667,0.10833333333333328,0.060683206165155906,0.958488677486212,1.3480089056734825,107,107,23,True,
gw-405833,444,480,0.925,0.07499999999999996,0.06052119755957437,0.9575413065881447,1.3396661932497549,111,111,24,True,
tacalcitol,437,480,0.9104166666666667,0.08958333333333335,0.06046122095911749,0.985194893213499,1.32793193136348,110,110,24,True,
azd2461,451,480,0.9395833333333333,0.060416666666666674,0.060382176206974524,0.8850366776647764,1.27824139263861,113,113,24,True,
propoxycaine,395,480,0.8229166666666666,0.17708333333333337,0.0602833533201428,0.9284427861464954,1.19242623800511,99,99,24,True,
ky02111,415,480,0.8645833333333334,0.13541666666666663,0.06004352397378696,1.391237639984045,1.6848000640439351,104,104,24,True,
levocarnitine,396,480,0.825,0.17500000000000004,0.06004173006273501,1.2356536980896249,1.5183185039295224,99,99,24,True,
cariporide,452,480,0.9416666666666667,0.05833333333333335,0.05993605437148633,0.8210103812533498,0.9131520623646845,113,113,24,True,
deflazacort,438,480,0.9125,0.08750000000000002,0.05976995196827813,0.8284468422378043,1.0431706035128876,110,110,24,True,
cx-4945,390,480,0.8125,0.1875,0.0597598756624611,0.8800251231059768,1.2558754749050125,98,98,24,True,
artesunate,439,480,0.9145833333333333,0.0854166666666667,0.05963309841634541,0.948080558846653,1.338301013952685,110,110,24,True,
nutlin-3,440,480,0.9166666666666666,0.08333333333333337,0.05954575635104497,0.94666947441924,1.363482407810735,110,110,24,True,
dirithromycin,430,480,0.8958333333333334,0.10416666666666663,0.05938381521269137,1.2086327192920525,1.469452261113305,108,108,23,True,
nadide,396,480,0.825,0.17500000000000004,0.05923590510767111,0.9413980188821268,1.2719525030876748,99,99,24,True,
bekanamycin,450,480,0.9375,0.0625,0.0590393145586758,0.9804960681132837,1.3562836693737375,113,113,24,True,
adl5859,418,480,0.8708333333333333,0.12916666666666665,0.05902896471914556,1.1659861188347276,1.4631387858055125,105,105,23,True,
quinethazone,386,480,0.8041666666666667,0.1958333333333333,0.05900756296471087,1.3016405762781351,1.5791907856433176,97,97,23,True,
gsk-3-inhibitor-ix,449,480,0.9354166666666667,0.06458333333333333,0.058997269723526036,0.885867661133758,1.18311661862637,113,113,24,True,
pranidipine,444,480,0.925,0.07499999999999996,0.058993420245773726,1.012736990750003,1.4253565037043776,111,111,24,True,
cgs-15943,476,480,0.9916666666666667,0.008333333333333304,0.05898937512769891,0.9301365250272771,1.2683181463130124,119,119,24,True,
tetrahydrouridine,450,480,0.9375,0.0625,0.05866316591901494,0.976717826819935,1.36989342185602,113,113,24,True,
clopamide,433,480,0.9020833333333333,0.09791666666666665,0.05858761950065351,0.906668309326077,1.30501416301731,109,109,24,True,
lonafarnib,462,480,0.9625,0.03749999999999998,0.05849405227762161,0.7787349460647915,0.9248528113782699,116,116,24,True,
amg900,457,480,0.9520833333333333,0.04791666666666672,0.0584426169256073,0.513543979761418,0.781158967983791,115,115,24,True,
pd-184352,459,480,0.95625,0.043749999999999956,0.05824190167729433,0.864458254911025,1.22303130091042,115,115,24,True,
ly364947,399,480,0.83125,0.16874999999999996,0.05807309977915234,1.2348487525524798,1.536632600893875,100,100,24,True,
s26948,410,480,0.8541666666666666,0.14583333333333337,0.05803284524880428,1.222136999231075,1.51407502117898,103,103,24,True,
foscarnet,441,480,0.91875,0.08125000000000004,0.058028794004840005,0.896671894707737,1.22574829457107,111,111,24,True,
sb-218795,433,480,0.9020833333333333,0.09791666666666665,0.057671535120711166,0.860932753534735,0.9451444381776,109,109,24,True,
carmustine,449,480,0.9354166666666667,0.06458333333333333,0.0575812304977675,1.04957754128386,1.38101705848446,113,113,24,True,
torcetrapib,422,480,0.8791666666666667,0.12083333333333335,0.05746018636858646,1.26581522030876,1.55533886049444,106,106,23,True,
cebranopadol,437,480,0.9104166666666667,0.08958333333333335,0.05732770016675743,1.14824593890364,1.42799559947336,110,110,24,True,
pd-173074,436,480,0.9083333333333333,0.09166666666666667,0.05731861406004773,0.8842437317703689,1.177428277157105,109,109,24,True,
nintedanib,451,480,0.9395833333333333,0.060416666666666674,0.05730719787411469,0.948931886328683,1.3516163119912399,113,113,24,True,
pd-0325901,462,480,0.9625,0.03749999999999998,0.05730305064145465,0.5737505822883525,0.8303643262146383,116,116,24,True,
balapiravir,453,480,0.94375,0.05625000000000002,0.05717451128507963,0.854725619858104,1.16833145064342,114,114,24,True,
1-azakenpaullone,451,480,0.9395833333333333,0.060416666666666674,0.05711692199567329,0.8663461982632845,1.2188193610820548,113,113,24,True,
nvp-bvu972,450,480,0.9375,0.0625,0.0569130196471273,0.989122047143658,1.38531812746892,113,113,24,True,
4-pyrimidinecarbonitrile,454,480,0.9458333333333333,0.054166666666666696,0.056822649605460074,0.9568296204071507,1.3261710877803625,114,114,24,True,
vu0361737,443,480,0.9229166666666667,0.07708333333333328,0.056817101538156334,0.9585157505326944,1.34156884955769,111,111,24,True,
u-18666a,458,480,0.9541666666666667,0.04583333333333328,0.05679022235735227,0.9135344246987931,1.288983770941245,115,115,24,True,
pac-1,454,480,0.9458333333333333,0.054166666666666696,0.05666959695499976,0.9334318978478411,1.3261269731683776,114,114,24,True,
bi-d1870,442,480,0.9208333333333333,0.07916666666666672,0.056588779211802255,0.9787268424030298,1.3609259815031725,111,111,24,True,
ciprofibrate,410,480,0.8541666666666666,0.14583333333333337,0.05636686276177673,0.8706739633535374,0.9468376215752975,103,103,24,True,
4-methylgenistein,424,480,0.8833333333333333,0.1166666666666667,0.05625009994954041,1.1557938140756525,1.45218192226565,106,106,24,True,
wz-4002,448,480,0.9333333333333333,0.06666666666666665,0.056073288853354525,0.9141434996482112,1.2878497201763925,112,112,24,True,
leucovorin,386,480,0.8041666666666667,0.1958333333333333,0.05595658384695947,1.2318460904019575,1.5018776524451125,97,97,24,True,
combretastatin-a-4,474,480,0.9875,0.012499999999999956,0.055625297956378376,0.4526977843895955,0.666195981035136,119,119,24,True,
caffeic-acid-phenethyl-ester,432,480,0.9,0.09999999999999998,0.05559011096834527,1.0891148745204975,1.4033773867179624,108,108,24,True,
azd9668,445,480,0.9270833333333334,0.07291666666666663,0.05554765289574329,0.889294491305613,1.1285005415383,112,112,24,True,
fg-4592,424,480,0.8833333333333333,0.1166666666666667,0.055486500598055294,0.9633276603193522,1.2935810963389325,106,106,24,True,
cnx-774,449,480,0.9354166666666667,0.06458333333333333,0.0553646455741837,0.873635099308266,1.02194159801036,113,113,24,True,
azathioprine,447,480,0.93125,0.06874999999999998,0.055099472874232336,0.894394838190376,1.26691848668299,112,112,24,True,
trimebutine,434,480,0.9041666666666667,0.09583333333333333,0.05503090345574609,0.8745500591759305,1.18240036318461,109,109,24,True,
eprobemide,400,480,0.8333333333333334,0.16666666666666663,0.05476250628249842,0.9121296104418253,1.2547323142386826,100,100,24,True,
"hydroxytacrine-maleate-(r,s)",438,480,0.9125,0.08750000000000002,0.05474601010082434,0.967331709351459,1.3414322919351676,110,110,24,True,
ly2090314,457,480,0.9520833333333333,0.04791666666666672,0.0546603326597868,0.669667636652203,0.896524757939524,115,115,24,True,
carboplatin,445,480,0.9270833333333334,0.07291666666666663,0.05457895509559626,0.919997257951385,1.28422891381271,112,112,24,True,
oxazepam,406,480,0.8458333333333333,0.15416666666666667,0.05442900348286054,0.8490752933562182,1.0706310337487075,102,102,24,True,
g-1,454,480,0.9458333333333333,0.054166666666666696,0.05442607428178831,0.8455936927831752,0.9776432096708763,114,114,24,True,
acipimox,449,480,0.9354166666666667,0.06458333333333333,0.05440975759716913,0.895886289711499,1.19404603229518,113,113,24,True,
bosentan,425,480,0.8854166666666666,0.11458333333333337,0.05433225593678721,0.902266332079372,1.25930386790174,107,107,24,True,
amg-232,438,480,0.9125,0.08750000000000002,0.05428479015765711,0.8420348186570297,1.207791855213735,110,110,24,True,
nemonapride,398,480,0.8291666666666667,0.17083333333333328,0.05427615690920156,1.1438832425504,1.4233186462246201,100,100,24,True,
sb-525334,395,480,0.8229166666666666,0.17708333333333337,0.05426427829092624,0.9167667238537756,1.2164125077004049,99,99,24,True,
norgestrel,416,480,0.8666666666666667,0.1333333333333333,0.0539025822778513,0.9962431183135617,1.3434546006801176,104,104,24,True,
midodrine,426,480,0.8875,0.11250000000000004,0.05387352159680538,0.8488679748226605,1.2194362465077475,107,107,24,True,
jnj-16259685,390,480,0.8125,0.1875,0.05386506581686914,1.2728331918655926,1.5356465470338025,98,98,24,True,
vs-4718,451,480,0.9395833333333333,0.060416666666666674,0.05369569278264056,0.871817613120685,1.0921423273777502,113,113,24,True,
latanoprost,413,480,0.8604166666666667,0.13958333333333328,0.053694648064049964,0.966563824879913,1.3260503751565,104,104,23,True,
pf-4981517,443,480,0.9229166666666667,0.07708333333333328,0.0532568201373959,0.883818204632001,1.24185792782602,111,111,24,True,
fluroxene,443,480,0.9229166666666667,0.07708333333333328,0.05319299634457767,0.964304470294315,1.3423704357512452,111,111,24,True,
dihydromyricetin,458,480,0.9541666666666667,0.04583333333333328,0.05312623370734327,0.8450830726923182,1.0636088608807324,115,115,24,True,
bendroflumethiazide,398,480,0.8291666666666667,0.17083333333333328,0.0529907207756124,1.2475652259032075,1.499822393278055,100,100,24,True,
riociguat,398,480,0.8291666666666667,0.17083333333333328,0.052990279956621394,0.9736449890023533,1.2811284599728825,100,100,24,True,
busulfan,404,480,0.8416666666666667,0.15833333333333333,0.05290257480804248,0.8552253368181227,1.0396756584102476,101,101,23,True,
phenelzine,392,480,0.8166666666666667,0.18333333333333335,0.05288258797914099,1.1461889590987826,1.4117999651572075,98,98,24,True,
pf-3845,431,480,0.8979166666666667,0.1020833333333333,0.05288003256710917,1.1449077880615501,1.428379626989115,108,108,24,True,
metronidazole,429,480,0.89375,0.10624999999999996,0.05286047917661646,1.18044313869648,1.42417739344883,108,108,24,True,
e7449,461,480,0.9604166666666667,0.039583333333333304,0.052357831884421606,0.843822540620925,0.934241176137218,116,116,24,True,
nafcillin,392,480,0.8166666666666667,0.18333333333333335,0.0522602000184597,1.0789403198090175,1.36705550193029,98,98,24,True,
tecastemizole,424,480,0.8833333333333333,0.1166666666666667,0.052254587904893054,1.0639588835748826,1.3251017095063775,106,106,24,True,
vincamine,454,480,0.9458333333333333,0.054166666666666696,0.05185418503695092,0.8996738984436418,1.233373072684915,114,114,24,True,
cep-32496,437,480,0.9104166666666667,0.08958333333333335,0.05146970426855979,0.885974412939872,1.20675422456238,110,110,23,True,
ly303511,427,480,0.8895833333333333,0.11041666666666672,0.05146791242200586,1.1433377794808899,1.4036920790900749,107,107,23,True,
ro-4987655,465,480,0.96875,0.03125,0.05134717239445111,0.534863991407726,0.797508390002788,117,117,24,True,
gsk461364,467,480,0.9729166666666667,0.027083333333333348,0.05127882453637449,0.55028456375054,0.7012617878781899,117,117,24,True,
epinephrine,397,480,0.8270833333333333,0.17291666666666672,0.051271401727531064,0.869961224468711,0.996986991042544,100,100,24,True,
ajmaline,410,480,0.8541666666666666,0.14583333333333337,0.05124406525459297,0.9277711219513195,1.1845492592420048,103,103,24,True,
ketoprofen,434,480,0.9041666666666667,0.09583333333333333,0.051210938548048396,0.8964858143158048,1.1263299421732624,109,109,24,True,
idra-21,396,480,0.825,0.17500000000000004,0.05112833711484372,0.9207473364725127,1.0169679962264575,99,99,24,True,
pd-153035,443,480,0.9229166666666667,0.07708333333333328,0.05110410747616367,0.832282349437627,1.110123356555945,111,111,24,True,
securinine,443,480,0.9229166666666667,0.07708333333333328,0.05110160514382267,1.0957375068448951,1.421415670551855,111,111,24,True,
telatinib,453,480,0.94375,0.05625000000000002,0.05096812496130277,0.91530738044598,1.30293121452007,114,114,24,True,
sclareol,431,480,0.8979166666666667,0.1020833333333333,0.050849973871850834,1.1663273606026552,1.424151869910335,108,108,24,True,
colforsin-daproate,413,480,0.8604166666666667,0.13958333333333328,0.05074136372117006,1.14329290560621,1.40316609252532,104,104,24,True,
deferasirox,447,480,0.93125,0.06874999999999998,0.05072455539091082,0.930567550821679,1.25483573225416,112,112,24,True,
mk-0812,443,480,0.9229166666666667,0.07708333333333328,0.050670409983993525,1.123662533782465,1.376032316943915,111,111,23,True,
phenylbutazone,402,480,0.8375,0.16249999999999998,0.05066316765751562,0.8983293137849683,1.10098022020405,101,101,24,True,
captamine,450,480,0.9375,0.0625,0.05062400060365696,0.8626330555121677,1.1089382824512675,113,113,24,True,
lomitapide,414,480,0.8625,0.13749999999999996,0.05049672730944065,0.9594708314191642,1.3207139475686525,104,104,24,True,
octopamine,419,480,0.8729166666666667,0.12708333333333333,0.050492131642434664,1.234136236694835,1.53672098857268,105,105,24,True,
costunolide,435,480,0.90625,0.09375,0.050407740912889326,0.95400946652371,1.33582344780557,109,109,24,True,
bibu-1361,460,480,0.9583333333333334,0.04166666666666663,0.04997089386212085,0.8532066593502018,1.165358591221655,115,115,24,True,
triamcinolone,426,480,0.8875,0.11250000000000004,0.04969625397839143,0.9271741259517713,1.237702951048865,107,107,24,True,
tioxolone,447,480,0.93125,0.06874999999999998,0.04967609147663641,0.9363602852702415,1.25714184960411,112,112,24,True,
repsox,463,480,0.9645833333333333,0.03541666666666665,0.04965841065798304,0.8255351551987831,1.0853835365232651,116,116,24,True,
isofloxythepin,443,480,0.9229166666666667,0.07708333333333328,0.049632836401327554,0.9159379429936485,0.9980935242127116,111,111,23,True,
mibefradil,428,480,0.8916666666666667,0.10833333333333328,0.049580352554579085,0.9446983039832882,1.2776787903348499,107,107,24,True,
smi-4a,439,480,0.9145833333333333,0.0854166666666667,0.04957184919990815,0.937432391885721,1.29659632579085,110,110,24,True,
morin,385,480,0.8020833333333334,0.19791666666666663,0.049514207602302324,1.2696621125795,1.53456244805162,97,97,24,True,
ramatroban,433,480,0.9020833333333333,0.09791666666666665,0.049510755562145604,0.926101380521731,1.26904655782587,109,109,24,True,
azd5363,462,480,0.9625,0.03749999999999998,0.04936510828386194,0.8544724648772525,0.9920051676267096,116,116,24,True,
skepinone-l,438,480,0.9125,0.08750000000000002,0.049332211670082164,0.9950854709060197,1.3900679417226876,110,110,23,True,
masitinib,418,480,0.8708333333333333,0.12916666666666665,0.0493242715408807,1.2283316986987627,1.4541543328960649,105,105,24,True,
usniacin-(+),438,480,0.9125,0.08750000000000002,0.049220004689904055,0.999265361383246,1.343942789457805,110,110,24,True,
ap1903,384,480,0.8,0.19999999999999996,0.04916300575470813,0.8833726396113011,1.220867900726325,96,96,23,True,
poziotinib,476,480,0.9916666666666667,0.008333333333333304,0.049154612293100294,0.6808077983908496,0.9474683201545063,119,119,24,True,
torasemide,425,480,0.8854166666666666,0.11458333333333337,0.049055045088283254,0.924362415141333,1.28484124989509,107,107,24,True,
barasertib-hqpa,448,480,0.9333333333333333,0.06666666666666665,0.04898474292882764,0.6826154894480975,0.8750601846017583,112,112,24,True,
yo-01027,421,480,0.8770833333333333,0.12291666666666667,0.048861431832410235,1.00038163029056,1.25292339454256,106,106,24,True,
caffeic-acid,433,480,0.9020833333333333,0.09791666666666665,0.048857725268017044,1.08069319303554,1.36861233847096,109,109,24,True,
sb-200646,452,480,0.9416666666666667,0.05833333333333335,0.048721977021528744,0.86034625206895,1.002124638094615,113,113,24,True,
pibenzimol,455,480,0.9479166666666666,0.05208333333333337,0.04870694932229464,0.9550423534594314,1.2989637742238251,114,114,23,True,
tiludronate,400,480,0.8333333333333334,0.16666666666666663,0.04870228547000606,0.9448734212494195,1.241719927727135,100,100,24,True,
terfenadine,405,480,0.84375,0.15625,0.04837258322091578,0.90435884741827,0.959295647262131,102,102,24,True,
everolimus,463,480,0.9645833333333333,0.03541666666666665,0.0480312453171642,0.703497914718648,0.9540387012033174,116,116,24,True,
k-ras(g12c)-inhibitor-6,456,480,0.95,0.050000000000000044,0.048010505156934676,0.9468671869965612,1.2439194313408999,114,114,24,True,
erythritol,436,480,0.9083333333333333,0.09166666666666667,0.047945780925098935,0.9701001352744525,1.300828505091785,109,109,24,True,
ercalcitriol,443,480,0.9229166666666667,0.07708333333333328,0.04788115142167687,0.8575806772456556,1.126902587533995,111,111,24,True,
cs-110266,422,480,0.8791666666666667,0.12083333333333335,0.047853548255954344,1.2469154227365775,1.454198070060885,106,106,24,True,
tetrahydropapaverine,442,480,0.9208333333333333,0.07916666666666672,0.047661888247853855,0.9569107688905507,1.2991526255993426,111,111,24,True,
pf-04217903,439,480,0.9145833333333333,0.0854166666666667,0.047599560152356155,1.0477756004358,1.30942841753773,110,110,23,True,
terbutaline,423,480,0.88125,0.11875000000000002,0.047580229482178285,0.9279039829168905,1.205784047897025,106,106,24,True,
zolmitriptan,443,480,0.9229166666666667,0.07708333333333328,0.04730045434671864,0.8991569007901306,1.246436986137255,111,111,24,True,
alisertib,474,480,0.9875,0.012499999999999956,0.04720874072986952,0.6445069384526747,0.8344892893608985,119,119,24,True,
4-(4-fluorobenzoyl)-1-(4-phenylbutyl)-piperidine,455,480,0.9479166666666666,0.05208333333333337,0.047105719002280055,0.947557227570186,1.28664239390098,114,114,24,True,
taurine,385,480,0.8020833333333334,0.19791666666666663,0.047088458638428476,1.09388217523294,1.37582743174469,97,97,24,True,
gsk1838705a,421,480,0.8770833333333333,0.12291666666666667,0.04681455851521759,0.885999391653428,1.18349810596519,106,106,24,True,
bms-345541,456,480,0.95,0.050000000000000044,0.04681334774230098,0.8217468567244071,0.8973216627440362,114,114,24,True,
flumatinib,440,480,0.9166666666666666,0.08333333333333337,0.046453845924347745,1.029345799985185,1.329752691301015,110,110,24,True,
gastrodin,457,480,0.9520833333333333,0.04791666666666672,0.04634102026858297,0.832145786632714,0.913826612482459,115,115,24,True,
maprotiline,400,480,0.8333333333333334,0.16666666666666663,0.04630154356170465,1.1062203222426275,1.3711029768597276,100,100,24,True,
metoxibutropate,400,480,0.8333333333333334,0.16666666666666663,0.04628756705409872,1.2800509164490426,1.538148352686595,100,100,24,True,
vx-702,449,480,0.9354166666666667,0.06458333333333333,0.04626341880805779,0.96445055489271,1.27175050111027,113,113,24,True,
nefiracetam,428,480,0.8916666666666667,0.10833333333333328,0.04619693003490535,0.9941349860981638,1.31856143559683,107,107,24,True,
salvinorin-a,443,480,0.9229166666666667,0.07708333333333328,0.04616540190728456,0.9384219942807355,1.2385004218717999,111,111,24,True,
satraplatin,456,480,0.95,0.050000000000000044,0.045892037709083434,0.8567160244331573,0.9998177950357252,114,114,24,True,
candesartan,392,480,0.8166666666666667,0.18333333333333335,0.04584951270494086,1.1746313042549976,1.4403647467724725,98,98,24,True,
trans-4-hydroxycrotonic-acid,421,480,0.8770833333333333,0.12291666666666667,0.04567280032083911,1.16551825969134,1.42562691224132,106,106,24,True,
olda,384,480,0.8,0.19999999999999996,0.04560291743089941,0.9684669067215118,1.2872418258630625,96,96,24,True,
sevoflurane,460,480,0.9583333333333334,0.04166666666666663,0.04556107280621769,0.860896089021938,0.9684194806622435,115,115,24,True,
cefdinir,451,480,0.9395833333333333,0.060416666666666674,0.045531698192370906,1.18596999191303,1.4437105976100102,113,113,24,True,
ap26113,450,480,0.9375,0.0625,0.04549251983040878,0.83723262014735,0.9401808810677346,113,113,24,True,
rg108,424,480,0.8833333333333333,0.1166666666666667,0.04546704567769876,1.29380632450479,1.5485147905701324,106,106,24,True,
azd8330,468,480,0.975,0.025000000000000022,0.04538366268789408,0.3828142949375952,0.6714723805253048,117,117,24,True,
mephenytoin,385,480,0.8020833333333334,0.19791666666666663,0.04511732130785202,0.960119784298342,1.29240181114588,97,97,24,True,
baicalein,441,480,0.91875,0.08125000000000004,0.04508485435090435,0.966388203577902,1.32521919635993,111,111,23,True,
hyodeoxycholic-acid,429,480,0.89375,0.10624999999999996,0.04482348118243745,0.964987649784558,1.30189983678004,108,108,23,True,
arcyriaflavin-a,453,480,0.94375,0.05625000000000002,0.044676749774796694,0.89480413986229,1.19789177002195,114,114,24,True,
aee788,442,480,0.9208333333333333,0.07916666666666672,0.04461799759739353,0.874488431201762,1.21998166247833,111,111,24,True,
ecamsule-triethanolamine,407,480,0.8479166666666667,0.15208333333333335,0.044454380814884314,0.875805142210617,1.1093174920718,102,102,24,True,
ym-201636,454,480,0.9458333333333333,0.054166666666666696,0.044344336376159706,0.874062641013452,0.9767295141019092,114,114,24,True,
acdpp,384,480,0.8,0.19999999999999996,0.044320719748480064,0.9213929036354502,1.179714374081045,96,96,24,True,
deforolimus,470,480,0.9791666666666666,0.02083333333333337,0.044309221909133646,0.49421075903679546,0.71531348002872,118,118,24,True,
nonoxynol-9,466,480,0.9708333333333333,0.029166666666666674,0.04422960980588585,0.8410036436302453,0.9405667402686673,117,117,24,True,
pindolol,424,480,0.8833333333333333,0.1166666666666667,0.04414142962839002,0.9598636312900153,1.30337656428408,106,106,24,True,
trolox,391,480,0.8145833333333333,0.18541666666666667,0.04410507455533054,1.1648265985669348,1.4060498719022,98,98,24,True,
aspirin,412,480,0.8583333333333333,0.14166666666666672,0.04406952277900939,0.9083053868531005,1.13774946596261,103,103,24,True,
cisplatin,447,480,0.93125,0.06874999999999998,0.04404521257739615,0.9329463188553511,0.9980969586728761,112,112,24,True,
gw-842166,452,480,0.9416666666666667,0.05833333333333335,0.04401772432536464,0.9358466948883035,1.2478434079326175,113,113,24,True,
ornithine,421,480,0.8770833333333333,0.12291666666666667,0.043999889600691656,1.12662865713218,1.38207961922863,106,106,24,True,
du-728,429,480,0.89375,0.10624999999999996,0.04398196296641866,0.963705226689062,1.31802192587183,108,108,24,True,
terconazole,384,480,0.8,0.19999999999999996,0.04388305839791386,1.1818695079556525,1.42271914546116,96,96,24,True,
7-nitroindazole,413,480,0.8604166666666667,0.13958333333333328,0.043849190543639296,1.13063805522591,1.39043277163314,104,104,23,True,
bms-599626,430,480,0.8958333333333334,0.10416666666666663,0.0437917207723908,0.9665961693256895,1.2970024737172876,108,108,24,True,
racecadotril,424,480,0.8833333333333333,0.1166666666666667,0.04374942014356224,0.9675023567833643,1.2951343767015775,106,106,24,True,
danazol,435,480,0.90625,0.09375,0.04371731746332833,0.952393726735868,1.25538700691833,109,109,24,True,
dabrafenib,473,480,0.9854166666666667,0.014583333333333282,0.04370888985855913,0.875051872774563,1.057347820085984,119,119,24,True,
letrozole,431,480,0.8979166666666667,0.1020833333333333,0.043569601109843654,1.15066337438165,1.39301212373331,108,108,24,True,
estradiol,404,480,0.8416666666666667,0.15833333333333333,0.043537305224241575,1.0714672455838423,1.332294401377255,101,101,23,True,
mpi-0479605,447,480,0.93125,0.06874999999999998,0.043518632254313586,0.4537591097053725,0.6597026952234974,112,112,24,True,
gw-3965,419,480,0.8729166666666667,0.12708333333333333,0.04344772676210878,1.10921257272488,1.3465828787361551,105,105,24,True,
ro-90-7501,451,480,0.9395833333333333,0.060416666666666674,0.04329921127369845,1.038671007007975,1.349354110992085,113,113,24,True,
pf-03814735,451,480,0.9395833333333333,0.060416666666666674,0.043256643118343326,0.748260610589227,0.8801731957766945,113,113,24,True,
suxibuzone,454,480,0.9458333333333333,0.054166666666666696,0.04320842918036554,0.8971505337843577,1.19932083862079,114,114,24,True,
fenofibrate,445,480,0.9270833333333334,0.07291666666666663,0.04314873388768367,1.10749700282865,1.33940705088354,112,112,23,True,
difluprednate,463,480,0.9645833333333333,0.03541666666666665,0.04296522664742063,0.756483333058154,0.8856197219753754,116,116,24,True,
oxymetazoline,437,480,0.9104166666666667,0.08958333333333335,0.042961689300679916,1.00625361925115,1.32643063341129,110,110,24,True,
benfotiamine,396,480,0.825,0.17500000000000004,0.04266541113077594,1.2430908540150374,1.4880679973044275,99,99,24,True,
orotic-acid,424,480,0.8833333333333333,0.1166666666666667,0.04260449389534647,0.9199941804162788,1.21730592427644,106,106,24,True,
clotrimazole,451,480,0.9395833333333333,0.060416666666666674,0.04257481680365089,1.097553135735865,1.338307322606925,113,113,24,True,
rutin,466,480,0.9708333333333333,0.029166666666666674,0.04252267225615241,0.8022052416165469,0.9583909850207469,117,117,24,True,
melphalan,461,480,0.9604166666666667,0.039583333333333304,0.04246196770581591,0.869373658512529,0.993709104058103,116,116,24,True,
domiphen,439,480,0.9145833333333333,0.0854166666666667,0.0424300686221747,0.8595414084639665,0.9208825362595314,110,110,24,True,
taltirelin,427,480,0.8895833333333333,0.11041666666666672,0.042332952994012,0.9025025295031714,1.2029509432330001,107,107,24,True,
trometamol,400,480,0.8333333333333334,0.16666666666666663,0.04224180262346931,1.2527775993421175,1.4780165135613574,100,100,23,True,
ginkgolide-a,456,480,0.95,0.050000000000000044,0.04192336466658673,0.8945248416937586,1.167263408067345,114,114,24,True,
piperazine,407,480,0.8479166666666667,0.15208333333333335,0.041922093754100886,0.9419726232665211,1.156069127099955,102,102,24,True,
riluzole,407,480,0.8479166666666667,0.15208333333333335,0.04190796685159874,0.9315142535657475,1.203051703224435,102,102,24,True,
rgfp966,387,480,0.80625,0.19374999999999998,0.04187106740983869,1.011506060583075,1.30075823213832,97,97,24,True,
tropisetron,413,480,0.8604166666666667,0.13958333333333328,0.04186692656827484,0.959267314288367,1.28668126776701,104,104,24,True,
oxcarbazepine,414,480,0.8625,0.13749999999999996,0.04177471368188391,1.23309804848556,1.4607027360564,104,104,24,True,
sulfamethazine,403,480,0.8395833333333333,0.16041666666666665,0.04160328112264863,1.243740549170585,1.50566190050166,101,101,23,True,
eltrombopag,460,480,0.9583333333333334,0.04166666666666663,0.04148075104213212,0.8560921697149982,1.11397618930933,115,115,24,True,
abiraterone,411,480,0.85625,0.14375000000000004,0.04145593383916874,1.267048096328445,1.47331935505165,103,103,23,True,
dehydrocholate-acid,408,480,0.85,0.15000000000000002,0.041441342187506315,1.2397464390246775,1.4724088394063701,102,102,24,True,
palbociclib,473,480,0.9854166666666667,0.014583333333333282,0.041412424342658065,0.848671141542692,1.0339307466524899,119,119,24,True,
warfarin,425,480,0.8854166666666666,0.11458333333333337,0.041408373403696803,0.930636028128189,1.25169464473026,107,107,24,True,
frentizole,467,480,0.9729166666666667,0.027083333333333348,0.04130446527263085,0.7701315577651175,0.8647419051999035,117,117,24,True,
ambazone,426,480,0.8875,0.11250000000000004,0.041297426901662014,0.9574789142252845,1.2802061830713851,107,107,24,True,
raclopride,443,480,0.9229166666666667,0.07708333333333328,0.04129408749801017,0.894021694271063,1.2330835615762599,111,111,24,True,
ammonium-lactate,431,480,0.8979166666666667,0.1020833333333333,0.0412798425873162,1.1611503418933151,1.4040239903018499,108,108,24,True,
tak-285,460,480,0.9583333333333334,0.04166666666666663,0.04115839897220262,0.830687483524086,0.9235450702234282,115,115,24,True,
d-4476,412,480,0.8583333333333333,0.14166666666666672,0.04093116590703015,1.1586896413341325,1.40057315825283,103,103,24,True,
ri-1,425,480,0.8854166666666666,0.11458333333333337,0.04086986162995956,1.08445061863129,1.33554887887714,107,107,24,True,
halofantrine,459,480,0.95625,0.043749999999999956,0.04078093612798519,0.9337302870370066,1.228772175810255,115,115,24,True,
epiandrosterone,429,480,0.89375,0.10624999999999996,0.040717365321438714,1.13385542023473,1.36008258383471,108,108,24,True,
paliperidone,452,480,0.9416666666666667,0.05833333333333335,0.04066897629086348,0.9219773337689547,1.2420397406834252,113,113,24,True,
buthionine-sulfoximine,421,480,0.8770833333333333,0.12291666666666667,0.040652008719492795,1.16927225429576,1.39280994002203,106,106,24,True,
mk-8245,461,480,0.9604166666666667,0.039583333333333304,0.04048841429732921,0.825037023428943,0.913086491823682,116,116,24,True,
litronesib,473,480,0.9854166666666667,0.014583333333333282,0.040361917640657975,0.4567396676680752,0.784095110138272,119,119,24,True,
nilotinib,445,480,0.9270833333333334,0.07291666666666663,0.040069190994729706,0.904636393142273,0.992791540735899,112,112,23,True,
uk-383367,454,480,0.9458333333333333,0.054166666666666696,0.04006823050974667,0.8568296349542506,1.1215429828631425,114,114,24,True,
afobazole,455,480,0.9479166666666666,0.05208333333333337,0.039850497519645804,0.9839896231158736,1.2937252358908249,114,114,24,True,
almorexant,439,480,0.9145833333333333,0.0854166666666667,0.039650303631474426,1.203789589641165,1.4259588298296801,110,110,24,True,
azodicarbonamide,442,480,0.9208333333333333,0.07916666666666672,0.03954996535275583,1.0920343874051248,1.3361131172258,111,111,24,True,
pomalidomide,414,480,0.8625,0.13749999999999996,0.03920847739657306,1.3061381541294024,1.5363639132374125,104,104,24,True,
cobicistat,443,480,0.9229166666666667,0.07708333333333328,0.03920234748297453,0.9387623308876241,1.1767043627422051,111,111,24,True,
uridine,429,480,0.89375,0.10624999999999996,0.039181426217827685,1.08302635374559,1.33123218745188,108,108,24,True,
trametinib,478,480,0.9958333333333333,0.004166666666666652,0.039162946051159275,0.6314959085526264,0.9067181047016498,120,120,24,True,
chlorpropamide,429,480,0.89375,0.10624999999999996,0.039013684482143506,0.915024341249422,1.17698851086017,108,108,24,True,
saxagliptin,452,480,0.9416666666666667,0.05833333333333335,0.03899153834016612,0.84964758348132,1.119269449048665,113,113,24,True,
ftorafur,448,480,0.9333333333333333,0.06666666666666665,0.038978438004022994,0.9870375395981498,1.2824697898612074,112,112,24,True,
nelarabine,412,480,0.8583333333333333,0.14166666666666672,0.03889677007815056,1.3138166763635923,1.55772717793372,103,103,24,True,
picolinic-acid,432,480,0.9,0.09999999999999998,0.03888555571373303,0.9964202763997719,1.300975616125025,108,108,23,True,
chlorogenic-acid,462,480,0.9625,0.03749999999999998,0.03888442602692279,0.8768000951484325,1.1442836928319176,116,116,24,True,
palomid-529,421,480,0.8770833333333333,0.12291666666666667,0.03883648153671986,1.04396590996121,1.30247020285776,106,106,24,True,
cabozantinib,450,480,0.9375,0.0625,0.03882792218570912,0.8803921736405165,1.1394074156747676,113,113,24,True,
tandutinib,423,480,0.88125,0.11875000000000002,0.038773963893366556,1.0065756387237599,1.306891425866395,106,106,24,True,
apatinib,447,480,0.93125,0.06874999999999998,0.03872522311474404,0.91172891242283,1.17330829144221,112,112,23,True,
riboflavin,418,480,0.8708333333333333,0.12916666666666665,0.038664100579662214,1.2201660375499626,1.450948321718485,105,105,24,True,
ve-821,462,480,0.9625,0.03749999999999998,0.03866405988796445,0.9064352189950284,1.2077857967566525,116,116,24,True,
maxacalcitol,424,480,0.8833333333333333,0.1166666666666667,0.0385504196487364,0.9049941920683208,1.1823185922113175,106,106,24,True,
xylazine,425,480,0.8854166666666666,0.11458333333333337,0.03854415654219747,1.24194333245229,1.47214471371271,107,107,23,True,
zk-93423,466,480,0.9708333333333333,0.029166666666666674,0.03838261190652235,0.8078210998006943,0.8923006146853325,117,117,24,True,
flutamide,438,480,0.9125,0.08750000000000002,0.03838191526436393,1.07511830650999,1.311199365728255,110,110,24,True,
diaveridine,438,480,0.9125,0.08750000000000002,0.03834638933037502,1.1080385465169775,1.346415288672115,110,110,24,True,
bay-k-8644-(s)-(-),418,480,0.8708333333333333,0.12916666666666665,0.03828318574629708,1.1667500742093424,1.3919663529059674,105,105,24,True,
cct128930,456,480,0.95,0.050000000000000044,0.038233306652066486,0.9079085608421348,1.205863544701,114,114,24,True,
4-hydroxy-phenazone,419,480,0.8729166666666667,0.12708333333333333,0.03818347265197396,1.056502251148415,1.2751518447696548,105,105,24,True,
salidroside,426,480,0.8875,0.11250000000000004,0.03815840383796851,1.1909269924383425,1.4037519538693974,107,107,24,True,
ban-orl-24,410,480,0.8541666666666666,0.14583333333333337,0.03802941689808927,1.3350938584107326,1.5699661940233676,103,103,23,True,
erteberel,448,480,0.9333333333333333,0.06666666666666665,0.03799977493845627,0.918851050632814,1.2142614689988875,112,112,24,True,
fulvestrant,384,480,0.8,0.19999999999999996,0.037987702223578855,1.0743766392811276,1.3288216362170575,96,96,24,True,
indoprofen,458,480,0.9541666666666667,0.04583333333333328,0.037785843771890676,0.8014115144767845,0.8799614119544388,115,115,24,True,
chlorpyrifos,429,480,0.89375,0.10624999999999996,0.0377846110156729,0.939434982244963,1.19795425677705,108,108,24,True,
xbd173,431,480,0.8979166666666667,0.1020833333333333,0.03770456737737415,0.9096390565512285,1.2091539188545002,108,108,24,True,
nan-190,407,480,0.8479166666666667,0.15208333333333335,0.037679871989800905,1.15677807952183,1.366203433728715,102,102,24,True,
iowh032,441,480,0.91875,0.08125000000000004,0.03758300415811756,0.969667730446988,1.28800867749838,111,111,24,True,
sodium-tanshinone-ii-a-sulfonate,418,480,0.8708333333333333,0.12916666666666665,0.03755724139514026,1.2515118364553874,1.4901560008064152,105,105,24,True,
beta-naphthol,410,480,0.8541666666666666,0.14583333333333337,0.037554575209027184,0.937517152279595,1.2101500136452574,103,103,24,True,
diazooxonorleucine,442,480,0.9208333333333333,0.07916666666666672,0.03751512017920226,1.1043479323197873,1.32447249932978,111,111,24,True,
kw-2449,465,480,0.96875,0.03125,0.03744491067902172,0.798356931145087,0.888669229222989,117,117,24,True,
dienogest,453,480,0.94375,0.05625000000000002,0.0374330885582404,0.884422001678703,1.14007976112352,114,114,24,True,
petcm,444,480,0.925,0.07499999999999996,0.03738677340296985,0.9073085526104541,0.9945771146798384,111,111,24,True,
clenbuterol,416,480,0.8666666666666667,0.1333333333333333,0.03730220279273604,0.9516810522536517,1.219339456826155,104,104,24,True,
phenazone,393,480,0.81875,0.18125000000000002,0.0372250179695745,0.962902151864575,1.19976413067093,99,99,24,True,
alfacalcidol,454,480,0.9458333333333333,0.054166666666666696,0.03712899151192573,0.878340415750828,1.1103083863294774,114,114,24,True,
cgs-20625,444,480,0.925,0.07499999999999996,0.03706225046948827,0.9475058383548463,1.1872423708313824,111,111,24,True,
chlorquinaldol,452,480,0.9416666666666667,0.05833333333333335,0.03705632051457328,0.9104597348521113,1.14831117456784,113,113,24,True,
dmh1,443,480,0.9229166666666667,0.07708333333333328,0.037054025745793084,1.078853845071725,1.32562078543506,111,111,24,True,
ptc-209,455,480,0.9479166666666666,0.05208333333333337,0.03701070169735887,0.844778336753053,0.967569656339778,114,114,24,True,
zstk-474,463,480,0.9645833333333333,0.03541666666666665,0.037008770310867786,0.816101028081416,0.9081923353305645,116,116,24,True,
canrenone,439,480,0.9145833333333333,0.0854166666666667,0.03700453422749185,1.164214783874445,1.3979925509280648,110,110,23,True,
bi-2536,468,480,0.975,0.025000000000000022,0.036945574017893404,0.444405298585166,0.5929634259939582,117,117,24,True,
lorazepam,428,480,0.8916666666666667,0.10833333333333328,0.036893797861679935,0.9449822128049216,1.2470455853721074,107,107,24,True,
atipamezole,451,480,0.9395833333333333,0.060416666666666674,0.036781332184499506,0.9012200566009055,1.145189143827505,113,113,24,True,
formestane,422,480,0.8791666666666667,0.12083333333333335,0.036774710939502915,1.1419217092489276,1.36662846004754,106,106,24,True,
quinidine,417,480,0.86875,0.13124999999999998,0.03661958550073052,1.19434982430348,1.45213802925238,105,105,24,True,
uh-232-(+),429,480,0.89375,0.10624999999999996,0.03658463389734428,1.12233033234488,1.34891953795425,108,108,24,True,
acetazolamide,403,480,0.8395833333333333,0.16041666666666665,0.03642995679418834,1.138799476615665,1.370906493106935,101,101,23,True,
embelin,390,480,0.8125,0.1875,0.036414300090418135,0.896327375126842,1.0503577223865825,98,98,24,True,
cilostamide,450,480,0.9375,0.0625,0.0362371530211036,0.9143404917667542,1.1826055713117851,113,113,24,True,
abt-702,463,480,0.9645833333333333,0.03541666666666665,0.03621834016389315,0.8829438311522145,1.121358165957685,116,116,24,True,
ppt,440,480,0.9166666666666666,0.08333333333333337,0.036185126733214494,0.9002941614419168,0.9582484060644495,110,110,24,True,
dalcetrapib,410,480,0.8541666666666666,0.14583333333333337,0.03617926279294291,1.1447021561827926,1.3911576593080701,103,103,24,True,
radezolid,396,480,0.825,0.17500000000000004,0.03615529768919287,0.7929151660044402,0.9060840735073594,99,99,24,True,
lerisetron,447,480,0.93125,0.06874999999999998,0.03614596059752702,0.9664917791733825,1.2443967806649798,112,112,24,True,
butamben,436,480,0.9083333333333333,0.09166666666666667,0.03614357923792713,0.8860937780269262,1.1556069425450475,109,109,24,True,
methacycline,463,480,0.9645833333333333,0.03541666666666665,0.03613060415051112,0.8752327390841985,1.03047891411838,116,116,24,True,
tanaproget,464,480,0.9666666666666667,0.033333333333333326,0.03612898484356142,0.8409084380880313,0.9508833401128067,116,116,24,True,
nicotine,414,480,0.8625,0.13749999999999996,0.03612884865964435,1.0922914832083275,1.2977270548164777,104,104,24,True,
chicago-sky-blue-6b,420,480,0.875,0.125,0.036120317354330765,1.12623926509765,1.3577055502842226,105,105,24,True,
rki-1447,453,480,0.94375,0.05625000000000002,0.03611620828906623,0.87838526729543,1.12974202112859,114,114,24,True,
ly2603618,478,480,0.9958333333333333,0.004166666666666652,0.03607958781747822,0.8769401061201163,1.0982553943174087,120,120,24,True,
ethacridine-lactate-monohydrate,449,480,0.9354166666666667,0.06458333333333333,0.03598885364020656,0.859937763798623,0.974675710200949,113,113,24,True,
fr-122047,403,480,0.8395833333333333,0.16041666666666665,0.03591347832257062,1.13037676093336,1.34299170495604,101,101,24,True,
astemizole,436,480,0.9083333333333333,0.09166666666666667,0.03589533413985663,0.9732894034422143,1.2620298500235174,109,109,24,True,
gtp-14564,434,480,0.9041666666666667,0.09583333333333333,0.03589143903488938,0.9091843789228443,1.180490947828595,109,109,24,True,
chir-98014,430,480,0.8958333333333334,0.10416666666666663,0.035742401634249604,1.037543721055815,1.2827791247814924,108,108,24,True,
inh1,437,480,0.9104166666666667,0.08958333333333335,0.03545812151070914,1.11891294391348,1.32806268897278,110,110,24,True,
nvp-bhg712,436,480,0.9083333333333333,0.09166666666666667,0.03542763616609847,0.9181378957614472,1.101888401421995,109,109,23,True,
secnidazole,448,480,0.9333333333333333,0.06666666666666665,0.035407607738068454,0.9217627942000665,1.196394837856865,112,112,24,True,
cyclosporin-a,427,480,0.8895833333333333,0.11041666666666672,0.03536050947596994,0.9497730136803846,1.2107624098164749,107,107,24,True,
filanesib,463,480,0.9645833333333333,0.03541666666666665,0.035345261801512796,0.5737259207156205,0.7975485508348935,116,116,24,True,
bw-180c,404,480,0.8416666666666667,0.15833333333333333,0.03525631249419778,1.1195941497558402,1.3302239201987425,101,101,24,True,
ccmi,452,480,0.9416666666666667,0.05833333333333335,0.03521546028055853,0.9643890625274172,1.2759091731250776,113,113,24,True,
estrone,407,480,0.8479166666666667,0.15208333333333335,0.03506881606297289,1.19936214317469,1.436591846609905,102,102,24,True,
tacrolimus,448,480,0.9333333333333333,0.06666666666666665,0.03505513488673329,0.9478869459644704,1.204524470413065,112,112,24,True,
ggti-298,447,480,0.93125,0.06874999999999998,0.03503129148227204,0.922973816704701,1.21694243851642,112,112,24,True,
xilobam,436,480,0.9083333333333333,0.09166666666666667,0.03500782081822074,0.8478290507729963,0.9478651084846043,109,109,24,True,
levocetirizine,451,480,0.9395833333333333,0.060416666666666674,0.03497033022590423,0.8761706234640154,1.0912917311500099,113,113,23,True,
zk-93426,451,480,0.9395833333333333,0.060416666666666674,0.034893619459166476,0.8545123654702524,0.97419860677144,113,113,24,True,
idasanutlin,479,480,0.9979166666666667,0.002083333333333326,0.03480550852251998,0.7775914114675193,0.9813690938575029,120,120,24,True,
abiraterone-acetate,388,480,0.8083333333333333,0.19166666666666665,0.034804060861004155,0.9924815012403922,1.215061830314435,97,97,24,True,
amprolium,394,480,0.8208333333333333,0.1791666666666667,0.03479698576932049,1.2721818913487724,1.49907504943535,99,99,23,True,
dicycloverine,418,480,0.8708333333333333,0.12916666666666665,0.03478941205580254,0.9306993211889,1.19908141712696,105,105,24,True,
ac-264613,461,480,0.9604166666666667,0.039583333333333304,0.03472552813221047,0.865211162499087,0.989177380741386,116,116,24,True,
xanomeline,468,480,0.975,0.025000000000000022,0.03463619651697049,0.8082639418001848,0.865806923826849,117,117,24,True,
daclatasvir,389,480,0.8104166666666667,0.18958333333333333,0.0346041589722715,0.900034603081222,0.955884977559598,98,98,23,True,
estramustine-phosphate,408,480,0.85,0.15000000000000002,0.034598314462820065,1.1045407004538825,1.3183116177033751,102,102,23,True,
nicorandil,433,480,0.9020833333333333,0.09791666666666665,0.0345765522958185,1.05871820365655,1.27054892622643,109,109,24,True,
resatorvid,447,480,0.93125,0.06874999999999998,0.03456594100239201,0.9317750819132604,1.2381825245951,112,112,24,True,
pj-34,440,480,0.9166666666666666,0.08333333333333337,0.034532869055575684,0.931685832491721,1.2208916099680551,110,110,24,True,
3'-fluorobenzylspiperone,392,480,0.8166666666666667,0.18333333333333335,0.034502057286875464,0.952133560461173,1.2093200965609225,98,98,24,True,
hydroxyurea,453,480,0.94375,0.05625000000000002,0.034438590309283854,0.88937971707269,1.13299565107383,114,114,24,True,
oxymatrine,403,480,0.8395833333333333,0.16041666666666665,0.034432197421499944,1.24480517610515,1.46276449950808,101,101,24,True,
lidocaine,421,480,0.8770833333333333,0.12291666666666667,0.03442826193131884,1.2025960547572,1.39780130248987,106,106,23,True,
sdz-wag-994,457,480,0.9520833333333333,0.04791666666666672,0.034414919727494504,0.939478550533302,1.04279904674653,115,115,24,True,
rucinol,420,480,0.875,0.125,0.034396310616319856,1.1449608979427974,1.3811056381127824,105,105,24,True,
aeg3482,444,480,0.925,0.07499999999999996,0.03436592855503471,0.890725284896915,1.1846042853853824,111,111,24,True,
iododexetimide,432,480,0.9,0.09999999999999998,0.03436565957181447,1.0918718448794227,1.30594214669621,108,108,24,True,
talazoparib,480,480,1.0,0.0,0.03433575340380354,0.6149130080582698,0.8673801171948619,120,120,24,True,
lafutidine,446,480,0.9291666666666667,0.0708333333333333,0.034329810222248604,1.0148772259364174,1.2794378222891574,112,112,23,True,
novobiocin,451,480,0.9395833333333333,0.060416666666666674,0.03427609083420469,0.8750046204353319,1.010297698159385,113,113,24,True,
uric-acid,423,480,0.88125,0.11875000000000002,0.03424751509857323,1.158664459423305,1.3633446987412898,106,106,24,True,
sb-228357,436,480,0.9083333333333333,0.09166666666666667,0.034233206049105826,0.9201707697334158,1.17016331551289,109,109,24,True,
baricitinib,443,480,0.9229166666666667,0.07708333333333328,0.03417438064598267,0.858969307575211,0.9371631789553275,111,111,24,True,
amg458,453,480,0.94375,0.05625000000000002,0.034112314371184595,0.932915858025557,1.20855659172798,114,114,24,True,
tipifarnib,467,480,0.9729166666666667,0.027083333333333348,0.034047270869207724,0.6099853731728431,0.8001863411849199,117,117,24,True,
gw-583340,467,480,0.9729166666666667,0.027083333333333348,0.03403906449713058,0.8552371947771555,0.946807935173722,117,117,24,True,
nsc-3852,441,480,0.91875,0.08125000000000004,0.03397893093688867,0.826037341063478,0.885670820571698,111,111,24,True,
ribavirin,419,480,0.8729166666666667,0.12708333333333333,0.033948951845968814,1.16156666333728,1.373836592542005,105,105,23,True,
kd025,463,480,0.9645833333333333,0.03541666666666665,0.03394757639001758,0.848856286647284,0.9123683366504205,116,116,24,True,
oxaliplatin,452,480,0.9416666666666667,0.05833333333333335,0.03385896288362593,0.7926035521336533,0.9309417972569041,113,113,24,True,
etoposide,466,480,0.9708333333333333,0.029166666666666674,0.03383878204470071,0.7616551067728652,0.8769873711931035,117,117,24,True,
ci-844,415,480,0.8645833333333334,0.13541666666666663,0.033734732587177935,1.159882676469675,1.3746097618406452,104,104,23,True,
bms-265246,468,480,0.975,0.025000000000000022,0.033717972646584285,0.7255138862436298,0.8273284007628298,117,117,24,True,
as-1949490,438,480,0.9125,0.08750000000000002,0.03369405532484846,0.943654162059669,1.19942406779198,110,110,24,True,
fenbendazole,421,480,0.8770833333333333,0.12291666666666667,0.03367758157956077,0.469941303781825,0.787809151255346,106,106,24,True,
oxonic-acid,412,480,0.8583333333333333,0.14166666666666672,0.03366657295256368,1.19738237611357,1.4153618449973,103,103,24,True,
sufentanil,391,480,0.8145833333333333,0.18541666666666667,0.03363968709047145,1.1993804425284749,1.4044545725553101,98,98,24,True,
pf-04136309,428,480,0.8916666666666667,0.10833333333333328,0.03361496384457195,0.9544442722606682,1.2067444408673627,107,107,24,True,
acetophenazine,404,480,0.8416666666666667,0.15833333333333333,0.03360497956169937,0.9408705013637959,0.9766561070082785,101,101,24,True,
loxistatin-acid,415,480,0.8645833333333334,0.13541666666666663,0.03346549526405681,1.188189293826675,1.38490037749754,104,104,23,True,
niridazole,423,480,0.88125,0.11875000000000002,0.033367208347582084,1.232007776989755,1.472518538848635,106,106,24,True,
tioguanine,456,480,0.95,0.050000000000000044,0.03334654393095699,0.8233489229101932,0.924204560676789,114,114,24,True,
estradiol-cypionate,427,480,0.8895833333333333,0.11041666666666672,0.03330836590712784,1.1886964110821001,1.41709511936645,107,107,23,True,
dasatinib,470,480,0.9791666666666666,0.02083333333333337,0.03328735719886279,0.6125536667202909,0.87184792159652,118,118,24,True,
jzl-184,435,480,0.90625,0.09375,0.033277469998703194,0.985783058910741,1.2657645492129,109,109,23,True,
bvd-523,458,480,0.9541666666666667,0.04583333333333328,0.03322546401849952,0.7885004875555227,0.908280873503689,115,115,24,True,
pheniramine,455,480,0.9479166666666666,0.05208333333333337,0.0331775319946583,0.8350125447371265,1.05757335957924,114,114,23,True,
epz-5676,445,480,0.9270833333333334,0.07291666666666663,0.033176075557975325,0.844712813368226,1.04490495283273,112,112,24,True,
cyromazine,419,480,0.8729166666666667,0.12708333333333333,0.03315290062656908,1.209515928405375,1.415399492437905,105,105,23,True,
n-acetylmannosamine,390,480,0.8125,0.1875,0.0330355656918141,0.8874634238447809,1.0000157647534,98,98,24,True,
1-phenylbiguanide,392,480,0.8166666666666667,0.18333333333333335,0.032963527786079035,0.9028313836196782,0.9914701579351191,98,98,24,True,
1-naphthyl-pp1,440,480,0.9166666666666666,0.08333333333333337,0.03294850022734864,0.830668471798815,0.8792891835993357,110,110,24,True,
mifepristone,462,480,0.9625,0.03749999999999998,0.03293634040263517,0.8982732230731038,1.0717220261927825,116,116,24,True,
naftifine,458,480,0.9541666666666667,0.04583333333333328,0.032929470637053905,0.951327679357011,1.205790313012465,115,115,23,True,
tyrphostin-ag-494,403,480,0.8395833333333333,0.16041666666666665,0.032925084012348935,1.19195839370723,1.3868925920506299,101,101,24,True,
gs-39783,420,480,0.875,0.125,0.03279648794322496,1.2274014251582974,1.452397030021565,105,105,24,True,
ciclopirox,461,480,0.9604166666666667,0.039583333333333304,0.03277271813481422,0.824379146845491,0.89973148516175,116,116,24,True,
cinnarazine,422,480,0.8791666666666667,0.12083333333333335,0.03272690358930301,1.1857668950932951,1.4206675131977924,106,106,24,True,
sodium-stibogluconate,453,480,0.94375,0.05625000000000002,0.03255502462884515,0.864336218338477,1.05026757604417,114,114,24,True,
sirolimus,435,480,0.90625,0.09375,0.03252444972683317,0.4284334706047985,0.669441884453623,109,109,23,True,
ibutilide,428,480,0.8916666666666667,0.10833333333333328,0.032479495897656495,0.9101526464281154,1.0063839090214874,107,107,24,True,
albendazole,442,480,0.9208333333333333,0.07916666666666672,0.03245451000095503,0.7274232762991522,0.8504504194356499,111,111,24,True,
dofetilide,447,480,0.93125,0.06874999999999998,0.03238478584547663,0.9307641942785749,1.15284782184302,112,112,24,True,
baicalin,406,480,0.8458333333333333,0.15416666666666667,0.03238136643088214,0.917276383755514,0.9682061710111003,102,102,24,True,
palmitoylethanolamide,404,480,0.8416666666666667,0.15833333333333333,0.03227933359746565,1.1566773753956074,1.3739002721791624,101,101,24,True,
teriflunomide,453,480,0.94375,0.05625000000000002,0.03225456542014568,0.822402412871789,0.893909521239319,114,114,24,True,
oncrasin-1,468,480,0.975,0.025000000000000022,0.032232650035600455,0.7515128200359003,0.8613068040000412,117,117,24,True,
icotinib,477,480,0.99375,0.006249999999999978,0.03219979708146969,0.934246066896816,1.1786758518863198,120,120,24,True,
gestrinone,420,480,0.875,0.125,0.03217869975251536,0.993584774616972,1.2227602780405726,105,105,24,True,
cpp,464,480,0.9666666666666667,0.033333333333333326,0.03208908231788533,0.840072584285578,1.0173355986858976,116,116,24,True,
se-methylselenocysteine,440,480,0.9166666666666666,0.08333333333333337,0.03201284807739115,1.12984625247198,1.35764610691301,110,110,24,True,
mk-3207,414,480,0.8625,0.13749999999999996,0.03200544563294103,1.117588280529395,1.3364847859796525,104,104,24,True,
tak-715,421,480,0.8770833333333333,0.12291666666666667,0.03197584361721725,1.06575755425633,1.27994114859029,106,106,23,True,
tideglusib,460,480,0.9583333333333334,0.04166666666666663,0.03186473095314353,0.8741875749747382,0.9614267834942922,115,115,24,True,
norfloxacin,456,480,0.95,0.050000000000000044,0.03183846453391966,0.8750989776142788,1.1114533497361125,114,114,24,True,
josamycin,429,480,0.89375,0.10624999999999996,0.03183290414239959,1.09236325403934,1.28834293979383,108,108,24,True,
zm-306416,451,480,0.9395833333333333,0.060416666666666674,0.03181163321246417,0.875472273817719,1.1386215266874098,113,113,24,True,
r406,465,480,0.96875,0.03125,0.03175769977530727,0.764047995067412,0.918334005922358,117,117,24,True,
osi-420,455,480,0.9479166666666666,0.05208333333333337,0.031715626023579815,0.8183380192039844,0.9368270351599239,114,114,24,True,
way-170523,464,480,0.9666666666666667,0.033333333333333326,0.03169924478235261,0.8107358817495778,0.9443682804780837,116,116,24,True,
linalool,419,480,0.8729166666666667,0.12708333333333333,0.0316503731020306,1.09621175841791,1.3173943411535451,105,105,23,True,
epinastine,406,480,0.8458333333333333,0.15416666666666667,0.03161281605789495,1.23510121435105,1.4442362788754275,102,102,23,True,
fph1-(brd-6125),387,480,0.80625,0.19374999999999998,0.031596871579009644,0.9748451778953215,1.240599327065405,97,97,24,True,
nisoxetine,419,480,0.8729166666666667,0.12708333333333333,0.03152350059617375,1.10314625912279,1.3167538709672901,105,105,24,True,
as-703026,478,480,0.9958333333333333,0.004166666666666652,0.03146472667940109,0.6391180965516102,0.9037630652378276,120,120,24,True,
estradiol-benzoate,385,480,0.8020833333333334,0.19791666666666663,0.031456488493588404,1.08656489182118,1.29907296593619,97,97,23,True,
nu6027,442,480,0.9208333333333333,0.07916666666666672,0.03145181917814043,0.9036024300646794,1.1653595888728576,111,111,24,True,
tak-733,463,480,0.9645833333333333,0.03541666666666665,0.03141305029613643,0.5839878095218836,0.7793563177974594,116,116,24,True,
sulfabenzamide,389,480,0.8104166666666667,0.18958333333333333,0.03140904173404133,0.894766009011219,1.07759255079709,98,98,24,True,
sulfanilamide,412,480,0.8583333333333333,0.14166666666666672,0.031387321560683044,0.8701776169718178,0.9615774539596941,103,103,24,True,
orantinib,421,480,0.8770833333333333,0.12291666666666667,0.031378846371427994,1.16983472685978,1.36644536494046,106,106,24,True,
ispinesib,479,480,0.9979166666666667,0.002083333333333326,0.03137719807647185,0.5397458687130281,0.83635470191648,120,120,24,True,
trapidil,448,480,0.9333333333333333,0.06666666666666665,0.03134583451524033,0.9343582880105588,1.1586805287472874,112,112,24,True,
idazoxan,462,480,0.9625,0.03749999999999998,0.0312897705037764,0.865408048776787,0.9710593242922843,116,116,24,True,
mexeneone,432,480,0.9,0.09999999999999998,0.031269472904374644,1.083115670231,1.29202113304183,108,108,24,True,
chlorindanol,438,480,0.9125,0.08750000000000002,0.03125958062260574,0.9923074845985238,1.2395046157492875,110,110,24,True,
artemisinin,454,480,0.9458333333333333,0.054166666666666696,0.03125739527475219,0.8892190931097135,1.1575952219102774,114,114,24,True,
5-fluorouracil,433,480,0.9020833333333333,0.09791666666666665,0.031148387407241122,0.856413699694829,0.960766917731253,109,109,24,True,
guanidine,441,480,0.91875,0.08125000000000004,0.031134560741370918,1.13561279774705,1.34253860379863,111,111,24,True,
pentagastrin,388,480,0.8083333333333333,0.19166666666666665,0.03109546593421095,0.769416159951577,0.9763910331766478,97,97,24,True,
sb-205384,465,480,0.96875,0.03125,0.031003545760025203,0.881001672902019,1.12372149824367,117,117,24,True,
ag-14361,413,480,0.8604166666666667,0.13958333333333328,0.030983541506004915,1.02684435603066,1.27666673354216,104,104,24,True,
tamoxifen,423,480,0.88125,0.11875000000000002,0.030982919570905106,1.08921886138936,1.30898702580836,106,106,24,True,
floxuridine,461,480,0.9604166666666667,0.039583333333333304,0.03097783030296335,0.528302985372212,0.681692071177467,116,116,24,True,
zaldaride,455,480,0.9479166666666666,0.05208333333333337,0.03095844632808202,0.9155938608187755,1.184595156194615,114,114,24,True,
piroxicam,415,480,0.8645833333333334,0.13541666666666663,0.0309503663365997,1.10166171048412,1.31737456818589,104,104,24,True,
phlorizin,423,480,0.88125,0.11875000000000002,0.03091813441967292,0.8881552974438345,1.140201804105055,106,106,24,True,
amisulpride,399,480,0.83125,0.16874999999999996,0.030906163450105557,1.00863473173638,1.2505947157782749,100,100,24,True,
acetylcysteine,407,480,0.8479166666666667,0.15208333333333335,0.03088604777330714,1.11354592158428,1.327062868671935,102,102,24,True,
blebbistatin-(-),426,480,0.8875,0.11250000000000004,0.030872640704510942,1.1075208547428175,1.3319051543125149,107,107,24,True,
spermine,446,480,0.9291666666666667,0.0708333333333333,0.03083444925450821,0.909522678775005,0.9683771927308785,112,112,24,True,
bifemelane,439,480,0.9145833333333333,0.0854166666666667,0.030824391735517206,0.9494461131485455,1.19559909545579,110,110,24,True,
bendamustine,460,480,0.9583333333333334,0.04166666666666663,0.030822354768279103,0.9514474436348905,1.1938500707326425,115,115,24,True,
ly2606368,467,480,0.9729166666666667,0.027083333333333348,0.03080802797700491,0.353916664900759,0.568487153025362,117,117,24,True,
eprosartan,426,480,0.8875,0.11250000000000004,0.030781523382309925,1.1467078928269574,1.35256673176865,107,107,24,True,
sc-12267,439,480,0.9145833333333333,0.0854166666666667,0.030717875267528883,1.0608663767086801,1.2870267620082152,110,110,23,True,
enocitabine,427,480,0.8895833333333333,0.11041666666666672,0.0306585064324962,0.9270288751462875,1.1804558527651698,107,107,24,True,
abt-737,454,480,0.9458333333333333,0.054166666666666696,0.03062965419266398,0.9148184150473953,1.18344630540595,114,114,24,True,
methylphenidate,406,480,0.8458333333333333,0.15416666666666667,0.030627399740969247,1.21599314320045,1.4192466646456174,102,102,24,True,
thiocolchicoside,432,480,0.9,0.09999999999999998,0.0305952775365184,1.1053200637792326,1.309974539677,108,108,24,True,
az3146,453,480,0.94375,0.05625000000000002,0.03059269814593041,0.856513016533997,1.00782628150345,114,114,24,True,
primaquine,451,480,0.9395833333333333,0.060416666666666674,0.030546086306356385,0.93064101156677,1.1543670348198152,113,113,24,True,
raf265,461,480,0.9604166666666667,0.039583333333333304,0.03053327883514598,0.779070260959911,0.909179848147826,116,116,24,True,
darifenacin,459,480,0.95625,0.043749999999999956,0.030463376957237616,0.8628741730583085,1.0578707643601701,115,115,23,True,
ly456236,460,480,0.9583333333333334,0.04166666666666663,0.030460695243217328,0.812983625246712,0.8598187698663737,115,115,24,True,
ilomastat,418,480,0.8708333333333333,0.12916666666666665,0.03045256769999846,1.0782567122161375,1.3002726652539875,105,105,24,True,
metoprolol,413,480,0.8604166666666667,0.13958333333333328,0.03044098653914034,1.23676405930603,1.43567733409702,104,104,24,True,
bis(maltolato)oxovanadium(iv),453,480,0.94375,0.05625000000000002,0.030425620411402617,0.897190008985014,1.16320336982894,114,114,24,True,
pf-477736,452,480,0.9416666666666667,0.05833333333333335,0.030407796367210305,0.5678263949913003,0.7692791237911702,113,113,24,True,
cpi-1189,465,480,0.96875,0.03125,0.03039978703718491,0.893646256768517,1.09102912258545,117,117,24,True,
ki-8751,456,480,0.95,0.050000000000000044,0.03034242025677162,0.8610310359938462,0.9648852947165291,114,114,24,True,
adaprev,467,480,0.9729166666666667,0.027083333333333348,0.03030698318017352,0.80825259580735,0.9435101754485515,117,117,24,True,
cgp-37849,405,480,0.84375,0.15625,0.030303440712556473,1.00001442217241,1.23449328241356,102,102,24,True,
bephenium-hydroxynaphthoate,400,480,0.8333333333333334,0.16666666666666663,0.0301296640792691,1.1102692602288975,1.3115698107891625,100,100,24,True,
cnx-2006,433,480,0.9020833333333333,0.09791666666666665,0.03012865430422875,0.888730569588378,1.13977187878044,109,109,24,True,
tirapazamine,423,480,0.88125,0.11875000000000002,0.0301209154372593,0.9798696740440964,1.2250723176172702,106,106,24,True,
clofazimine,445,480,0.9270833333333334,0.07291666666666663,0.0300302315979932,0.949259559131879,1.22526748184876,112,112,24,True,
florfenicol,433,480,0.9020833333333333,0.09791666666666665,0.030018757742082822,0.879854915300998,1.1246529455369,109,109,24,True,
methiazole,463,480,0.9645833333333333,0.03541666666666665,0.030002827257023575,0.7927881094630496,0.8706057868615524,116,116,24,True,
trovafloxacin,433,480,0.9020833333333333,0.09791666666666665,0.029888697078842365,0.862043807413901,1.00183771657552,109,109,24,True,
ruxolitinib,470,480,0.9791666666666666,0.02083333333333337,0.029824911760934592,0.9765407842336229,1.1548861599951303,118,118,24,True,
flufenamic-acid,404,480,0.8416666666666667,0.15833333333333333,0.029765180733729402,1.1197134698965174,1.3427838953417202,101,101,24,True,
bibx-1382,442,480,0.9208333333333333,0.07916666666666672,0.02975513528627514,0.8707312597201573,1.07808566920286,111,111,24,True,
pentamidine,409,480,0.8520833333333333,0.1479166666666667,0.02972173189959559,0.832080403563317,0.920040173042692,103,103,24,True,
vindesine,468,480,0.975,0.025000000000000022,0.029681746977910945,0.39907001554302124,0.60393303383758,117,117,24,True,
mtpg,431,480,0.8979166666666667,0.1020833333333333,0.029676468983571472,1.006736498514245,1.23525046680825,108,108,24,True,
at-9283,402,480,0.8375,0.16249999999999998,0.029659150903052288,0.7083739414442556,0.8801608649052832,101,101,24,True,
5-hydroxymethyl-tolterodine,391,480,0.8145833333333333,0.18541666666666667,0.02962723390053384,0.79053501714064,0.862422539344893,98,98,24,True,
cytochlor,465,480,0.96875,0.03125,0.02962517765924159,0.838015320970614,0.923943672039276,117,117,24,True,
chlorambucil,431,480,0.8979166666666667,0.1020833333333333,0.02956515458730174,0.9162895049075075,1.168581237753075,108,108,24,True,
linifanib,477,480,0.99375,0.006249999999999978,0.02946081663352429,0.930150206461405,1.11707695190259,120,120,24,True,
sb-218078,464,480,0.9666666666666667,0.033333333333333326,0.02939279241951668,0.7881844986416253,0.9296802095910435,116,116,24,True,
vatalanib,461,480,0.9604166666666667,0.039583333333333304,0.029382898126861057,0.846859034149002,0.961058330404881,116,116,24,True,
sb-366791,442,480,0.9208333333333333,0.07916666666666672,0.029338644920174996,0.897903854274209,1.140760950013255,111,111,24,True,
4-chlorophenylguanidine,426,480,0.8875,0.11250000000000004,0.029327571401799445,1.0731191205665025,1.27176816965934,107,107,23,True,
fli-06,451,480,0.9395833333333333,0.060416666666666674,0.029308856555433055,0.838070332998986,0.9781163817042604,113,113,24,True,
lurasidone,431,480,0.8979166666666667,0.1020833333333333,0.02930514918702895,1.04349013460932,1.244004211415625,108,108,23,True,
demecarium,426,480,0.8875,0.11250000000000004,0.029295763178291117,1.1938455597790973,1.38945729951248,107,107,24,True,
fludarabine,438,480,0.9125,0.08750000000000002,0.029178552085531224,0.8823573631243893,1.0499904689490174,110,110,24,True,
cefditoren-pivoxil,457,480,0.9520833333333333,0.04791666666666672,0.029030271922535794,0.898271298783039,1.12379372388767,115,115,24,True,
meglitinide,441,480,0.91875,0.08125000000000004,0.02897431051943421,0.905587783506466,1.14298204566228,111,111,24,True,
a-803467,391,480,0.8145833333333333,0.18541666666666667,0.02895421204437816,0.981564494211657,1.18981650087487,98,98,24,True,
nizofenone,423,480,0.88125,0.11875000000000002,0.02879999082442967,1.0877955097539949,1.29308670331212,106,106,24,True,
ki-16425,451,480,0.9395833333333333,0.060416666666666674,0.02875834703477237,0.917816001988438,1.1344632628754,113,113,24,True,
posaconazole,443,480,0.9229166666666667,0.07708333333333328,0.028740044679532617,0.9180574126080975,1.155918839617585,111,111,24,True,
temozolomide,417,480,0.86875,0.13124999999999998,0.028738792962013846,1.04387726855373,1.22132399338658,105,105,24,True,
"2,3-dcpe",448,480,0.9333333333333333,0.06666666666666665,0.02869771982694907,0.8775659426574492,1.1021877099341875,112,112,24,True,
amoxicillin,423,480,0.88125,0.11875000000000002,0.02867800432300646,1.0130305441552951,1.25199848484734,106,106,22,True,
mek162,446,480,0.9291666666666667,0.0708333333333333,0.028660225893356803,0.6533515289535727,0.8518876796595828,112,112,24,True,
carvedilol,441,480,0.91875,0.08125000000000004,0.028637559514769914,0.884442023334365,0.968823873292382,111,111,24,True,
temocapril,424,480,0.8833333333333333,0.1166666666666667,0.02852440229642699,0.9501860766151617,1.1719190125656476,106,106,24,True,
tg100-115,424,480,0.8833333333333333,0.1166666666666667,0.02843483979787133,1.06512451476662,1.2719618243256123,106,106,24,True,
a61603,443,480,0.9229166666666667,0.07708333333333328,0.028390980215140384,0.7858352739238185,0.8623669503538776,111,111,24,True,
icg-001,462,480,0.9625,0.03749999999999998,0.028314207112879373,0.8630114914884215,1.028268522112305,116,116,24,True,
ritodrine,419,480,0.8729166666666667,0.12708333333333333,0.028313356352441595,1.04378294198001,1.23004503092562,105,105,23,True,
gdc-0980,476,480,0.9916666666666667,0.008333333333333304,0.02826209405492449,0.5699053345418784,0.806402684743531,119,119,24,True,
gsk1070916,443,480,0.9229166666666667,0.07708333333333328,0.028246166224346926,0.58795865839093,0.7587155457435315,111,111,24,True,
cidofovir,426,480,0.8875,0.11250000000000004,0.028154741256937784,0.9330984771197838,1.1507124945528902,107,107,24,True,
piretanide,433,480,0.9020833333333333,0.09791666666666665,0.028153299164994743,0.979044163438864,1.2211433517038,109,109,23,True,
rs-504393,435,480,0.90625,0.09375,0.02814346075944947,0.901372044636063,1.1118090209580052,109,109,24,True,
ifosfamide,391,480,0.8145833333333333,0.18541666666666667,0.028139543748610215,1.07529388271313,1.271533799766585,98,98,24,True,
tu-2100,396,480,0.825,0.17500000000000004,0.028139268740016512,0.935987688501823,1.1890426744249876,99,99,24,True,
clofoctol,469,480,0.9770833333333333,0.022916666666666696,0.028048067062628003,1.0440478834691995,1.23325746975395,118,118,24,True,
arctigenin,467,480,0.9729166666666667,0.027083333333333348,0.02797887701902828,0.8654442485585,0.9681669147263605,117,117,24,True,
naltrexone,404,480,0.8416666666666667,0.15833333333333333,0.02790714170411538,1.1439369116216325,1.3439414126275475,101,101,24,True,
protirelin,394,480,0.8208333333333333,0.1791666666666667,0.027862563337297884,1.18912022993625,1.4000517974101774,99,99,24,True,
fludroxycortide,435,480,0.90625,0.09375,0.027748015723395546,0.8737379135706911,1.03127120636853,109,109,24,True,
venetoclax,472,480,0.9833333333333333,0.01666666666666672,0.02773934174132244,0.9618352898545199,1.1827690880310016,118,118,24,True,
dvd-111,426,480,0.8875,0.11250000000000004,0.027707842209144764,1.0347360404013675,1.2447041839088149,107,107,24,True,
aztreonam,437,480,0.9104166666666667,0.08958333333333335,0.027660089457920027,0.946704578603312,1.14157514996092,110,110,23,True,
osi-930,449,480,0.9354166666666667,0.06458333333333333,0.02764791686409925,0.844128101844396,0.946679172379541,113,113,24,True,
acetylsalicylsalicylic-acid,441,480,0.91875,0.08125000000000004,0.027628266026714192,0.966840879787166,1.20608818063008,111,111,24,True,
metatinib,468,480,0.975,0.025000000000000022,0.027609239965425195,0.7431943112250293,0.8840595343211675,117,117,24,True,
d-64131,418,480,0.8708333333333333,0.12916666666666665,0.027590967126694132,0.561373510528381,0.6805932869111857,105,105,23,True,
tms,455,480,0.9479166666666666,0.05208333333333337,0.02759053073054534,0.936937665760737,1.170732998312665,114,114,24,True,
azomycin-(2-nitroimidazole),403,480,0.8395833333333333,0.16041666666666665,0.027583269854675452,1.042311800257025,1.25594773713798,101,101,24,True,
triamterene,439,480,0.9145833333333333,0.0854166666666667,0.027519366117360496,0.9422686277630521,1.191962432345685,110,110,24,True,
methyldopa,404,480,0.8416666666666667,0.15833333333333333,0.02747542757595102,1.01177375952457,1.2397331461389824,101,101,23,True,
tetramethylthiuram-monosulfide,446,480,0.9291666666666667,0.0708333333333333,0.027431649780545336,0.7992576014373003,0.8703540466889668,112,112,24,True,
tame,412,480,0.8583333333333333,0.14166666666666672,0.02738501342599175,1.1257795705510425,1.3261788092588476,103,103,24,True,
lcl-161,435,480,0.90625,0.09375,0.027306985076439343,0.7997997123473605,0.899906937661335,109,109,24,True,
4-iodo-6-phenylpyrimidine,424,480,0.8833333333333333,0.1166666666666667,0.02728037196263723,1.1190193937222999,1.300111391555265,106,106,24,True,
dihydroergocristine,417,480,0.86875,0.13124999999999998,0.02720373714508643,1.01339780285726,1.24406598968226,105,105,24,True,
sb-505124,446,480,0.9291666666666667,0.0708333333333333,0.027197829556093005,0.9216378941612755,1.014707336195835,112,112,24,True,
alvespimycin,471,480,0.98125,0.018750000000000044,0.027179474543546283,0.44300068623460054,0.6254274163533573,118,118,24,True,
azd2858,449,480,0.9354166666666667,0.06458333333333333,0.027161697496718058,0.806232271784883,0.885010894713039,113,113,24,True,
temsirolimus,470,480,0.9791666666666666,0.02083333333333337,0.027050540376088138,0.6024983658267852,0.8124823447176132,118,118,24,True,
betulinic-acid,388,480,0.8083333333333333,0.19166666666666665,0.027048861682091047,0.8614697901661504,0.971319521280239,97,97,24,True,
gsk2656157,435,480,0.90625,0.09375,0.027008484399270023,0.878796136435432,1.0033517530952252,109,109,24,True,
cholecalciferol,455,480,0.9479166666666666,0.05208333333333337,0.026918289543108168,0.8029282352032909,0.8551957479581516,114,114,24,True,
nitisinone,401,480,0.8354166666666667,0.1645833333333333,0.026915761130713103,1.04459586736499,1.2380242411952,101,101,23,True,
azd1480,403,480,0.8395833333333333,0.16041666666666665,0.0268931958671721,0.893676454525386,1.09052648583743,101,101,23,True,
theophylline,436,480,0.9083333333333333,0.09166666666666667,0.02688945704376213,0.8655622222118893,0.9405819490195585,109,109,24,True,
salinomycin,439,480,0.9145833333333333,0.0854166666666667,0.02677554238884904,0.779711553147706,0.9001215985869245,110,110,24,True,
bay-87-2243,463,480,0.9645833333333333,0.03541666666666665,0.02675198665218045,0.457371697125626,0.636046333559579,116,116,24,True,
inc-280,475,480,0.9895833333333334,0.01041666666666663,0.02669612487721496,1.0,1.188680475737251,135,119,24,True,
camylofine-chlorhydrate,407,480,0.8479166666666667,0.15208333333333335,0.026690852973180617,1.09844461233898,1.271530226561995,102,102,24,True,
asymmetrical-dimethylarginine,446,480,0.9291666666666667,0.0708333333333333,0.026677879404747785,0.7778133016624965,0.894398762482354,112,112,24,True,
gdc-0068,477,480,0.99375,0.006249999999999978,0.02667170353983574,0.887708649304654,1.119084279330165,120,120,24,True,
diphemanil,427,480,0.8895833333333333,0.11041666666666672,0.026664375374396962,1.03623537442747,1.239442998613695,107,107,24,True,
evacetrapib,453,480,0.94375,0.05625000000000002,0.026635748982155635,0.918360773217753,0.994193639420551,114,114,24,True,
gw-441756,427,480,0.8895833333333333,0.11041666666666672,0.026604607620278966,0.942161452240034,1.145683572619035,107,107,23,True,
ebastine,446,480,0.9291666666666667,0.0708333333333333,0.0265806737890736,0.9152914412471888,0.965797494111691,112,112,24,True,
drospirenone,445,480,0.9270833333333334,0.07291666666666663,0.026515869966175724,0.857290049715742,0.976781311362087,112,112,24,True,
butylscopolamine-bromide,424,480,0.8833333333333333,0.1166666666666667,0.026434818124212302,0.8767911313068597,1.014996590685715,106,106,24,True,
methoxyflurane,458,480,0.9541666666666667,0.04583333333333328,0.0264270082314147,0.8214401060805878,0.8821107164818413,115,115,24,True,
tc1,410,480,0.8541666666666666,0.14583333333333337,0.02639910408280008,0.903653554814846,1.1233196038248652,103,103,24,True,
tazemetostat,455,480,0.9479166666666666,0.05208333333333337,0.026380405070401573,0.891630049968696,1.1008001739827251,114,114,24,True,
10-deacetylbaccatin,472,480,0.9833333333333333,0.01666666666666672,0.026304718460754575,0.8006983059371853,0.871589296949559,118,118,24,True,
cep-33779,391,480,0.8145833333333333,0.18541666666666667,0.026291644480629806,0.8569022913992466,1.03466800495465,98,98,23,True,
kd-023,455,480,0.9479166666666666,0.05208333333333337,0.026195615674091604,0.7863310718143666,0.9062745908325065,114,114,24,True,
dequalinium,461,480,0.9604166666666667,0.039583333333333304,0.02618135710412859,0.822283454564939,0.902479986772382,116,116,24,True,
ribociclib,478,480,0.9958333333333333,0.004166666666666652,0.026180919893660462,0.8721736549572688,1.0732880357580716,120,120,24,True,
cabazitaxel,466,480,0.9708333333333333,0.029166666666666674,0.026111698614847273,0.20704146952883876,0.3797993498926775,117,117,24,True,
dianhydrogalactitol,465,480,0.96875,0.03125,0.02602189482561578,0.775251530977629,0.865964453119307,117,117,24,True,
tws-119,459,480,0.95625,0.043749999999999956,0.025911728646354278,0.88900613271224,1.102817540010095,115,115,24,True,
danusertib,469,480,0.9770833333333333,0.022916666666666696,0.025839849880833456,0.369132224111774,0.56691187412214,118,118,24,True,
lucitanib,455,480,0.9479166666666666,0.05208333333333337,0.025796102853505722,0.871468366111043,1.018050309704585,114,114,24,True,
ribitol,449,480,0.9354166666666667,0.06458333333333333,0.025788686626162887,0.936944932662768,1.18419320542401,113,113,24,True,
ly2183240,472,480,0.9833333333333333,0.01666666666666672,0.025742867596906877,0.8362539495239555,0.9084877108049515,118,118,24,True,
vismodegib,467,480,0.9729166666666667,0.027083333333333348,0.025690052045092022,0.9568020962394097,1.161228378238667,117,117,24,True,
oseltamivir-phosphate,417,480,0.86875,0.13124999999999998,0.02568931786243806,1.16727316504474,1.36665429809603,105,105,23,True,
temazepam,423,480,0.88125,0.11875000000000002,0.025488799181874657,0.8404948454568485,1.028898977933295,106,106,24,True,
tilmicosin,408,480,0.85,0.15000000000000002,0.02548457238621319,1.185005951897915,1.3788824494304226,102,102,24,True,
fluorometholone,435,480,0.90625,0.09375,0.025472680434844526,0.7758182302853229,0.8761243645994996,109,109,24,True,
ly2784544,455,480,0.9479166666666666,0.05208333333333337,0.02545225331379531,0.6778194358770024,0.878764922092153,114,114,24,True,
ro-10-5824,420,480,0.875,0.125,0.02544275505107704,1.068905067720115,1.2511276318657325,105,105,24,True,
oleoylethanolamide,400,480,0.8333333333333334,0.16666666666666663,0.025404614726423354,0.946476553639799,1.1565288976121126,100,100,23,True,
favipiravir,418,480,0.8708333333333333,0.12916666666666665,0.025395894733508617,1.1652865042205025,1.3518664426382725,105,105,24,True,
indirubin,478,480,0.9958333333333333,0.004166666666666652,0.025381107444380314,0.9281484321130634,1.1354370678712788,120,120,24,True,
vandetanib,467,480,0.9729166666666667,0.027083333333333348,0.025321252354389256,0.9111552983505353,1.1310337871405967,117,117,24,True,
gimeracil,412,480,0.8583333333333333,0.14166666666666672,0.025262363215629708,1.2117694447878375,1.4014308233071775,103,103,24,True,
aminopurvalanol-a,465,480,0.96875,0.03125,0.02515036904655676,0.854822608379956,0.955065872066453,117,117,24,True,
pepstatin,400,480,0.8333333333333334,0.16666666666666663,0.025130747818391717,0.870397700694492,0.9449218704826615,100,100,24,True,
trequinsin,437,480,0.9104166666666667,0.08958333333333335,0.025123517989427642,0.949685794962022,1.19006660214647,110,110,24,True,
fudosteine,439,480,0.9145833333333333,0.0854166666666667,0.02506845633575397,0.9145423281823485,1.141407412906545,110,110,24,True,
licochalcone-a,453,480,0.94375,0.05625000000000002,0.025067865430908762,0.881009396804244,0.953658776420128,114,114,24,True,
broxaldine,465,480,0.96875,0.03125,0.025062652396606034,0.784863262385715,0.862061654673837,117,117,24,True,
pilaralisib,447,480,0.93125,0.06874999999999998,0.02504925869114424,0.8923717549957525,1.10444826214536,112,112,24,True,
tezacaftor,399,480,0.83125,0.16874999999999996,0.02499230498919191,1.050873542366165,1.252308758873405,100,100,23,True,
nizatidine,406,480,0.8458333333333333,0.15416666666666667,0.024977977406006085,1.0850152180156274,1.2576825768502526,102,102,24,True,
oxyphencyclimine,456,480,0.95,0.050000000000000044,0.02495374408721351,0.74165235909801,0.8568697784292257,114,114,24,True,
vinblastine,468,480,0.975,0.025000000000000022,0.02484739615533708,0.339720661956687,0.5380456547489048,117,117,24,True,
clindamycin-phosphate,431,480,0.8979166666666667,0.1020833333333333,0.024839454999056314,0.967396903631396,1.19270867273512,108,108,24,True,
gsk650394,466,480,0.9708333333333333,0.029166666666666674,0.024791930409107207,0.8727178120710213,0.9540076606013045,117,117,24,True,
erdafitinib,438,480,0.9125,0.08750000000000002,0.0247898032498113,0.9144551432737202,1.0930160324104001,110,110,24,True,
u-0126,478,480,0.9958333333333333,0.004166666666666652,0.024772954515610665,0.9047574504977045,1.097028098337646,120,120,24,True,
benzyldimethylhexadecylammonium,450,480,0.9375,0.0625,0.02476351001196244,0.9174248995160292,1.1487529716619351,113,113,24,True,
gzd824,456,480,0.95,0.050000000000000044,0.0247604096879968,0.5122633371161898,0.756311009031389,114,114,24,True,
ym-155,470,480,0.9791666666666666,0.02083333333333337,0.02474312499680474,0.15909014983725325,0.3982020588151175,118,118,24,True,
vemurafenib,463,480,0.9645833333333333,0.03541666666666665,0.024728833155583496,0.948474083168513,1.1305502395878015,116,116,24,True,
obidoxime,431,480,0.8979166666666667,0.1020833333333333,0.024622030812779545,0.9955498398357026,1.219020824436845,108,108,24,True,
resminostat,472,480,0.9833333333333333,0.01666666666666672,0.024620594504942188,0.7947651537685416,0.9874218950422717,118,118,24,True,
tanshinone-i,418,480,0.8708333333333333,0.12916666666666665,0.024539508117242,0.8254049734882293,0.9764734727549125,105,105,24,True,
rifampin,467,480,0.9729166666666667,0.027083333333333348,0.024532001743200717,0.8972486760525564,0.978402486510938,117,117,24,True,
cyproheptadine,434,480,0.9041666666666667,0.09583333333333333,0.024531899614513734,0.96393083198964,1.206932348287375,109,109,23,True,
cyclocytidine,460,480,0.9583333333333334,0.04166666666666663,0.024479644484224523,0.6584843118663105,0.7774935035090508,115,115,24,True,
sevelamer,395,480,0.8229166666666666,0.17708333333333337,0.024478049972949507,1.1246210755151749,1.32759930818237,99,99,24,True,
azd8931,473,480,0.9854166666666667,0.014583333333333282,0.024374582268672215,0.7291772199441586,0.9692500230242529,119,119,24,True,
bicalutamide,385,480,0.8020833333333334,0.19791666666666663,0.02421208872154948,1.04206856406403,1.23226189063473,97,97,24,True,
bibr-1532,470,480,0.9791666666666666,0.02083333333333337,0.024198458489852127,0.8436038404297932,0.9170694024612733,118,118,24,True,
isopropyl-myristate,452,480,0.9416666666666667,0.05833333333333335,0.02417820567182484,0.83289530095036,0.9465293483182865,113,113,24,True,
repaglinide,429,480,0.89375,0.10624999999999996,0.02413948380451038,1.05240357805766,1.26039625060588,108,108,24,True,
docetaxel,478,480,0.9958333333333333,0.004166666666666652,0.02406420366372436,0.48449346898012824,0.7225343297657933,120,120,24,True,
etomoxir,439,480,0.9145833333333333,0.0854166666666667,0.02406070247526694,1.036337425926005,1.23954178371172,110,110,24,True,
d-7193,461,480,0.9604166666666667,0.039583333333333304,0.024047783502301058,0.801111578608516,0.897317398226532,116,116,24,True,
"cp-945,598",458,480,0.9541666666666667,0.04583333333333328,0.02403619097374474,0.8587335332888895,0.9411462661466827,115,115,24,True,
colchicine,418,480,0.8708333333333333,0.12916666666666665,0.024025645484557576,0.435510332580372,0.547629278151888,105,105,24,True,
iodipamide,427,480,0.8895833333333333,0.11041666666666672,0.023949096906906126,0.823814773560244,0.969648363956989,107,107,24,True,
tipranavir,390,480,0.8125,0.1875,0.023944630911033514,0.888590084808969,1.041597590234125,98,98,24,True,
irinotecan,472,480,0.9833333333333333,0.01666666666666672,0.023940641486395776,0.6916708165621085,0.8957485758008927,118,118,24,True,
fendiline,387,480,0.80625,0.19374999999999998,0.02393720764984303,1.0112442987451,1.226190486254725,97,97,23,True,
amfenac,452,480,0.9416666666666667,0.05833333333333335,0.023884696515082786,0.9045028750739033,0.956927659124228,113,113,24,True,
su014813,457,480,0.9520833333333333,0.04791666666666672,0.023883134520871974,0.868197845084887,1.00663940246986,115,115,24,True,
cytarabine,402,480,0.8375,0.16249999999999998,0.023851658698645316,1.161417994004545,1.3529767590187025,101,101,23,True,
8-hydroxy-pipat,453,480,0.94375,0.05625000000000002,0.023830441627065487,0.878459313817706,0.973018873354998,114,114,24,True,
pi-828,426,480,0.8875,0.11250000000000004,0.023771111919943754,0.8776484804311669,1.073634347872955,107,107,24,True,
cinalukast,420,480,0.875,0.125,0.023757921687479047,0.9588192559905122,1.15201920184602,105,105,24,True,
mepivacaine,420,480,0.875,0.125,0.02374429682199266,1.12501823170284,1.2828327831207,105,105,24,True,
bisacodyl,423,480,0.88125,0.11875000000000002,0.02372784762892491,0.8519987675450416,1.0277021105322501,106,106,24,True,
lenalidomide,450,480,0.9375,0.0625,0.02372071984347014,0.880081508851879,0.9582640058164945,113,113,23,True,
prazosin,429,480,0.89375,0.10624999999999996,0.02367300348215682,0.94778008913932,1.11203265489441,108,108,24,True,
mrs-1220,457,480,0.9520833333333333,0.04791666666666672,0.023650584542088435,0.919782707056203,1.13719198161503,115,115,24,True,
afatinib,471,480,0.98125,0.018750000000000044,0.02363770189557883,0.7473373209210892,0.9319117282605072,118,118,24,True,
endo-iwr-1,472,480,0.9833333333333333,0.01666666666666672,0.02359173832708667,0.8330565156371911,0.8853422124904963,118,118,24,True,
monensin,470,480,0.9791666666666666,0.02083333333333337,0.023533355274301733,0.7060209965545439,0.8651408830990515,118,118,24,True,
efonidipine-monoethanolate,469,480,0.9770833333333333,0.022916666666666696,0.023519431296851943,0.896509457732439,1.10662512282589,118,118,24,True,
cobimetinib,470,480,0.9791666666666666,0.02083333333333337,0.023355109077467972,0.7161116873453088,0.925971065454736,118,118,24,True,
gemcitabine,387,480,0.80625,0.19374999999999998,0.02332797066233287,0.132952383965926,0.3236196479420005,97,97,24,True,
equol,422,480,0.8791666666666667,0.12083333333333335,0.02325085607178932,0.9272543309967837,1.1180854505941475,106,106,24,True,
gsk429286a,424,480,0.8833333333333333,0.1166666666666667,0.023229917645118333,0.8958021429666649,1.09877554392692,106,106,24,True,
gsk923295,439,480,0.9145833333333333,0.0854166666666667,0.023228253930609163,0.831857467511558,0.90864173301179,110,110,24,True,
simvastatin,457,480,0.9520833333333333,0.04791666666666672,0.023182853273701447,0.877217243810127,0.966067092132571,115,115,24,True,
piperine,441,480,0.91875,0.08125000000000004,0.023125045209117196,0.965450107357395,1.17272144423294,111,111,23,True,
nimorazole,425,480,0.8854166666666666,0.11458333333333337,0.02311978459303022,0.88223258191404,1.07919833767116,107,107,24,True,
az-628,472,480,0.9833333333333333,0.01666666666666672,0.023099264873360097,0.8681601101647074,1.0672278061659024,118,118,24,True,
nithiamide,410,480,0.8541666666666666,0.14583333333333337,0.02303218912032472,1.04690295079033,1.23585271023307,103,103,24,True,
fk-888,421,480,0.8770833333333333,0.12291666666666667,0.023029285706333325,1.18527004404211,1.37517233712249,106,106,24,True,
cgp-52411,449,480,0.9354166666666667,0.06458333333333333,0.02301854481927302,0.811474568561836,0.86574464804658,113,113,24,True,
pazopanib,478,480,0.9958333333333333,0.004166666666666652,0.0229944977379921,0.9182433151472233,1.1188932451869675,120,120,24,True,
rubitecan,473,480,0.9854166666666667,0.014583333333333282,0.022961504585200593,0.298943441634732,0.467833868484231,119,119,24,True,
colfosceril-palmitate,413,480,0.8604166666666667,0.13958333333333328,0.022947317037868533,0.974310906373196,1.18923447783656,104,104,24,True,
paclitaxel,479,480,0.9979166666666667,0.002083333333333326,0.022858069438829058,0.4489768626995215,0.6788185979038615,120,120,24,True,
tagatose,421,480,0.8770833333333333,0.12291666666666667,0.022690130820963293,1.02241804086776,1.21708598881034,106,106,24,True,
rheochrysidin,444,480,0.925,0.07499999999999996,0.02261830416993738,0.9016158555726743,1.0157924618569274,111,111,24,True,
tofogliflozin,452,480,0.9416666666666667,0.05833333333333335,0.02261605008108563,0.944422772193853,1.147943517400215,113,113,24,True,
nilutamide,409,480,0.8520833333333333,0.1479166666666667,0.022611472388435694,1.11948631520855,1.28367746245682,103,103,24,True,
rociletinib,473,480,0.9854166666666667,0.014583333333333282,0.0225023647486352,0.9145825236825875,1.0598787962391842,119,119,24,True,
oxiracetam,478,480,0.9958333333333333,0.004166666666666652,0.022501983795220615,0.8490521661641877,0.9953127706941007,120,120,24,True,
ro-9187,443,480,0.9229166666666667,0.07708333333333328,0.022480928084732704,0.8728771949717595,0.9431102312909461,111,111,24,True,
rigosertib,473,480,0.9854166666666667,0.014583333333333282,0.02237720677327039,0.5626080164407274,0.7981156820549805,119,119,24,True,
am-580,398,480,0.8291666666666667,0.17083333333333328,0.02234995531289487,0.9135113081060428,0.960298708072507,100,100,24,True,
nvp-bez235,469,480,0.9770833333333333,0.022916666666666696,0.022339909381770766,0.5887010527683727,0.7929989094373927,118,118,24,True,
verubulin,469,480,0.9770833333333333,0.022916666666666696,0.022331871145956507,0.2603368211889,0.428363565331644,118,118,24,True,
bms-754807,476,480,0.9916666666666667,0.008333333333333304,0.022285240256500645,0.828619222676408,0.9405352315372919,119,119,24,True,
bindarit,402,480,0.8375,0.16249999999999998,0.02213516836711103,1.013292826636475,1.1869446207928926,101,101,24,True,
navarixin,440,480,0.9166666666666666,0.08333333333333337,0.02204795391670163,0.8515357063448565,0.9346231386839418,110,110,24,True,
navitoclax,475,480,0.9895833333333334,0.01041666666666663,0.02204434926223609,0.7881260808024486,0.9480818167573597,119,119,24,True,
am-251,458,480,0.9541666666666667,0.04583333333333328,0.022035048288296773,0.8972412700257429,1.0639289773655,115,115,23,True,
mechlorethamine,410,480,0.8541666666666666,0.14583333333333337,0.021960756680960522,0.9255081097744082,1.07692817235833,103,103,23,True,
uracil,436,480,0.9083333333333333,0.09166666666666667,0.021882930214263196,0.9567519765620177,1.14900567916699,109,109,24,True,
fenaclon,393,480,0.81875,0.18125000000000002,0.0218206961233406,1.01730891491837,1.20608738224639,99,99,24,True,
norethindrone,446,480,0.9291666666666667,0.0708333333333333,0.021807801854005975,1.0187369777967232,1.203491705980805,112,112,24,True,
merimepodib,441,480,0.91875,0.08125000000000004,0.02177403588243695,0.820860873059021,0.918571103901618,111,111,24,True,
canertinib,478,480,0.9958333333333333,0.004166666666666652,0.021769629714681358,0.8400494222285456,1.0041140584682926,120,120,24,True,
kx2-391,452,480,0.9416666666666667,0.05833333333333335,0.021742361702151096,0.5527650031158373,0.6700141328236735,113,113,24,True,
fdcyd,406,480,0.8458333333333333,0.15416666666666667,0.021683075152761144,0.5999200827349513,0.7443575073956344,102,102,24,True,
teprenone,431,480,0.8979166666666667,0.1020833333333333,0.02161523635494135,0.8670762986719875,0.9855638107141256,108,108,23,True,
bnc105,468,480,0.975,0.025000000000000022,0.021569229144133364,0.467089846999096,0.6553669586460426,117,117,24,True,
oxprenolol,460,480,0.9583333333333334,0.04166666666666663,0.021561317222259065,0.8790598631494471,0.9681937877550982,115,115,24,True,
plx-4720,468,480,0.975,0.025000000000000022,0.021521059764563755,0.823022925692533,0.8935571161153546,117,117,24,True,
gsk1292263,455,480,0.9479166666666666,0.05208333333333337,0.021382713349751253,0.8594982330955635,0.992642729492285,114,114,24,True,
acivicin,385,480,0.8020833333333334,0.19791666666666663,0.021374230824443022,0.761369754370035,0.872735052758532,97,97,24,True,
erastin,390,480,0.8125,0.1875,0.021327736923093234,0.8372459730214815,0.9584567930301156,98,98,24,True,
volasertib,477,480,0.99375,0.006249999999999978,0.02125630629792597,0.6013015507006173,0.8303286431114869,120,120,24,True,
calcitriol,436,480,0.9083333333333333,0.09166666666666667,0.02124539329862832,0.8769717269447159,0.957378172129977,109,109,24,True,
zm-447439,468,480,0.975,0.025000000000000022,0.02122672537741791,0.8321551325888155,0.9037867395643485,117,117,24,True,
gsk2110183,475,480,0.9895833333333334,0.01041666666666663,0.02106227814850794,0.8581774966695039,1.01425673166465,119,119,24,True,
doxifluridine,422,480,0.8791666666666667,0.12083333333333335,0.021051104919119844,0.891549457238078,0.9527376064242745,106,106,24,True,
levobunolol,428,480,0.8916666666666667,0.10833333333333328,0.021047863583861848,0.9348264499251739,1.066040687008765,107,107,24,True,
cimetidine,402,480,0.8375,0.16249999999999998,0.020986130858212812,0.8788262296845005,1.06854393412839,101,101,24,True,
cyt-997,468,480,0.975,0.025000000000000022,0.020893408268130628,0.5462832519468668,0.6470720518064574,117,117,24,True,
nsc-23766,399,480,0.83125,0.16874999999999996,0.020804521639522393,0.9204025417567735,1.0947170903724,100,100,24,True,
epothilone-b,461,480,0.9604166666666667,0.039583333333333304,0.020786420953918205,0.185175313068967,0.332473518052995,116,116,24,True,
cyclovirobuxin-d,408,480,0.85,0.15000000000000002,0.0207678037099901,0.8568983063443192,1.04221608211608,102,102,24,True,
cct129202,460,480,0.9583333333333334,0.04166666666666663,0.020688723383393302,0.8576716901462867,0.9356976427445812,115,115,24,True,
cinromide,409,480,0.8520833333333333,0.1479166666666667,0.020627622208305763,1.05605083035034,1.23171358447393,103,103,24,True,
atenolol-(+/-),414,480,0.8625,0.13749999999999996,0.02057399247453239,0.941077769492398,1.12122471858434,104,104,23,True,
spiradoline,462,480,0.9625,0.03749999999999998,0.020481370035674278,0.7465461913251422,0.8453074352752404,116,116,24,True,
lorlatinib,431,480,0.8979166666666667,0.1020833333333333,0.02047457389641969,0.96194429067915,1.148078501182395,108,108,24,True,
anagrelide,465,480,0.96875,0.03125,0.020336237388144468,0.9278936222286538,1.0794037956769,117,117,24,True,
penicillamine-(d),418,480,0.8708333333333333,0.12916666666666665,0.02031715180468994,0.9374668524804862,1.10175474883114,105,105,24,True,
p5091,460,480,0.9583333333333334,0.04166666666666663,0.020313246812939768,0.8696168922071825,0.9562459515867827,115,115,24,True,
cl-218872,433,480,0.9020833333333333,0.09791666666666665,0.020307273408201265,0.986326666231666,1.19053367431962,109,109,24,True,
iem1754,438,480,0.9125,0.08750000000000002,0.020292976175940617,0.9149713201762925,1.1224988274589425,110,110,24,True,
bexarotene,474,480,0.9875,0.012499999999999956,0.02028998912200502,0.9644745455548578,1.1277656923005663,119,119,24,True,
avanafil,402,480,0.8375,0.16249999999999998,0.02026925745331124,0.995413331981691,1.1767023382114976,101,101,24,True,
ferb-033,410,480,0.8541666666666666,0.14583333333333337,0.020119977971289046,0.8372092342716477,1.0100446667410925,103,103,23,True,
thiamine,416,480,0.8666666666666667,0.1333333333333333,0.020080506405639954,0.8354949324589109,1.01611117309648,104,104,24,True,
tmc-353121,462,480,0.9625,0.03749999999999998,0.019992130865775726,0.8472686026775103,0.9115743300008858,116,116,24,True,
8-bromo-cgmp,399,480,0.83125,0.16874999999999996,0.01995374597427156,0.991117371926453,1.173814471574075,100,100,23,True,
gw-843682x,469,480,0.9770833333333333,0.022916666666666696,0.019905455400552757,0.735388264423783,0.820161320840758,118,118,24,True,
tedizolid,458,480,0.9541666666666667,0.04583333333333328,0.019902341811142605,0.814250899911667,0.9176565179123677,115,115,24,True,
wye-125132,461,480,0.9604166666666667,0.039583333333333304,0.019850664370891367,0.674984672325336,0.78354613285094,116,116,24,True,
tosedostat,479,480,0.9979166666666667,0.002083333333333326,0.019834836616954517,0.509233915246865,0.683373694026326,120,120,24,True,
fk-3311,460,480,0.9583333333333334,0.04166666666666663,0.01983277799939807,0.8710518104683425,0.9703802140581167,115,115,24,True,
estramustine,477,480,0.99375,0.006249999999999978,0.01981188638536184,0.9361803968263771,1.128392916896975,120,120,24,True,
az960,458,480,0.9541666666666667,0.04583333333333328,0.01980889582112261,0.7468969447400635,0.8428982294945477,115,115,24,True,
pd-198306,471,480,0.98125,0.018750000000000044,0.019789574466376005,0.8531178052315516,0.9437473493493975,118,118,24,True,
fr-139317,452,480,0.9416666666666667,0.05833333333333335,0.019768226220115218,0.8543313629633246,0.9311357547109608,113,113,24,True,
nsc-632839,464,480,0.9666666666666667,0.033333333333333326,0.01958876124329107,0.855765710416771,0.9463088193507108,116,116,24,True,
chir-124,445,480,0.9270833333333334,0.07291666666666663,0.019577196055016982,0.615996992879522,0.783191289955498,112,112,24,True,
regorafenib,478,480,0.9958333333333333,0.004166666666666652,0.019561040307386847,0.8996719788204255,1.0554871519424533,120,120,24,True,
oleanolic-acid,415,480,0.8645833333333334,0.13541666666666663,0.019511120036643653,0.959419569522561,1.13765127841917,104,104,23,True,
roquinimex,408,480,0.85,0.15000000000000002,0.019453485053768763,0.965934631874162,1.14392766497296,102,102,24,True,
adapalene,472,480,0.9833333333333333,0.01666666666666672,0.019395198023319658,1.0341801905143715,1.23083082754404,118,118,24,True,
topotecan,470,480,0.9791666666666666,0.02083333333333337,0.019366939889117186,0.424614350536247,0.5900028680427737,118,118,24,True,
ibrutinib,476,480,0.9916666666666667,0.008333333333333304,0.019361608125653927,0.7987944976019347,0.9952674351642881,119,119,24,True,
gilteritinib,437,480,0.9104166666666667,0.08958333333333335,0.019327982640336864,0.936796650309626,1.13695041284515,110,110,24,True,
pyrimethamine,465,480,0.96875,0.03125,0.01931868168149234,0.855005669058256,0.976980844621987,117,117,24,True,
nvp-aew541,404,480,0.8416666666666667,0.15833333333333333,0.019312354756470074,0.8264317056160265,1.0005860707476326,101,101,23,True,
mln0128,475,480,0.9895833333333334,0.01041666666666663,0.0192225541192431,0.5092171063701998,0.6848528386063455,119,119,24,True,
tamibarotene,469,480,0.9770833333333333,0.022916666666666696,0.019158963788411563,0.9649743162755141,1.114812790386535,118,118,24,True,
mk-2206,475,480,0.9895833333333334,0.01041666666666663,0.019146774482036843,0.7964951208103057,0.9454692265564191,119,119,24,True,
y-27632,401,480,0.8354166666666667,0.1645833333333333,0.01906503362185727,0.818303082749479,0.91771537868913,101,101,24,True,
odanacatib,455,480,0.9479166666666666,0.05208333333333337,0.019064734833390072,0.9160152433899125,1.0474171075342056,114,114,24,True,
enmd-2076,395,480,0.8229166666666666,0.17708333333333337,0.0190627251517727,0.8200388532226994,0.8882844732743744,99,99,24,True,
indiplon,450,480,0.9375,0.0625,0.018996898318268243,0.9428921497332918,1.1096132372448801,113,113,24,True,
entinostat,463,480,0.9645833333333333,0.03541666666666665,0.01898706527054354,0.768584026237637,0.871629418017434,116,116,24,True,
pralatrexate,479,480,0.9979166666666667,0.002083333333333326,0.018866667135882434,0.5607664160075886,0.7597114758557444,120,120,24,True,
indisulam,475,480,0.9895833333333334,0.01041666666666663,0.01885539104522492,0.7885699858430298,0.9892097185277358,119,119,24,True,
tg-100713,452,480,0.9416666666666667,0.05833333333333335,0.018850277003411152,0.8473180410641188,0.9455714290779753,113,113,24,True,
noretynodrel,417,480,0.86875,0.13124999999999998,0.01883847683938456,0.87831456253487,0.947700306000117,105,105,24,True,
elesclomol,479,480,0.9979166666666667,0.002083333333333326,0.018780547913934256,0.5084102123903852,0.675575903768838,120,120,24,True,
norepinephrine,462,480,0.9625,0.03749999999999998,0.018749250314374057,0.8553917620202032,0.959484713059762,116,116,24,True,
sorafenib,476,480,0.9916666666666667,0.008333333333333304,0.018694253700407684,0.8868335341533298,1.0218820453903876,119,119,24,True,
voreloxin,453,480,0.94375,0.05625000000000002,0.018618592164086623,0.701337326612887,0.816966679777553,114,114,24,True,
etoposide-phosphate,452,480,0.9416666666666667,0.05833333333333335,0.01861815455651854,0.9133540562738736,1.1057226650013925,113,113,24,True,
niclosamide,464,480,0.9666666666666667,0.033333333333333326,0.01853794984496294,0.8575263365273015,0.9230783095937455,116,116,24,True,
cephalomannine,470,480,0.9791666666666666,0.02083333333333337,0.018533636972408854,0.423405487384203,0.5592065223183218,118,118,24,True,
oltipraz,471,480,0.98125,0.018750000000000044,0.018507463498196337,1.0,1.16309358169402,127,118,24,True,
cycloheximide,460,480,0.9583333333333334,0.04166666666666663,0.018494998517018735,0.7183984035192608,0.8093378952477438,115,115,24,True,
gdc-0941,467,480,0.9729166666666667,0.027083333333333348,0.018484673619357194,0.761254052899205,0.884166346716307,117,117,24,True,
clomifene,455,480,0.9479166666666666,0.05208333333333337,0.01846241709137293,0.8883563121066385,1.024866088525635,114,114,24,True,
crystal-violet,426,480,0.8875,0.11250000000000004,0.018384962201217908,0.3218481864180718,0.4835476369819123,107,107,24,True,
ivermectin,464,480,0.9666666666666667,0.033333333333333326,0.01832289501641899,0.761838173422134,0.930154761214773,116,116,24,True,
olaparib,476,480,0.9916666666666667,0.008333333333333304,0.01831574184540402,0.9060844256552779,1.0941943221188504,119,119,24,True,
hexachlorophene,455,480,0.9479166666666666,0.05208333333333337,0.01825323065650317,0.856777274385546,0.943582152278428,114,114,24,True,
bms-690514,477,480,0.99375,0.006249999999999978,0.018250346472161016,0.7606541739560193,0.9338050302207805,120,120,24,True,
raltitrexed,472,480,0.9833333333333333,0.01666666666666672,0.018140306598323813,0.48179281933738977,0.622258583728557,118,118,24,True,
tpca-1,463,480,0.9645833333333333,0.03541666666666665,0.018060593857290225,0.870145005568115,0.9418776110172765,116,116,24,True,
disulfiram,480,480,1.0,0.0,0.01802024945883582,0.7122391783362839,0.8622982125225584,120,120,24,True,
idronoxil,455,480,0.9479166666666666,0.05208333333333337,0.01801692656421533,0.8969678941795195,1.05935927795556,114,114,24,True,
pardoprunox,463,480,0.9645833333333333,0.03541666666666665,0.017985876526175698,0.730484711567846,0.8666412349847854,116,116,24,True,
zaleplon,453,480,0.94375,0.05625000000000002,0.017981021721236595,0.911223348189591,1.06169170868976,114,114,24,True,
acesulfame-potassium,414,480,0.8625,0.13749999999999996,0.01796375695653772,1.0222890046597974,1.196441868169465,104,104,24,True,
pentostatin,416,480,0.8666666666666667,0.1333333333333333,0.017891507140894613,1.075526078250685,1.2214861125964576,104,104,24,True,
cyt387,470,480,0.9791666666666666,0.02083333333333337,0.017865047263079345,0.8467689899019376,0.9981729005656232,118,118,24,True,
evodiamine,467,480,0.9729166666666667,0.027083333333333348,0.01781551834605488,0.8040615139928735,0.8641665116270001,117,117,24,True,
cx-5461,451,480,0.9395833333333333,0.060416666666666674,0.017772596332752418,0.7742233692170839,0.862347301565637,113,113,23,True,
pyroxamide,434,480,0.9041666666666667,0.09583333333333333,0.01766582952369063,0.845110650266097,0.941613794144191,109,109,24,True,
axitinib,475,480,0.9895833333333334,0.01041666666666663,0.017651707914535793,0.8605220869543131,1.0,119,121,24,True,
nsc-319726,458,480,0.9541666666666667,0.04583333333333328,0.017636102953779053,0.36538182862172125,0.499568307920474,115,115,24,True,
mevastatin,458,480,0.9541666666666667,0.04583333333333328,0.017593925767268093,0.7823809364636375,0.900603915220642,115,115,24,True,
mgcd-265,455,480,0.9479166666666666,0.05208333333333337,0.017545852903870944,0.873152134807656,0.951695597085328,114,114,24,True,
triapine,467,480,0.9729166666666667,0.027083333333333348,0.01753868152758556,0.7629980383860725,0.8369524758398705,117,117,24,True,
valnemulin,466,480,0.9708333333333333,0.029166666666666674,0.017455916254571473,0.7591714548902663,0.8432234635009754,117,117,24,True,
tg-101209,469,480,0.9770833333333333,0.022916666666666696,0.0174183072797095,0.839095714550146,0.898084010039864,118,118,24,True,
mk-8745,444,480,0.925,0.07499999999999996,0.017412822503525816,0.705729667333467,0.8166541318782872,111,111,24,True,
dichlorvos,457,480,0.9520833333333333,0.04791666666666672,0.017405689267837185,0.712288391144596,0.79976412125549,115,115,24,True,
taltobulin,402,480,0.8375,0.16249999999999998,0.017352983974476224,0.31253967946809247,0.4659550443012005,101,101,24,True,
vu0364770,452,480,0.9416666666666667,0.05833333333333335,0.017335683859029814,0.8348949063366925,0.934700552173037,113,113,24,True,
bms-626529,398,480,0.8291666666666667,0.17083333333333328,0.017325165056558418,0.7783691610546005,0.936745711094005,100,100,24,True,
acy-1215,458,480,0.9541666666666667,0.04583333333333328,0.017311875715107315,0.8751580590808735,0.9868148413993847,115,115,24,True,
dacomitinib,477,480,0.99375,0.006249999999999978,0.017285836136076985,0.7406498871239287,0.9143463939512202,120,120,24,True,
th-302,399,480,0.83125,0.16874999999999996,0.017265047702121297,0.827042394317128,0.8850077805062659,100,100,24,True,
tivozanib,474,480,0.9875,0.012499999999999956,0.01724298988264263,0.8763547901808286,1.0,119,122,24,True,
oxiperomide,424,480,0.8833333333333333,0.1166666666666667,0.017186683531666472,0.8339457441519258,0.9633592536083208,106,106,24,True,
spermidine,447,480,0.93125,0.06874999999999998,0.017153023851364503,0.857885947972956,0.9818908689091941,112,112,24,True,
trifluridine,465,480,0.96875,0.03125,0.017150248535275667,0.636993767660539,0.771024871605977,117,117,24,True,
cyclosporine,410,480,0.8541666666666666,0.14583333333333337,0.017147849969592097,0.9661704732198217,1.1442437471187825,103,103,23,True,
mek1-2-inhibitor,435,480,0.90625,0.09375,0.017095910458293173,0.799557665557335,0.939937148512058,109,109,24,True,
carboxyamidotriazole,452,480,0.9416666666666667,0.05833333333333335,0.0170334331562327,0.9062018444226041,1.088866939626055,113,113,24,True,
daunorubicin,475,480,0.9895833333333334,0.01041666666666663,0.01701689286493272,0.5198997108127686,0.7003800430528578,119,119,24,True,
xl-647,476,480,0.9916666666666667,0.008333333333333304,0.017012642541786492,0.7297012725578814,0.9131615948564985,119,119,24,True,
gefitinib,467,480,0.9729166666666667,0.027083333333333348,0.017001531826913486,0.8552987030145891,0.9774890870037147,117,117,24,True,
deoxycorticosterone-acetate,454,480,0.9458333333333333,0.054166666666666696,0.0169810018119609,0.7092488295829802,0.8194332355241559,114,114,24,True,
rs-16566,451,480,0.9395833333333333,0.060416666666666674,0.01695586433200427,0.9058839673960359,0.9605521216364855,113,113,24,True,
erlotinib,478,480,0.9958333333333333,0.004166666666666652,0.01694778178423374,0.8391280375868093,0.9760531220689957,120,120,24,True,
fludarabine-phosphate,457,480,0.9520833333333333,0.04791666666666672,0.01693092139581982,0.897108015491026,0.999406606111315,115,115,24,True,
bvt-948,422,480,0.8791666666666667,0.12083333333333335,0.016925852571674244,0.9027643306720627,0.9997514028518715,106,106,24,True,
tas-103,446,480,0.9291666666666667,0.0708333333333333,0.01692200433244522,0.5815408749924773,0.7261458185510106,112,112,24,True,
pd-407824,436,480,0.9083333333333333,0.09166666666666667,0.0167333432854274,0.8438474973200082,0.9532254819612187,109,109,24,True,
pevonedistat,472,480,0.9833333333333333,0.01666666666666672,0.01672161351164704,0.710541401844798,0.8901931956682186,118,118,24,True,
mitoxantrone,421,480,0.8770833333333333,0.12291666666666667,0.01666783883220333,0.35512195191414,0.480236537112791,106,106,24,True,
fenoprofen,398,480,0.8291666666666667,0.17083333333333328,0.016639395126272445,0.8958219885706136,0.9679173508692502,100,100,24,True,
vinorelbine,466,480,0.9708333333333333,0.029166666666666674,0.016601332046492518,0.5928808808266912,0.726528040601839,117,117,24,True,
felbamate,470,480,0.9791666666666666,0.02083333333333337,0.016587135961099352,1.1729471329661891,1.3172672251596063,118,118,23,True,
romidepsin,463,480,0.9645833333333333,0.03541666666666665,0.01650899815298619,0.2005703612536855,0.2971830268195975,116,116,24,True,
sparfloxacin,444,480,0.925,0.07499999999999996,0.016506758488536496,0.9248103295101012,1.0034165440131675,111,111,24,True,
bafetinib,459,480,0.95625,0.043749999999999956,0.01650552892655176,0.8884304803407825,0.972346032641086,115,115,24,True,
carfilzomib,479,480,0.9979166666666667,0.002083333333333326,0.016448284846834457,0.296769785989203,0.4917995438131501,120,120,24,True,
sgi-1027,472,480,0.9833333333333333,0.01666666666666672,0.016388002284370085,0.81601210026393,0.8715133070992318,118,118,24,True,
ly2801653,477,480,0.99375,0.006249999999999978,0.0162910634324408,0.8226146941995935,0.946266398371291,120,120,24,True,
proflavine-hemisulfate,390,480,0.8125,0.1875,0.016289397600382925,0.8281131134753931,0.948332424796128,98,98,24,True,
vx-765,456,480,0.95,0.050000000000000044,0.016279975877737714,0.8575832232949175,0.9592496468679845,114,114,24,True,
bitopertin,458,480,0.9541666666666667,0.04583333333333328,0.016230643438379124,0.874780317461249,0.964990016765057,115,115,24,True,
triclabendazole,467,480,0.9729166666666667,0.027083333333333348,0.016205438189228566,0.762143767246113,0.8381058048418291,117,117,24,True,
rn-1734,452,480,0.9416666666666667,0.05833333333333335,0.0161981008682149,0.7456823637399648,0.8330051122734197,113,113,24,True,
thiostrepton,403,480,0.8395833333333333,0.16041666666666665,0.016178041673797453,0.788843822662058,0.89039743054921,101,101,24,True,
forodesine,421,480,0.8770833333333333,0.12291666666666667,0.01616565385313279,1.06929042626964,1.21596299793608,106,106,23,True,
semaxanib,469,480,0.9770833333333333,0.022916666666666696,0.016093308935897516,0.8479270812994211,0.941963038172366,118,118,24,True,
tyrphostin-ag-1478,471,480,0.98125,0.018750000000000044,0.016076311552653422,0.7348377634415605,0.821925272969426,118,118,24,True,
salvianolic-acid-b,413,480,0.8604166666666667,0.13958333333333328,0.01605538415681579,0.958709277475376,1.15313141941047,104,104,24,True,
talmapimod,475,480,0.9895833333333334,0.01041666666666663,0.016051787981833487,0.9312164578338636,0.9805695663516775,119,119,24,True,
psi-7976,422,480,0.8791666666666667,0.12083333333333335,0.016042785702647937,0.922438441984327,1.0748942585175651,106,106,24,True,
tanespimycin,479,480,0.9979166666666667,0.002083333333333326,0.015976111439875807,0.5468853450684174,0.722317952195425,120,120,24,True,
eptifibatide,385,480,0.8020833333333334,0.19791666666666663,0.015948396713647076,0.96944270657265,1.13602317049897,97,97,24,True,
decitabine,468,480,0.975,0.025000000000000022,0.01591628193960968,0.7466248673306332,0.9061141056496649,117,117,24,True,
kpt-276,465,480,0.96875,0.03125,0.015877472338861675,0.700236912311649,0.786342189183735,117,117,24,True,
ixazomib,477,480,0.99375,0.006249999999999978,0.015858452825840134,0.4594330488535,0.631773465729003,120,120,24,True,
neratinib,476,480,0.9916666666666667,0.008333333333333304,0.015852805135421717,0.8078298743734327,0.9260955998979141,119,119,24,True,
k-858,448,480,0.9333333333333333,0.06666666666666665,0.01576341753333848,0.7118263266809577,0.7888224515971812,112,112,24,True,
mk-5108,467,480,0.9729166666666667,0.027083333333333348,0.015749936623334505,0.760717253029755,0.837924944350917,117,117,24,True,
pf-04457845,465,480,0.96875,0.03125,0.015687331521051014,0.887845968885641,0.978550745272915,117,117,24,True,
fluvastatin,470,480,0.9791666666666666,0.02083333333333337,0.015676195852514195,0.7233597805409687,0.850280136893701,118,118,24,True,
triciribine,467,480,0.9729166666666667,0.027083333333333348,0.01561336261177767,0.7468105007610455,0.890492418307532,117,117,24,True,
nvp-auy922,479,480,0.9979166666666667,0.002083333333333326,0.015601874548725315,0.4913884641219428,0.6616697876426182,120,120,24,True,
chlormidazole,461,480,0.9604166666666667,0.039583333333333304,0.015562165672016777,0.835151456119319,0.898361068617011,116,116,24,True,
gsk2830371,419,480,0.8729166666666667,0.12708333333333333,0.015502684272627056,1.0492136603017101,1.194317617636785,105,105,23,True,
ski-ii,439,480,0.9145833333333333,0.0854166666666667,0.015493880671492126,0.9033907008578435,1.0648169875304552,110,110,24,True,
teroxirone,468,480,0.975,0.025000000000000022,0.015484640836760164,0.7842898323049857,0.865763519176156,117,117,24,True,
lestaurtinib,402,480,0.8375,0.16249999999999998,0.015474465962889915,0.607320362174088,0.7453825954897573,101,101,24,True,
sb-239063,457,480,0.9520833333333333,0.04791666666666672,0.015463494114111694,0.818229785370795,0.918350210349961,115,115,24,True,
gs-9973,442,480,0.9208333333333333,0.07916666666666672,0.015455813633208247,0.9611660690981609,1.14877010600559,111,111,24,True,
broxyquinoline,458,480,0.9541666666666667,0.04583333333333328,0.015448244045840517,0.8194580455789949,0.9001999314626024,115,115,24,True,
azacitidine,477,480,0.99375,0.006249999999999978,0.015365170514912724,0.8875966436764335,1.020185181977745,120,120,24,True,
golgicide-a,451,480,0.9395833333333333,0.060416666666666674,0.015301398217798952,0.877890226856073,0.9633699008050609,113,113,24,True,
tak-901,474,480,0.9875,0.012499999999999956,0.015294640437982775,0.645730436188163,0.7544123318308188,119,119,24,True,
vidarabine,436,480,0.9083333333333333,0.09166666666666667,0.015203165432833442,0.933645948329137,1.0967878533117725,109,109,24,True,
kw-2478,475,480,0.9895833333333334,0.01041666666666663,0.015190904769901883,0.7362826603584565,0.8339934763735215,119,119,24,True,
3-deazaneplanocin-a,470,480,0.9791666666666666,0.02083333333333337,0.015181174153416965,0.750440110142507,0.8621264596062157,118,118,24,True,
xl388,444,480,0.925,0.07499999999999996,0.015075144209244823,0.7402944652593588,0.8789044979955705,111,111,24,True,
srt1720,435,480,0.90625,0.09375,0.014951664705394621,0.9191544844045535,0.9575481522601905,109,109,24,True,
tyrphostin-ag-99,471,480,0.98125,0.018750000000000044,0.014922468503244253,0.7995138892362366,0.863891656851721,118,118,24,True,
mefexamide,462,480,0.9625,0.03749999999999998,0.014921084480464572,0.5813204699244264,0.7198240091177914,116,116,24,True,
10-hydroxycamptothecin,462,480,0.9625,0.03749999999999998,0.014822736283484586,0.20663957943924074,0.3388791674157887,116,116,24,True,
carboxypyridine-disulfide,446,480,0.9291666666666667,0.0708333333333333,0.014768525422454706,0.9474660726060845,1.1307191366936975,112,112,24,True,
papaverine,418,480,0.8708333333333333,0.12916666666666665,0.014731367629912414,0.8601741368121852,0.9175785291314286,105,105,24,True,
dolastatin-10,459,480,0.95625,0.043749999999999956,0.014698725384329096,0.1189647972206135,0.23140433434222402,115,115,24,True,
idelalisib,458,480,0.9541666666666667,0.04583333333333328,0.01467291819247155,0.9382767551339307,1.0787947987747701,115,115,24,True,
vinflunine,470,480,0.9791666666666666,0.02083333333333337,0.014641776396000346,0.5434154695978926,0.7071472138463915,118,118,24,True,
genipin,467,480,0.9729166666666667,0.027083333333333348,0.014566950610034718,0.831122138442731,0.9141071278992945,117,117,24,True,
tranilast,470,480,0.9791666666666666,0.02083333333333337,0.014513548052449206,0.8018221388901987,0.8780849428580138,118,118,24,True,
capecitabine,469,480,0.9770833333333333,0.022916666666666696,0.014409585416182221,0.9534107164786079,1.0954839045018039,118,118,24,True,
brivaracetam,460,480,0.9583333333333334,0.04166666666666663,0.014374819096671317,0.7123626230558417,0.8428548198534458,115,115,24,True,
ikk-2-inhibitor-v,475,480,0.9895833333333334,0.01041666666666663,0.014339397314404723,0.7811871101274039,0.8604484054573105,119,119,24,True,
fenretinide,434,480,0.9041666666666667,0.09583333333333333,0.014333428650417845,1.0051815785347675,1.1687771712455426,109,109,24,True,
tyrphostin-ag-1296,458,480,0.9541666666666667,0.04583333333333328,0.014320332541503843,0.8219164121982238,0.9014332284944027,115,115,24,True,
pha-665752,443,480,0.9229166666666667,0.07708333333333328,0.01429987009202222,0.809360872418745,0.866919174250952,111,111,24,True,
nvp-tae684,445,480,0.9270833333333334,0.07291666666666663,0.014199937370963124,0.719650829423743,0.818239593191577,112,112,24,True,
homoharringtonine,475,480,0.9895833333333334,0.01041666666666663,0.014165493662000928,0.6047875030736154,0.7584105858005465,119,119,24,True,
ly2874455,445,480,0.9270833333333334,0.07291666666666663,0.014076757882585443,0.640618102295218,0.7550812984879,112,112,24,True,
unbs-5162,460,480,0.9583333333333334,0.04166666666666663,0.01400154872100538,0.8507365916745835,0.9381935285979768,115,115,24,True,
tucatinib,475,480,0.9895833333333334,0.01041666666666663,0.013956556889344128,0.8867378113089219,1.0348571788305745,119,119,24,True,
dapivirine,450,480,0.9375,0.0625,0.013910841239605117,0.8254168964542268,0.8841135599660177,113,113,24,True,
azilsartan,438,480,0.9125,0.08750000000000002,0.013867541603410957,0.907797930671222,0.9554335553077308,110,110,24,True,
jte-607,453,480,0.94375,0.05625000000000002,0.013863242726932153,0.743295167000235,0.896235362942338,114,114,24,True,
sb-225002,400,480,0.8333333333333334,0.16666666666666663,0.013812178768440478,0.8413145490873762,0.910997965774505,100,100,24,True,
tozasertib,479,480,0.9979166666666667,0.002083333333333326,0.013758759959929819,0.7329075808750436,0.8792320853555309,120,120,24,True,
"mns-(3,4-methylenedioxy-nitrostyrene)",439,480,0.9145833333333333,0.0854166666666667,0.013716663822901666,0.8982513761930451,0.949793809121759,110,110,24,True,
tacedinaline,473,480,0.9854166666666667,0.014583333333333282,0.013714622480166527,0.9110178267164039,1.0,119,124,24,True,
evp4593,465,480,0.96875,0.03125,0.01371392140057609,0.582819561938951,0.70347733725372,117,117,24,True,
bay-11-7085,457,480,0.9520833333333333,0.04791666666666672,0.01369628347880083,0.809235150580889,0.859697141349603,115,115,24,True,
zk811752,468,480,0.975,0.025000000000000022,0.013663013318054263,0.8357950442548012,0.9098137548666863,117,117,24,True,
inosine,461,480,0.9604166666666667,0.039583333333333304,0.013487277088070224,0.813619167210795,0.890808439309889,116,116,24,True,
wz-3146,444,480,0.925,0.07499999999999996,0.01348333205545449,0.8049107326024518,0.8537016773610047,111,111,24,True,
vu0238429,460,480,0.9583333333333334,0.04166666666666663,0.013458759482909873,0.7399929242803129,0.8376791389606832,115,115,24,True,
harringtonine,455,480,0.9479166666666666,0.05208333333333337,0.013454709991172754,0.705908506306002,0.8021581425673925,114,114,24,True,
le-135,458,480,0.9541666666666667,0.04583333333333328,0.013400926172622608,0.8929418353747155,0.979776173319584,115,115,24,True,
cediranib,473,480,0.9854166666666667,0.014583333333333282,0.013395479375434628,0.767636820987078,0.845070699396261,119,119,24,True,
sr-33805,401,480,0.8354166666666667,0.1645833333333333,0.0133847425008608,0.714652458661177,0.885122136104758,101,101,24,True,
dioscin,433,480,0.9020833333333333,0.09791666666666665,0.01330919888689915,0.77412790143475,0.879733275458495,109,109,24,True,
ar-42,467,480,0.9729166666666667,0.027083333333333348,0.013290739739454714,0.7033753008366854,0.79954062315021,117,117,24,True,
aminoglutethimide,472,480,0.9833333333333333,0.01666666666666672,0.013278844108178606,1.0,1.1259619362605138,129,118,24,True,
osimertinib,478,480,0.9958333333333333,0.004166666666666652,0.013249889133878057,0.8281250280917652,0.9525760254294428,120,120,24,True,
tasisulam,475,480,0.9895833333333334,0.01041666666666663,0.013210360835501376,0.9680874025646395,1.10854738765642,119,119,24,True,
chlorhexidine,412,480,0.8583333333333333,0.14166666666666672,0.01319531666654699,0.8783845422653165,0.9600490962988457,103,103,24,True,
chidamide,455,480,0.9479166666666666,0.05208333333333337,0.013162551568492244,0.800565490607781,0.9423155360899589,114,114,24,True,
tremorine,432,480,0.9,0.09999999999999998,0.013148582000334178,0.7831172790542895,0.8539078723881268,108,108,23,True,
dcebio,439,480,0.9145833333333333,0.0854166666666667,0.013137678588782061,0.78844780826145,0.8677052017757656,110,110,24,True,
parthenolide-(-),456,480,0.95,0.050000000000000044,0.013099855108066933,0.899425697683604,0.9569435628754167,114,114,24,True,
pelitinib,479,480,0.9979166666666667,0.002083333333333326,0.012993895558972792,0.7267442961244794,0.8817879417067325,120,120,24,True,
chloroxine,471,480,0.98125,0.018750000000000044,0.012982500508007847,0.844537307290651,0.9281488726172684,118,118,24,True,
cibenzoline,421,480,0.8770833333333333,0.12291666666666667,0.01294499896406016,1.09729324366661,1.22537358156045,106,106,24,True,
gidazepam,437,480,0.9104166666666667,0.08958333333333335,0.012897502590488148,1.12680714217272,1.25257403178594,110,110,24,True,
ve-822,473,480,0.9854166666666667,0.014583333333333282,0.012877494625546973,0.477631933732105,0.632497614331572,119,119,24,True,
cmpd-1,470,480,0.9791666666666666,0.02083333333333337,0.012834500856882545,0.8179339333455605,0.8766496545354937,118,118,24,True,
pd-168393,471,480,0.98125,0.018750000000000044,0.012812521747826662,0.7839758211009735,0.9001954547228466,118,118,24,True,
tepoxalin,479,480,0.9979166666666667,0.002083333333333326,0.012764221608573812,0.934241102888453,1.058735074966994,120,120,24,True,
narasin,479,480,0.9979166666666667,0.002083333333333326,0.012753485569312618,0.7310414532410705,0.8536237968176568,120,120,24,True,
tedizolid-phosphate,465,480,0.96875,0.03125,0.012725321847319128,0.79948939060211,0.920591548624549,117,117,24,True,
imidapril,471,480,0.98125,0.018750000000000044,0.012674652491487031,0.941327894019912,1.0481193198401673,118,118,24,True,
diclazuril,444,480,0.925,0.07499999999999996,0.012639186328872402,0.783419755239089,0.8485524783414214,111,111,24,True,
jk-184,461,480,0.9604166666666667,0.039583333333333304,0.012596030814451705,0.507169393296783,0.626237985649202,116,116,24,True,
bix-02188,446,480,0.9291666666666667,0.0708333333333333,0.012571913989192786,0.8462147654953722,0.9328006661343685,112,112,24,True,
ly2608204,444,480,0.925,0.07499999999999996,0.012555530561343304,0.789419821842454,0.8287193909292875,111,111,24,True,
mibampator,396,480,0.825,0.17500000000000004,0.01255056505685133,0.8533645158453865,0.920008984316621,99,99,24,True,
hyoscyamine,451,480,0.9395833333333333,0.060416666666666674,0.012435726856456221,0.8205175914584705,0.947362722001345,113,113,24,True,
hmn-214,469,480,0.9770833333333333,0.022916666666666696,0.012412545543563695,0.693900874831626,0.767358692289725,118,118,24,True,
ar-12,444,480,0.925,0.07499999999999996,0.012298655103412794,0.7560670202613823,0.8700313028401992,111,111,24,True,
thiram,421,480,0.8770833333333333,0.12291666666666667,0.01229523425347292,0.565011672420224,0.706570127643086,106,106,24,True,
parbendazole,463,480,0.9645833333333333,0.03541666666666665,0.012270021941415797,0.5892665027598964,0.7004187329794964,116,116,24,True,
cct137690,464,480,0.9666666666666667,0.033333333333333326,0.012260472166380716,0.7294097143301317,0.8297417029017122,116,116,24,True,
zardaverine,464,480,0.9666666666666667,0.033333333333333326,0.012217310029962668,0.7999632241498873,0.856144789708342,116,116,24,True,
eplerenone,441,480,0.91875,0.08125000000000004,0.012186689673418538,0.826604482025295,0.910092386431349,111,111,24,True,
jib04,464,480,0.9666666666666667,0.033333333333333326,0.012136453010673958,0.7454217584976053,0.8588298939848042,116,116,24,True,
pha-848125,479,480,0.9979166666666667,0.002083333333333326,0.01210932518691597,0.7459397483153173,0.8659064280561839,120,120,24,True,
meclizine,412,480,0.8583333333333333,0.14166666666666672,0.012107387528104375,0.8572523663109665,0.9600737816653571,103,103,24,True,
doxycycline,479,480,0.9979166666666667,0.002083333333333326,0.012093264462836487,0.8642414865992558,0.9283100315281747,120,120,24,True,
aphidicolin,402,480,0.8375,0.16249999999999998,0.011976377433633199,0.6923221040448773,0.7846445192889595,101,101,24,True,
ku-0063794,475,480,0.9895833333333334,0.01041666666666663,0.011969736098344305,0.7905743663318875,0.8666090077080619,119,119,24,True,
nanchangmycin,468,480,0.975,0.025000000000000022,0.011965291225274333,0.6109122005933041,0.7213963046538535,117,117,24,True,
cytochalasin-b,473,480,0.9854166666666667,0.014583333333333282,0.011956500872562057,0.766237071577872,0.870962383372323,119,119,24,True,
amsacrine,421,480,0.8770833333333333,0.12291666666666667,0.011906262921093586,0.593969376565043,0.698703685076535,106,106,24,True,
lb42708,467,480,0.9729166666666667,0.027083333333333348,0.011852971635133883,0.689298911501944,0.797479856295918,117,117,24,True,
galeterone,446,480,0.9291666666666667,0.0708333333333333,0.011846970101331938,0.8130685692388028,0.8526827072147235,112,112,24,True,
fk-866,479,480,0.9979166666666667,0.002083333333333326,0.011813460041270108,0.520064565333943,0.6607748422310323,120,120,24,True,
barasertib,479,480,0.9979166666666667,0.002083333333333326,0.011766800326628125,0.8530592923491433,0.9540934025778727,120,120,24,True,
tg-101348,455,480,0.9479166666666666,0.05208333333333337,0.01170811756839463,0.8636295848887735,0.940721683622192,114,114,24,True,
enoximone,426,480,0.8875,0.11250000000000004,0.011706927019199734,1.0685831546066926,1.1996030547656251,107,107,24,True,
temoporfin,473,480,0.9854166666666667,0.014583333333333282,0.011670034873381715,1.0,1.136635940911395,121,119,24,True,
kpt-185,471,480,0.98125,0.018750000000000044,0.011635098302073692,0.581974860352485,0.733626613977933,118,118,24,True,
oridonin,443,480,0.9229166666666667,0.07708333333333328,0.011614915560921035,0.8533538459664289,0.9328257322618665,111,111,24,True,
metyrapone,431,480,0.8979166666666667,0.1020833333333333,0.01161446088132875,1.072160646421855,1.19363321634629,108,108,23,True,
oxyquinoline,478,480,0.9958333333333333,0.004166666666666652,0.01160148691718914,0.9044898810194537,0.9701686624496748,120,120,24,True,
teniposide,466,480,0.9708333333333333,0.029166666666666674,0.01159300327746015,0.5596797118303656,0.6806615862815593,117,117,24,True,
abemaciclib,479,480,0.9979166666666667,0.002083333333333326,0.011516631504089226,0.8138378852324255,0.9310792040928229,120,120,24,True,
panobinostat,474,480,0.9875,0.012499999999999956,0.011459700290736325,0.4844913733221433,0.6284654564993679,119,119,24,True,
wz8040,455,480,0.9479166666666666,0.05208333333333337,0.011455100456466388,0.8423051973235095,0.9518550074260185,114,114,24,True,
obatoclax,473,480,0.9854166666666667,0.014583333333333282,0.011389197797762369,0.682374106611188,0.8225978675330377,119,119,24,True,
diphenyleneiodonium,448,480,0.9333333333333333,0.06666666666666665,0.011365706255412314,0.49230938150171677,0.612290874353298,112,112,24,True,
wye-354,471,480,0.98125,0.018750000000000044,0.011326358199099882,0.8340489644252276,0.9102685075069026,118,118,24,True,
nocodazole,468,480,0.975,0.025000000000000022,0.011313065379003218,0.6250362126813115,0.711884833168361,117,117,24,True,
polydatin,455,480,0.9479166666666666,0.05208333333333337,0.011237704266456313,0.8291897017399554,0.8883601794855085,114,114,24,True,
saracatinib,478,480,0.9958333333333333,0.004166666666666652,0.011223131630409756,0.8179812144650785,0.9093142118802173,120,120,24,True,
avn-944,474,480,0.9875,0.012499999999999956,0.011200151330504612,0.8077462639009739,0.9282912748182943,119,119,24,True,
clofarabine,466,480,0.9708333333333333,0.029166666666666674,0.011192045453336526,0.6606484574091133,0.741557409220574,117,117,24,True,
azd3463,462,480,0.9625,0.03749999999999998,0.011182188745967553,0.6736253883194058,0.7901590805390878,116,116,24,True,
gsk2126458,402,480,0.8375,0.16249999999999998,0.01117795639976451,0.399125075113818,0.5368680167783746,101,101,24,True,
triptolide,422,480,0.8791666666666667,0.12083333333333335,0.011145398101361616,0.03376418880540095,0.14267566901083276,106,106,24,True,
i-bet-762,471,480,0.98125,0.018750000000000044,0.011127495251619395,0.8113864392040293,0.9240872981018302,118,118,24,True,
mitomycin-c,445,480,0.9270833333333334,0.07291666666666663,0.011078455814591513,0.625656098529265,0.744947809681387,112,112,24,True,
pfi-1,454,480,0.9458333333333333,0.054166666666666696,0.010950677723427732,0.7947474200248417,0.857433779389679,114,114,23,True,
tyrphostin-a9,465,480,0.96875,0.03125,0.01073297666030741,0.782727179736533,0.861379088724987,117,117,24,True,
tryptanthrin,474,480,0.9875,0.012499999999999956,0.010693182889463318,0.7748675575076607,0.8644729965663185,119,119,24,True,
azd7762,469,480,0.9770833333333333,0.022916666666666696,0.010676043189424006,0.478806225072633,0.605412317132404,118,118,24,True,
cp-724714,477,480,0.99375,0.006249999999999978,0.010674804602750276,0.8756801552365623,0.9551401489793558,120,120,24,True,
sonidegib,463,480,0.9645833333333333,0.03541666666666665,0.010669517767902443,0.9357322341343833,1.0330857484246838,116,116,24,True,
sunitinib,474,480,0.9875,0.012499999999999956,0.010664324514410359,0.8857557458635594,0.9996359640265056,119,119,24,True,
r547,402,480,0.8375,0.16249999999999998,0.010598964735043152,0.6607703182324023,0.7546515339987078,101,101,24,True,
sch-900776,477,480,0.99375,0.006249999999999978,0.010569832738631114,0.7436071915713753,0.8938568396350752,120,120,24,True,
toremifene,454,480,0.9458333333333333,0.054166666666666696,0.010568181748663029,0.8534771056275887,0.9484278035870808,114,114,24,True,
alpelisib,464,480,0.9666666666666667,0.033333333333333326,0.010527672984135468,0.8460343021694194,0.9690362016658574,116,116,24,True,
sb-431542,457,480,0.9520833333333333,0.04791666666666672,0.010502602107795127,0.779269981641716,0.856657532258403,115,115,24,True,
sertindole,454,480,0.9458333333333333,0.054166666666666696,0.010459514954494287,0.9139202047134353,0.9737621056925423,114,114,24,True,
hexaminolevulinate,464,480,0.9666666666666667,0.033333333333333326,0.010406075585598277,0.8765279812263372,0.958493949262438,116,116,24,True,
pha-767491,460,480,0.9583333333333334,0.04166666666666663,0.01039863461500814,0.8581555575786535,0.9266660776346557,115,115,24,True,
bentazepam,429,480,0.89375,0.10624999999999996,0.010392536154777048,0.909528649117467,1.0111729442627,108,108,23,True,
tipiracil,468,480,0.975,0.025000000000000022,0.010306100908113977,0.8045948506344475,0.848427788340574,117,117,24,True,
3-amino-benzamide,463,480,0.9645833333333333,0.03541666666666665,0.010284974346427968,0.92438480851507,1.0,116,152,24,True,
brequinar,478,480,0.9958333333333333,0.004166666666666652,0.010194672838433992,0.7821050183983097,0.8932637699209908,120,120,24,True,
ganetespib,479,480,0.9979166666666667,0.002083333333333326,0.010170283136034674,0.5046259731276044,0.6499047228674055,120,120,24,True,
scriptaid,472,480,0.9833333333333333,0.01666666666666672,0.010137928912216338,0.8316816087605557,0.8875497702360853,118,118,24,True,
nms-e973,460,480,0.9583333333333334,0.04166666666666663,0.01011353719691771,0.6290013846350946,0.7455626479546915,115,115,24,True,
ver-49009,457,480,0.9520833333333333,0.04791666666666672,0.010062677289860484,0.797979614186301,0.843361094084222,115,115,24,True,
berberine,467,480,0.9729166666666667,0.027083333333333348,0.009974091309686864,0.7656026947281195,0.854473872754325,117,117,24,True,
arry-334543,477,480,0.99375,0.006249999999999978,0.009907194702659536,0.81481989156688,0.9154181406645092,120,120,24,True,
imiquimod,471,480,0.98125,0.018750000000000044,0.009882892796019463,0.9813599081820295,1.0831687751853838,118,118,24,True,
puromycin,461,480,0.9604166666666667,0.039583333333333304,0.009827741152453195,0.692650195840248,0.783968931558206,116,116,24,True,
lapatinib,478,480,0.9958333333333333,0.004166666666666652,0.009825748318359239,0.8613727017849178,0.9589040318582062,120,120,24,True,
gsk-j4,465,480,0.96875,0.03125,0.009811300262712095,0.799349953250362,0.840845805792119,117,117,24,True,
golvatinib,457,480,0.9520833333333333,0.04791666666666672,0.009808187536732073,0.831162918483081,0.9584307199179588,115,115,24,True,
pf-562271,465,480,0.96875,0.03125,0.009799347030768199,0.830033404935658,0.893145352075779,117,117,24,True,
bx-912,474,480,0.9875,0.012499999999999956,0.009756560971883805,0.732018344946765,0.8301464725091872,119,119,24,True,
clonazepam,460,480,0.9583333333333334,0.04166666666666663,0.00971063484947018,0.676499556779394,0.7665334384879805,115,115,24,True,
brigatinib,476,480,0.9916666666666667,0.008333333333333304,0.009673798176772483,0.8816282092759993,1.0,119,120,24,True,
menadione,430,480,0.8958333333333334,0.10416666666666663,0.009632299024593654,0.8780548245120655,0.9410598160750454,108,108,24,True,
uprosertib,475,480,0.9895833333333334,0.01041666666666663,0.009510219846422372,0.7775283210159465,0.8862472715550188,119,119,24,True,
elacridar,460,480,0.9583333333333334,0.04166666666666663,0.009458997947748234,0.9414509376236601,1.0476180074655475,115,115,24,True,
dexrazoxane,397,480,0.8270833333333333,0.17291666666666672,0.009439382751212111,0.806313183460531,0.857658004615208,100,100,24,True,
valrubicin,462,480,0.9625,0.03749999999999998,0.009413863407982895,0.5906056576562597,0.7082500293248317,116,116,24,True,
oxibendazole,465,480,0.96875,0.03125,0.009366924264572377,0.792311486185922,0.851658185915365,117,117,24,True,
echinomycin,467,480,0.9729166666666667,0.027083333333333348,0.009338674444955185,0.1635902510778145,0.293573318781926,117,117,24,True,
niraparib,471,480,0.98125,0.018750000000000044,0.009330208131148226,0.8637640411035923,0.9769265532641137,118,118,24,True,
dinaciclib,480,480,1.0,0.0,0.009256977328708501,0.5326480812683232,0.6616425304615097,120,120,24,True,
bortezomib,479,480,0.9979166666666667,0.002083333333333326,0.00925170303329961,0.46339552465661016,0.5713455757934962,120,120,24,True,
genz-644282,469,480,0.9770833333333333,0.022916666666666696,0.009167986681323969,0.2697614190039,0.384968852071205,118,118,24,True,
nvp-tae226,461,480,0.9604166666666667,0.039583333333333304,0.009128593548920998,0.619446736079923,0.720755333908688,116,116,24,True,
tenovin-6,462,480,0.9625,0.03749999999999998,0.009078557704630468,0.8388963337611925,0.8874700087422003,116,116,24,True,
epothilone-a,464,480,0.9666666666666667,0.033333333333333326,0.009066110223646921,0.39940541391927425,0.49721683457162524,116,116,24,True,
podophyllotoxin,469,480,0.9770833333333333,0.022916666666666696,0.00905794694686969,0.448572509747058,0.561937693658428,118,118,24,True,
sb-216641,455,480,0.9479166666666666,0.05208333333333337,0.0090544876954327,0.8839987260212445,0.9487196656149606,114,114,24,True,
indibulin,463,480,0.9645833333333333,0.03541666666666665,0.008987413743444965,0.6148939947190785,0.7200284886611394,116,116,24,True,
carmofur,471,480,0.98125,0.018750000000000044,0.008950677906781517,0.8217601242083744,0.9234207445545005,118,118,24,True,
pirenperone,470,480,0.9791666666666666,0.02083333333333337,0.008921553435217448,0.6955220312203653,0.7880979622846085,118,118,24,True,
fosbretabulin,477,480,0.99375,0.006249999999999978,0.00890927290515138,0.7796533243199532,0.8796441185790689,120,120,24,True,
cetylpyridinium,465,480,0.96875,0.03125,0.00889343245191757,0.773771803399086,0.863426413265585,117,117,24,True,
linsitinib,464,480,0.9666666666666667,0.033333333333333326,0.008869351029712766,0.8913273876813892,0.9710439892436835,116,116,24,True,
bruceantin,469,480,0.9770833333333333,0.022916666666666696,0.008831958629097005,0.484181120173967,0.598256399573638,118,118,24,True,
foretinib,478,480,0.9958333333333333,0.004166666666666652,0.008805175337070354,0.7687581885774337,0.8799185553573419,120,120,24,True,
napabucasin,476,480,0.9916666666666667,0.008333333333333304,0.008792047667053316,0.6101313602348255,0.7449413195366179,119,119,24,True,
pi-103,457,480,0.9520833333333333,0.04791666666666672,0.00876167585464418,0.871319196284185,0.934426144689082,115,115,24,True,
cinacalcet,470,480,0.9791666666666666,0.02083333333333337,0.008689791088068648,0.8927779054347488,0.962192512558415,118,118,24,True,
flubendazole,476,480,0.9916666666666667,0.008333333333333304,0.008589053358746844,0.7395121906226088,0.8242310191257607,119,119,24,True,
sulconazole,465,480,0.96875,0.03125,0.008579298832588239,0.89031826988565,0.939005029814577,117,117,24,True,
mexiletine,462,480,0.9625,0.03749999999999998,0.008538469980385125,0.7256408774350694,0.8159217700667463,116,116,24,True,
pha-680632,444,480,0.925,0.07499999999999996,0.008506127754973555,0.7347313686987638,0.8327824670642463,111,111,24,True,
azd2014,476,480,0.9916666666666667,0.008333333333333304,0.008501815309268421,0.7001005157868538,0.8374947596973533,119,119,24,True,
az20,461,480,0.9604166666666667,0.039583333333333304,0.008492532272488697,0.796706657172672,0.844558030892843,116,116,24,True,
pi3k-in-2,472,480,0.9833333333333333,0.01666666666666672,0.008445381265642524,0.638026883624605,0.7620363979267163,118,118,24,True,
azd8055,453,480,0.94375,0.05625000000000002,0.008393448402649897,0.566704422152375,0.678536239560106,114,114,24,True,
ouabain,406,480,0.8458333333333333,0.15416666666666667,0.008366559265640554,0.5289443770290619,0.5752150128342565,102,102,24,True,
at13387,477,480,0.99375,0.006249999999999978,0.008337977661190571,0.60707009926348,0.7441127194247485,120,120,24,True,
darapladib,461,480,0.9604166666666667,0.039583333333333304,0.008335093363002038,0.912758044649174,0.953042965372913,116,116,24,True,
jnj-7706621,438,480,0.9125,0.08750000000000002,0.008328452545382663,0.8105544588737805,0.8670333773113585,110,110,24,True,
way-600,473,480,0.9854166666666667,0.014583333333333282,0.00831661952607121,0.76749585757072,0.850181422627028,119,119,24,True,
nemorubicin,471,480,0.98125,0.018750000000000044,0.008188505340896025,0.3217100692903395,0.417718351848017,118,118,24,True,
tetrandrine,455,480,0.9479166666666666,0.05208333333333337,0.008091704950172716,0.861982726262513,0.935050359896525,114,114,24,True,
sb-939,470,480,0.9791666666666666,0.02083333333333337,0.008033057292183675,0.5406189482731287,0.6592261297026387,118,118,24,True,
marimastat,466,480,0.9708333333333333,0.029166666666666674,0.008019013569100928,0.7678190542119823,0.8503476645391872,117,117,24,True,
at-7519,477,480,0.99375,0.006249999999999978,0.008010686493228511,0.7748785928821407,0.8752519686035661,120,120,24,True,
dovitinib,470,480,0.9791666666666666,0.02083333333333337,0.007992772888160703,0.8667641710258113,0.9568392119589516,118,118,24,True,
azithromycin,424,480,0.8833333333333333,0.1166666666666667,0.00795648594942238,0.8457034632222785,0.9201436165437202,106,106,24,True,
nsc-663284,463,480,0.9645833333333333,0.03541666666666665,0.007929114801336862,0.815185257828237,0.881645261656424,116,116,24,True,
lanatoside-c,462,480,0.9625,0.03749999999999998,0.00792291129824003,0.6981908379642258,0.7798639810456555,116,116,24,True,
ml133,464,480,0.9666666666666667,0.033333333333333326,0.007911229139183048,0.8515977290985626,0.9145452770722284,116,116,24,True,
abt-751,463,480,0.9645833333333333,0.03541666666666665,0.007888617498517351,0.5705987155972655,0.6503844861569685,116,116,24,True,
mk-1775,479,480,0.9979166666666667,0.002083333333333326,0.007754791231865896,0.7346158540123451,0.850405227988903,120,120,24,True,
ch5132799,402,480,0.8375,0.16249999999999998,0.0077449753965243865,0.7623459603539591,0.8519461353403642,101,101,24,True,
ccg-50014,456,480,0.95,0.050000000000000044,0.007734757651736823,0.8025105331515938,0.8630434158236895,114,114,24,True,
plinabulin,470,480,0.9791666666666666,0.02083333333333337,0.007727435868320175,0.4446336391753025,0.5477969926302615,118,118,24,True,
etp-46464,468,480,0.975,0.025000000000000022,0.007706206259784984,0.7860692836006757,0.8542794623010332,117,117,24,True,
digitoxigenin,474,480,0.9875,0.012499999999999956,0.007682686774992655,0.6981335893840915,0.7752052946006155,119,119,24,True,
batimastat,478,480,0.9958333333333333,0.004166666666666652,0.00767407803603779,0.8010673353159705,0.9126208675264501,120,120,24,True,
gdc-0349,468,480,0.975,0.025000000000000022,0.007642726330779427,0.633837017540672,0.7271688821907862,117,117,24,True,
ha14-1,442,480,0.9208333333333333,0.07916666666666672,0.0075652744240842906,0.8785941689614908,0.9428314259900485,111,111,24,True,
tg-100572,462,480,0.9625,0.03749999999999998,0.007537449590380346,0.8138240209605827,0.8699964726001027,116,116,24,True,
alvocidib,466,480,0.9708333333333333,0.029166666666666674,0.007525120639170711,0.5939977137107202,0.6987196595612329,117,117,24,True,
imatinib,473,480,0.9854166666666667,0.014583333333333282,0.007469027982250713,0.913118960346657,0.973855014218488,119,119,24,True,
av-412,460,480,0.9583333333333334,0.04166666666666663,0.007423739480271385,0.8418669022287437,0.9126440233306323,115,115,24,True,
tak-632,446,480,0.9291666666666667,0.0708333333333333,0.007344809990877176,0.726811169127222,0.8316177656642805,112,112,24,True,
bntx,458,480,0.9541666666666667,0.04583333333333328,0.007334742495830446,0.8110726306084782,0.865253561457725,115,115,23,True,
mozavaptan,475,480,0.9895833333333334,0.01041666666666663,0.007330137623807494,0.8835837523979977,0.9614166948461945,119,119,24,True,
crizotinib,479,480,0.9979166666666667,0.002083333333333326,0.0073227295783522585,0.8412278043924002,0.9252643238403977,120,120,24,True,
belinostat,476,480,0.9916666666666667,0.008333333333333304,0.007296627108743506,0.7640359296422241,0.881363833023218,119,119,24,True,
peruvoside,438,480,0.9125,0.08750000000000002,0.007290021018124475,0.5547556824034344,0.6681937057671016,110,110,24,True,
prt062607,460,480,0.9583333333333334,0.04166666666666663,0.0071647174986398995,0.8822734659541892,0.9454062383302487,115,115,24,True,
crenolanib,468,480,0.975,0.025000000000000022,0.006998846098100433,0.7018179227853298,0.7911942204962753,117,117,24,True,
vanoxerine,470,480,0.9791666666666666,0.02083333333333337,0.006969098185494836,0.803588348471999,0.8413702511740377,118,118,24,True,
m-344,467,480,0.9729166666666667,0.027083333333333348,0.006959461390986738,0.667577599323425,0.767409074119881,117,117,24,True,
azd6482,476,480,0.9916666666666667,0.008333333333333304,0.00678192564619799,0.7281590168293068,0.80475811478115,119,119,24,True,
su3327,470,480,0.9791666666666666,0.02083333333333337,0.006778521668640988,0.8461057931975065,0.9188497370036495,118,118,24,True,
anguidine,462,480,0.9625,0.03749999999999998,0.0067451304260894756,0.5563401606232747,0.6602649510782278,116,116,24,True,
kf-38789,470,480,0.9791666666666666,0.02083333333333337,0.0066886647787640155,0.7730669962374047,0.8335321699479965,118,118,24,True,
xl888,453,480,0.94375,0.05625000000000002,0.006680167506002185,0.539393395908213,0.596590690271718,114,114,24,True,
cudc-907,470,480,0.9791666666666666,0.02083333333333337,0.006653837870444218,0.39780618286937275,0.461759036014922,118,118,24,True,
cd-437,467,480,0.9729166666666667,0.027083333333333348,0.006653183757295469,0.6805421006342065,0.7511977265809351,117,117,24,True,
ly3023414,469,480,0.9770833333333333,0.022916666666666696,0.006622255584711052,0.549406610853288,0.653466937410837,118,118,24,True,
pr-619,445,480,0.9270833333333334,0.07291666666666663,0.00655833426004916,0.819683989871752,0.867464362320645,112,112,24,True,
doxorubicin,464,480,0.9666666666666667,0.033333333333333326,0.006536149910955011,0.5371115561267825,0.6150301231184102,116,116,24,True,
buparlisib,447,480,0.93125,0.06874999999999998,0.006512544893621954,0.7675519457134721,0.837687208249339,112,112,24,True,
nh125,473,480,0.9854166666666667,0.014583333333333282,0.006504961295631043,0.82029595818867,0.851814624476231,119,119,24,True,
nms-873,462,480,0.9625,0.03749999999999998,0.0064635670435388955,0.6167186662368087,0.7039239615475837,116,116,24,True,
lappaconite,473,480,0.9854166666666667,0.014583333333333282,0.006447981750906551,0.82611737371562,0.867192371681453,119,119,24,True,
midostaurin,469,480,0.9770833333333333,0.022916666666666696,0.006377573551895145,0.664955171499374,0.738566519875779,118,118,24,True,
lenvatinib,477,480,0.99375,0.006249999999999978,0.006344681365354907,0.7963725219408864,0.8689410933365115,120,120,24,True,
ponatinib,475,480,0.9895833333333334,0.01041666666666663,0.006311905722611319,0.7941878573349113,0.8999238674616368,119,119,24,True,
idarubicin,421,480,0.8770833333333333,0.12291666666666667,0.006292772947126023,0.556675738541611,0.667617426065095,106,106,24,True,
cep-37440,457,480,0.9520833333333333,0.04791666666666672,0.006289915799775273,0.862354417274523,0.926443441356507,115,115,24,True,
resiquimod,473,480,0.9854166666666667,0.014583333333333282,0.006283024411238503,0.9034210377138683,0.975429538748933,119,119,24,True,
onc201,474,480,0.9875,0.012499999999999956,0.006281886695896723,0.8686619646954189,0.9465736533702043,119,119,24,True,
stf-118804,461,480,0.9604166666666667,0.039583333333333304,0.006280814804660203,0.669098570996313,0.696627481842358,116,116,24,True,
ikk-16,462,480,0.9625,0.03749999999999998,0.006262057597603133,0.8829344424889353,0.9431960591724375,116,116,24,True,
snx-2112,469,480,0.9770833333333333,0.022916666666666696,0.006260141845124353,0.434006333547751,0.547301354579241,118,118,24,True,
bgt226,447,480,0.93125,0.06874999999999998,0.006233693959378415,0.358016981683599,0.456185493811574,112,112,24,True,
ots167,476,480,0.9916666666666667,0.008333333333333304,0.00622118828006693,0.3694230446643275,0.471830122226645,119,119,24,True,
cetrimonium,469,480,0.9770833333333333,0.022916666666666696,0.00620819326077558,0.817303733125789,0.885535886589183,118,118,24,True,
givinostat,446,480,0.9291666666666667,0.0708333333333333,0.00619631589492112,0.6606190695775978,0.7372916184461767,112,112,24,True,
dichloroacetate,470,480,0.9791666666666666,0.02083333333333337,0.006165483243490923,0.9165049769021072,0.9843975177819486,118,118,24,True,
aurora-a-inhibitor-i,457,480,0.9520833333333333,0.04791666666666672,0.0061350954029931746,0.850492090335017,0.915578918968247,115,115,23,True,
2-methoxyestradiol,479,480,0.9979166666666667,0.002083333333333326,0.006128133749151688,0.8519848128292411,0.934101349520252,120,120,24,True,
pki-179,467,480,0.9729166666666667,0.027083333333333348,0.006112162684251097,0.5956372846299305,0.7081784512825885,117,117,24,True,
dacinostat,467,480,0.9729166666666667,0.027083333333333348,0.0060603320645149245,0.556481334993465,0.660240836265395,117,117,24,True,
parthenolide,396,480,0.825,0.17500000000000004,0.00591791960202746,0.8324722762407553,0.8638637539990662,99,99,24,True,
pf-05212384,476,480,0.9916666666666667,0.008333333333333304,0.00588105986717684,0.5730271674478182,0.6878039870781956,119,119,24,True,
pp242,464,480,0.9666666666666667,0.033333333333333326,0.005864701216528847,0.7420530741413215,0.8289514131143938,116,116,24,True,
oprozomib,402,480,0.8375,0.16249999999999998,0.005852070284063319,0.4857414466585235,0.566816926003483,101,101,24,True,
avl-292,458,480,0.9541666666666667,0.04583333333333328,0.005838934937363293,0.8673337140171575,0.9555971451156262,115,115,24,True,
ly2334737,463,480,0.9645833333333333,0.03541666666666665,0.005824892201120035,0.7942536865076291,0.846642875164318,116,116,24,True,
vorinostat,477,480,0.99375,0.006249999999999978,0.005814844989265366,0.7936413430187486,0.894045122230482,120,120,24,True,
anisomycin,468,480,0.975,0.025000000000000022,0.005798327328991776,0.6518945599023971,0.7390208915976595,117,117,24,True,
selinexor,479,480,0.9979166666666667,0.002083333333333326,0.00574219516884473,0.5894632736977402,0.6779804548939434,120,120,24,True,
jtc-801,464,480,0.9666666666666667,0.033333333333333326,0.005711255540451849,0.8391705112116165,0.8861093340925932,116,116,24,True,
7-hydroxystaurosporine,402,480,0.8375,0.16249999999999998,0.0056919986744432575,0.6503666203448317,0.745519636770597,101,101,24,True,
torin-1,468,480,0.975,0.025000000000000022,0.005688048635371956,0.5751921998302101,0.6635024019975927,117,117,24,True,
tivantinib,479,480,0.9979166666666667,0.002083333333333326,0.005674041692539128,0.7908753230425095,0.8803810220642556,120,120,24,True,
delanzomib,470,480,0.9791666666666666,0.02083333333333337,0.005664150579290296,0.43146404409149824,0.5256768284642654,118,118,24,True,
snx-5422,402,480,0.8375,0.16249999999999998,0.0055956319105769136,0.5680328983635458,0.6417232273380125,101,101,24,True,
gambogic-acid,478,480,0.9958333333333333,0.004166666666666652,0.005516684818233292,0.7314284981101881,0.8294177044715076,120,120,24,True,
ixabepilone,464,480,0.9666666666666667,0.033333333333333326,0.005509611817073862,0.571004380480294,0.6512297752165476,116,116,24,True,
biib021,478,480,0.9958333333333333,0.004166666666666652,0.005487574265260745,0.7032164358254072,0.8106370832520424,120,120,24,True,
pp-121,468,480,0.975,0.025000000000000022,0.005447705078240906,0.5548321674852208,0.6569739300222852,117,117,24,True,
bms-387032,461,480,0.9604166666666667,0.039583333333333304,0.005430030075077664,0.551112100354248,0.640521490371417,116,116,24,True,
alexidine,463,480,0.9645833333333333,0.03541666666666665,0.005413351550737655,0.8657913632010595,0.927707096809075,116,116,24,True,
r306465,402,480,0.8375,0.16249999999999998,0.005412052184106265,0.655575109415762,0.7360787675527543,101,101,24,True,
pyrithione-zinc,467,480,0.9729166666666667,0.027083333333333348,0.005358076503881993,0.6159464616510231,0.703000880045507,117,117,24,True,
dacarbazine,447,480,0.93125,0.06874999999999998,0.005213569649920684,0.9032566528786494,0.9819431983094196,112,112,24,True,
osi-027,475,480,0.9895833333333334,0.01041666666666663,0.005202810579108758,0.718664440489579,0.825895427184426,119,119,24,True,
digoxigenin,461,480,0.9604166666666667,0.039583333333333304,0.005155833950046552,0.878408311500114,0.944569159215631,116,116,24,True,
thioguanine,473,480,0.9854166666666667,0.014583333333333282,0.005152349502797717,0.8575596089214114,0.9321270884392915,119,119,24,True,
dpi-201106,455,480,0.9479166666666666,0.05208333333333337,0.0051000521351361496,0.8088053509354649,0.866879601411638,114,114,24,True,
halofuginone,447,480,0.93125,0.06874999999999998,0.0050771690747129445,0.5703188277193696,0.6730006668143615,112,112,24,True,
penfluridol,465,480,0.96875,0.03125,0.0050539122274262,0.702023552818686,0.795389950452269,117,117,24,True,
thiomersal,462,480,0.9625,0.03749999999999998,0.005032483912348914,0.8683326827836773,0.937717193699626,116,116,24,True,
ldn-57444,445,480,0.9270833333333334,0.07291666666666663,0.005012819629341588,0.875926269676003,0.939613378068537,112,112,24,True,
ixazomib-citrate,446,480,0.9291666666666667,0.0708333333333333,0.00491986076082311,0.6711763715644985,0.7340299716255415,112,112,24,True,
phenylmercuric-acetate,463,480,0.9645833333333333,0.03541666666666665,0.004805601903341471,0.7812953728984184,0.8395473084438909,116,116,24,True,
metaraminol,466,480,0.9708333333333333,0.029166666666666674,0.0047710908493993065,0.7402902563406655,0.8030761143908848,117,117,24,True,
pci-24781,470,480,0.9791666666666666,0.02083333333333337,0.004711421949773628,0.6978193636067389,0.7666507493565828,118,118,24,True,
tw-37,462,480,0.9625,0.03749999999999998,0.004697639296176422,0.6704380259009878,0.7291556887187612,116,116,24,True,
brilliant-green,447,480,0.93125,0.06874999999999998,0.004696613781219423,0.530129316579655,0.56655473179939,112,112,24,True,
motesanib,469,480,0.9770833333333333,0.022916666666666696,0.0046894263613316564,0.8818719615206385,0.967827536466086,118,118,24,True,
alectinib,464,480,0.9666666666666667,0.033333333333333326,0.0046698320020414925,0.9158191492178868,0.9743801269706895,116,116,24,True,
crizotinib-(s),445,480,0.9270833333333334,0.07291666666666663,0.004662223156095475,0.809043658805649,0.862152937575099,112,112,24,True,
p276-00,479,480,0.9979166666666667,0.002083333333333326,0.004502055294864779,0.6990387850679299,0.7858469656227218,120,120,24,True,
ro-106-9920,468,480,0.975,0.025000000000000022,0.004455085752986597,0.7334210110142878,0.813839345053808,117,117,24,True,
dronedarone,439,480,0.9145833333333333,0.0854166666666667,0.004445638008158343,0.8357872021683606,0.881483785953307,110,110,24,True,
a-674563,447,480,0.93125,0.06874999999999998,0.004403026759987212,0.746030465666915,0.8324472858539855,112,112,24,True,
curcumin,457,480,0.9520833333333333,0.04791666666666672,0.0043526879953390265,0.830140194409713,0.874453271831042,115,115,24,True,
tg-02,473,480,0.9854166666666667,0.014583333333333282,0.00434721656028193,0.74789575320764,0.817161179781631,119,119,24,True,
trichostatin-a,448,480,0.9333333333333333,0.06666666666666665,0.0043398615531888346,0.5496361775208035,0.5993052119374237,112,112,24,True,
atiprimod,476,480,0.9916666666666667,0.008333333333333304,0.004320334386496069,0.8202118864020506,0.9178257597753312,119,119,24,True,
rs-17053,447,480,0.93125,0.06874999999999998,0.00430446765805834,0.8798661872316755,0.937640970871253,112,112,24,True,
thonzonium,443,480,0.9229166666666667,0.07708333333333328,0.004287669224201279,0.8014890475831835,0.8407025710728735,111,111,24,True,
bardoxolone-methyl,477,480,0.99375,0.006249999999999978,0.004208759378712557,0.699724101123999,0.7761944011408168,120,120,24,True,
cr8-(r),475,480,0.9895833333333334,0.01041666666666663,0.004170770877746192,0.649665289616202,0.7153507057391565,119,119,24,True,
sb-2343,476,480,0.9916666666666667,0.008333333333333304,0.004106291690580626,0.6553516232435307,0.7356492345013977,119,119,24,True,
emetine,463,480,0.9645833333333333,0.03541666666666665,0.004006764294760871,0.547418621287335,0.593814910308248,116,116,24,True,
azalomycin-b,465,480,0.96875,0.03125,0.00400423863031162,0.702410953798428,0.777037717844681,117,117,24,True,
pf-04691502,447,480,0.93125,0.06874999999999998,0.003983999785058449,0.639970846462346,0.6975282313915715,112,112,24,True,
torin-2,462,480,0.9625,0.03749999999999998,0.003981999558209396,0.6156963644854395,0.708774998465069,116,116,24,True,
unc0631,453,480,0.94375,0.05625000000000002,0.00396705724608376,0.849933621402912,0.920673437333973,114,114,24,True,
brefeldin-a,470,480,0.9791666666666666,0.02083333333333337,0.003958071321838616,0.5416932481836768,0.6185548700507271,118,118,24,True,
stattic,442,480,0.9208333333333333,0.07916666666666672,0.003950981408661243,0.8436875130713632,0.891145331118803,111,111,24,True,
skf-96365,400,480,0.8333333333333334,0.16666666666666663,0.003946175215186768,0.7901081652336872,0.8262625204361292,100,100,24,True,
onx-0914,463,480,0.9645833333333333,0.03541666666666665,0.003916133969400062,0.6150464373982695,0.682107672681963,116,116,24,True,
digoxin,446,480,0.9291666666666667,0.0708333333333333,0.003895954109339941,0.6074119845415645,0.692920732845046,112,112,24,True,
cyclovalone,464,480,0.9666666666666667,0.033333333333333326,0.0038159084388738975,0.88055367443508,0.9460147436513942,116,116,24,True,
pu-h71,467,480,0.9729166666666667,0.027083333333333348,0.003784330347032571,0.6888427142184815,0.7444146737140864,117,117,24,True,
9-aminoacridine,460,480,0.9583333333333334,0.04166666666666663,0.0037346298781949787,0.8075312562208807,0.846123795421601,115,115,24,True,
cid-5458317,474,480,0.9875,0.012499999999999956,0.003727035002211904,0.835608253470558,0.8760180817393863,119,119,24,True,
mg-132,462,480,0.9625,0.03749999999999998,0.0036238417742489124,0.5092060512516156,0.5644482169496498,116,116,24,True,
ryuvidine,459,480,0.95625,0.043749999999999956,0.003607162304334283,0.817781346246213,0.8725808841175715,115,115,24,True,
nsc-697923,466,480,0.9708333333333333,0.029166666666666674,0.0035127827720392133,0.7735322301864666,0.832815327747165,117,117,24,True,
spironolactone,444,480,0.925,0.07499999999999996,0.003481721998701021,0.805195151910955,0.8388449338135943,111,111,24,True,
bi-78d3,444,480,0.925,0.07499999999999996,0.003393612726558688,0.8280789697267802,0.8867834412277977,111,111,24,True,
lasalocid,463,480,0.9645833333333333,0.03541666666666665,0.0033545650889340375,0.814748582056665,0.848941182537029,116,116,24,True,
wp1130,468,480,0.975,0.025000000000000022,0.003233383149993521,0.6782916871990382,0.7149496465493073,117,117,24,True,
azd5438,453,480,0.94375,0.05625000000000002,0.003197481574754325,0.797181852462291,0.845324362581101,114,114,24,True,
bay-11-7082,443,480,0.9229166666666667,0.07708333333333328,0.002879458546133197,0.880997387333109,0.943107409302598,111,111,24,True,
pacritinib,462,480,0.9625,0.03749999999999998,0.0026493208621493954,0.8421518846085599,0.8791403874730302,116,116,24,True,
bix-01294,468,480,0.975,0.025000000000000022,0.0026096846638284845,0.8479802645398138,0.8975794820430377,117,117,24,True,
er-27319,469,480,0.9770833333333333,0.022916666666666696,0.002539039001296293,0.795657975177383,0.840973462109877,118,118,24,True,
bisindolylmaleimide-ix,473,480,0.9854166666666667,0.014583333333333282,0.0025377336960632347,0.803629984695431,0.829442099386403,119,119,24,True,
pik-75,465,480,0.96875,0.03125,0.002516707820809531,0.554870711816725,0.588902323436555,117,117,24,True,
ldn-212854,468,480,0.975,0.025000000000000022,0.0024347109943670393,0.7507390988576518,0.815606714411469,117,117,24,True,
beta-lapachone,468,480,0.975,0.025000000000000022,0.002377654326561899,0.7377921528908212,0.8063476389306108,117,117,24,True,
gossypol,462,480,0.9625,0.03749999999999998,0.0019361816931409003,0.8016213284765235,0.8311343438992962,116,116,24,True,
wp1066,470,480,0.9791666666666666,0.02083333333333337,0.0016001044890589905,0.7324312196591207,0.7752883638878895,118,118,24,True,
triamcinolone-acetonide,325,480,0.6770833333333334,0.32291666666666663,0.12591998725359113,0.92082476725034,1.44098455455498,82,82,23,False,insufficient_models;excess_missingness
narlaprevir,149,480,0.3104166666666667,0.6895833333333333,0.10017105534337067,0.989640205083376,1.51457129633689,38,38,21,False,insufficient_models;excess_missingness;insufficient_sensitive_examples;insufficient_resistant_examples
naloxone,309,480,0.64375,0.35624999999999996,0.09432813615982598,0.674414530790565,0.978595134879256,78,78,23,False,insufficient_models;excess_missingness
scs,345,480,0.71875,0.28125,0.08697925211769521,0.911300265513589,1.32587892087644,87,87,24,False,insufficient_models;excess_missingness
dexamethasone-acetate,348,480,0.725,0.275,0.08559194283006871,1.1406616310756899,1.4800155099792,87,87,24,False,insufficient_models;excess_missingness
colistin-b-sulfate,308,480,0.6416666666666667,0.3583333333333333,0.08185135624432777,1.1981430493753924,1.540482351669485,77,77,23,False,insufficient_models;excess_missingness
gsk256066,328,480,0.6833333333333333,0.31666666666666665,0.08107473837877228,0.914731348234054,1.31766741287014,82,82,24,False,insufficient_models;excess_missingness
minocycline,371,480,0.7729166666666667,0.2270833333333333,0.08016524470545199,0.950944385951357,1.2993497077208849,93,93,24,False,excess_missingness
azd4547,346,480,0.7208333333333333,0.2791666666666667,0.07836969178664542,1.000719163547,1.4458658183005326,87,87,24,False,insufficient_models;excess_missingness
bms-707035,381,480,0.79375,0.20625000000000004,0.07641847447222169,1.1256430904306,1.46607545184094,96,96,24,False,excess_missingness
doxercalciferol,374,480,0.7791666666666667,0.22083333333333333,0.07464427944153805,0.9158254622499392,1.265985485948945,94,94,24,False,excess_missingness
altretamine,167,480,0.34791666666666665,0.6520833333333333,0.07378975263932472,0.9730982473640626,1.32691100688696,42,42,21,False,insufficient_models;excess_missingness;insufficient_sensitive_examples;insufficient_resistant_examples
dichlorisone-acetate,359,480,0.7479166666666667,0.2520833333333333,0.0735788498567252,1.088758327212525,1.44717753663412,90,90,24,False,excess_missingness
camptothecin,366,480,0.7625,0.23750000000000004,0.07344598427262465,0.21154656987591924,0.48803222115776024,92,92,24,False,excess_missingness
clobutinol,338,480,0.7041666666666667,0.2958333333333333,0.0718497181309559,1.0876593458646875,1.426681597718345,85,85,24,False,insufficient_models;excess_missingness
stemregenin-1,369,480,0.76875,0.23124999999999996,0.06713644937600818,1.00004077080185,1.33047198673097,93,93,24,False,excess_missingness
lacitol,366,480,0.7625,0.23750000000000004,0.06656641001112083,0.9129752475750594,1.23865891578,92,92,24,False,excess_missingness
clocortolone-pivalate,236,480,0.49166666666666664,0.5083333333333333,0.06625484924855866,0.8811809641049735,1.1842384755962274,59,59,20,False,insufficient_models;excess_missingness
dimethisoquin,356,480,0.7416666666666667,0.2583333333333333,0.06503930794437245,1.02625243597784,1.377297812546705,89,89,24,False,excess_missingness
streptozotocin,361,480,0.7520833333333333,0.24791666666666667,0.06403410579279356,0.948831801688155,1.2833338988339,91,91,24,False,excess_missingness
fluticasone-propionate,378,480,0.7875,0.21250000000000002,0.06378002652463056,0.8096167666324432,0.9449592512924547,95,95,24,False,excess_missingness
prednisolone-tebutate,299,480,0.6229166666666667,0.3770833333333333,0.06329657899130182,1.109859877091535,1.4040762495986199,75,75,22,False,insufficient_models;excess_missingness
bts-54505,320,480,0.6666666666666666,0.33333333333333337,0.06145756201587374,0.9542958394221159,1.28752000254569,80,80,22,False,insufficient_models;excess_missingness
lovastatin,285,480,0.59375,0.40625,0.06052024355868132,0.923724845064638,1.30222390052569,72,72,24,False,insufficient_models;excess_missingness
fexinidazole,357,480,0.74375,0.25625,0.059974834289030284,0.89802088297041,1.25647232371711,90,90,24,False,excess_missingness
at7867,343,480,0.7145833333333333,0.28541666666666665,0.05944183043644692,0.9591166821800194,1.309558662213035,86,86,24,False,insufficient_models;excess_missingness
4e1rcat,381,480,0.79375,0.20625000000000004,0.058708512097138954,0.969381171239653,1.37019380380859,96,96,24,False,excess_missingness
bucladesine,250,480,0.5208333333333334,0.47916666666666663,0.05868261422157441,0.8560106560816253,0.9466669751547561,63,63,24,False,insufficient_models;excess_missingness
isoxsuprine,292,480,0.6083333333333333,0.3916666666666667,0.05748017501064105,0.9536787490323355,1.28281810620154,73,73,24,False,insufficient_models;excess_missingness
thioproperazine,154,480,0.32083333333333336,0.6791666666666667,0.05746323771097748,0.9482220079437051,1.3436339956232826,39,39,21,False,insufficient_models;excess_missingness;insufficient_sensitive_examples;insufficient_resistant_examples
eprinomectin,351,480,0.73125,0.26875000000000004,0.055446172523542336,0.9115386861604651,1.237253978385845,88,88,24,False,excess_missingness
telotristat-ethyl,276,480,0.575,0.42500000000000004,0.05488803243342339,0.8548405534204815,1.0417870117354702,69,69,24,False,insufficient_models;excess_missingness
ramifenazone,382,480,0.7958333333333333,0.20416666666666672,0.05477833994255602,0.984023988105128,1.2761100715125802,96,96,24,False,excess_missingness
zolantidine,247,480,0.5145833333333333,0.4854166666666667,0.05375761504477957,0.9126033050570941,0.9702531045678979,62,62,24,False,insufficient_models;excess_missingness
sobetirome,368,480,0.7666666666666667,0.23333333333333328,0.05348767978727225,1.150162937257125,1.4135135190357324,92,92,24,False,excess_missingness
hypericin,365,480,0.7604166666666666,0.23958333333333337,0.053347822920506875,0.945669543953003,1.23291144924985,92,92,24,False,excess_missingness
nadifloxacin,353,480,0.7354166666666667,0.2645833333333333,0.05289620966260951,0.978880532907359,1.33380034266616,89,89,24,False,excess_missingness
isometheptene-mucate,274,480,0.5708333333333333,0.4291666666666667,0.052880691520689985,1.098589382468635,1.3505263033240025,69,69,22,False,insufficient_models;excess_missingness
niacin,349,480,0.7270833333333333,0.2729166666666667,0.052722048187221975,0.962735906518432,1.29142535316081,88,88,24,False,insufficient_models;excess_missingness
iobenguane,279,480,0.58125,0.41874999999999996,0.05212131307749805,0.9860162049969865,1.303678219175115,70,70,24,False,insufficient_models;excess_missingness
pitavastatin,333,480,0.69375,0.30625,0.05184230518368466,0.753853497717106,0.900199896981036,84,84,22,False,insufficient_models;excess_missingness
tyloxapol,301,480,0.6270833333333333,0.3729166666666667,0.051610119653102186,0.964477779594538,1.24949359281429,76,76,23,False,insufficient_models;excess_missingness
cromakalim,224,480,0.4666666666666667,0.5333333333333333,0.05154694830513696,0.9189865824896957,1.0253198550983524,56,56,22,False,insufficient_models;excess_missingness
cudc-101,182,480,0.37916666666666665,0.6208333333333333,0.051364154559547716,0.730943688421812,0.8697190471872009,46,46,23,False,insufficient_models;excess_missingness;insufficient_sensitive_examples;insufficient_resistant_examples
am-404,250,480,0.5208333333333334,0.47916666666666663,0.051296675379632034,0.9172508486906508,1.1654346991640225,63,63,24,False,insufficient_models;excess_missingness
capsaicin,319,480,0.6645833333333333,0.3354166666666667,0.050975453850196153,1.02810959090358,1.3257504608028499,80,80,22,False,insufficient_models;excess_missingness
alogliptin,366,480,0.7625,0.23750000000000004,0.0494531446629433,1.07037090560662,1.3774430890368625,92,92,24,False,excess_missingness
ru-58841,346,480,0.7208333333333333,0.2791666666666667,0.04938521256522213,0.9212541309594587,1.2121012175458075,87,87,24,False,insufficient_models;excess_missingness
gw-501516,282,480,0.5875,0.4125,0.04935645925127465,1.1583042333568976,1.4151621808618327,71,71,24,False,insufficient_models;excess_missingness
pd-98059,290,480,0.6041666666666666,0.39583333333333337,0.048657498649490254,1.058557853269565,1.3519283086410998,73,73,23,False,insufficient_models;excess_missingness
famciclovir,346,480,0.7208333333333333,0.2791666666666667,0.0483735492387754,1.0949729356384674,1.3764977008361399,87,87,24,False,insufficient_models;excess_missingness
anastrozole,369,480,0.76875,0.23124999999999996,0.04716273393655748,1.15742303840195,1.4056427889184,93,93,24,False,excess_missingness
lanoconazole,325,480,0.6770833333333334,0.32291666666666663,0.04707693811782349,0.927786309773711,1.27381987533941,82,82,22,False,insufficient_models;excess_missingness
hydrocortisone,89,480,0.18541666666666667,0.8145833333333333,0.046770191569346295,1.0309563328759,1.31730007051597,23,23,20,False,insufficient_models;excess_missingness;insufficient_sensitive_examples;insufficient_resistant_examples
tiagabine,357,480,0.74375,0.25625,0.04637998351044595,0.907014849474192,1.24224606836667,90,90,24,False,excess_missingness
isoetharine,367,480,0.7645833333333333,0.23541666666666672,0.04629559681043018,1.208300069798165,1.45224936278939,92,92,24,False,excess_missingness
itraconazole,186,480,0.3875,0.6125,0.0461317917004401,1.1805962153481049,1.457784279886895,47,47,23,False,insufficient_models;excess_missingness;insufficient_sensitive_examples;insufficient_resistant_examples
parachlorophenol,382,480,0.7958333333333333,0.20416666666666672,0.045794689906381914,1.20277313329547,1.4744324724816176,96,96,24,False,excess_missingness
rs-67506,376,480,0.7833333333333333,0.21666666666666667,0.04422807071247352,1.0107054032030174,1.32958791759818,94,94,24,False,excess_missingness
nomegestrol-acetate,356,480,0.7416666666666667,0.2583333333333333,0.04380715378983112,1.1045157079521926,1.3671718081822175,89,89,24,False,excess_missingness
enzalutamide,356,480,0.7416666666666667,0.2583333333333333,0.04372666876370077,1.1674293759421377,1.4029925576148123,89,89,24,False,excess_missingness
selamectin,343,480,0.7145833333333333,0.28541666666666665,0.043340546059502924,0.9931108927720784,1.274753292610745,86,86,24,False,insufficient_models;excess_missingness
homosalate,376,480,0.7833333333333333,0.21666666666666667,0.043263930624559674,1.1869264172668326,1.3902923423607,94,94,24,False,excess_missingness
forskolin,373,480,0.7770833333333333,0.22291666666666665,0.04295644036670112,0.966724155530329,1.26380992522793,94,94,24,False,excess_missingness
bumetanide,350,480,0.7291666666666666,0.27083333333333337,0.04286374380041783,1.138055722410055,1.4217928880638824,88,88,24,False,excess_missingness
clofibrate,351,480,0.73125,0.26875000000000004,0.04269488998086497,1.085061455656645,1.332884031593375,88,88,24,False,excess_missingness
pyritinol,282,480,0.5875,0.4125,0.04166807977169989,1.086405466730565,1.3690334458274476,71,71,24,False,insufficient_models;excess_missingness
nitarsone,362,480,0.7541666666666667,0.24583333333333335,0.0412657683913236,0.8584848558251841,0.999457082016503,91,91,24,False,excess_missingness
sb-743921,190,480,0.3958333333333333,0.6041666666666667,0.041147535346166525,0.14908134053276975,0.42735208081941123,48,48,21,False,insufficient_models;excess_missingness;insufficient_sensitive_examples;insufficient_resistant_examples
exemestane,321,480,0.66875,0.33125000000000004,0.040884156888921205,0.983313143695751,1.31798426697548,81,81,22,False,insufficient_models;excess_missingness
cgp-54626,249,480,0.51875,0.48124999999999996,0.04008085534368104,0.896042988406681,0.976771753853698,63,63,24,False,insufficient_models;excess_missingness
clebopride,313,480,0.6520833333333333,0.34791666666666665,0.03991942224767475,1.02967457122573,1.31210309313464,79,79,22,False,insufficient_models;excess_missingness
serdemetan,307,480,0.6395833333333333,0.3604166666666667,0.03966899388003941,0.7392980057781056,0.8779815018530925,77,77,24,False,insufficient_models;excess_missingness
lidamidine,265,480,0.5520833333333334,0.44791666666666663,0.03950104892214038,0.924960831091551,1.14056633831406,67,67,22,False,insufficient_models;excess_missingness
cyclophosphamide,326,480,0.6791666666666667,0.3208333333333333,0.03821922357617915,0.9379699167002473,1.1788662644553125,82,82,22,False,insufficient_models;excess_missingness
naftidrofuryl,313,480,0.6520833333333333,0.34791666666666665,0.03817217094065198,1.22573167280831,1.45463629490444,79,79,22,False,insufficient_models;excess_missingness
imiloxan,349,480,0.7270833333333333,0.2729166666666667,0.03731687421479281,0.901554190335481,1.14251409941041,88,88,24,False,insufficient_models;excess_missingness
sb-242235,378,480,0.7875,0.21250000000000002,0.03731095462108492,1.0127248831544051,1.29023086025332,95,95,24,False,excess_missingness
maytansinol-isobutyrate,301,480,0.6270833333333333,0.3729166666666667,0.03716714488312603,0.0957293432151034,0.334838009516084,76,76,23,False,insufficient_models;excess_missingness
hexylresorcinol,365,480,0.7604166666666666,0.23958333333333337,0.03702409554020699,0.844942502397853,1.02874408007309,92,92,24,False,excess_missingness
7-aminocephalosporanic-acid,378,480,0.7875,0.21250000000000002,0.03668084175359234,1.1336314972927974,1.35921655870872,95,95,23,False,excess_missingness
remoxipride,345,480,0.71875,0.28125,0.03623274031698508,1.18859684824723,1.42417449286356,87,87,24,False,insufficient_models;excess_missingness
sib-1757,370,480,0.7708333333333334,0.22916666666666663,0.035813647688574805,0.9946675637149223,1.2353464591013674,93,93,24,False,excess_missingness
benzocaine,316,480,0.6583333333333333,0.3416666666666667,0.03545579289513609,1.0926245014801523,1.3136249641262223,79,79,22,False,insufficient_models;excess_missingness
latrepirdine,356,480,0.7416666666666667,0.2583333333333333,0.03545186712607668,0.8978559621129212,1.1450073021202776,89,89,24,False,excess_missingness
paricalcitol,340,480,0.7083333333333334,0.29166666666666663,0.035124790201042054,0.868850316001142,1.102045139816965,85,85,23,False,insufficient_models;excess_missingness
ubenimex,276,480,0.575,0.42500000000000004,0.03506051942933838,0.920806855192544,1.11203266019742,69,69,22,False,insufficient_models;excess_missingness
mk-0773,381,480,0.79375,0.20625000000000004,0.03488918767052423,0.924247569490467,1.19375279493385,96,96,24,False,excess_missingness
nitrocaramiphen,345,480,0.71875,0.28125,0.034049212767965166,1.03816252357318,1.25897907678927,87,87,24,False,insufficient_models;excess_missingness
fluoromethylcholine,308,480,0.6416666666666667,0.3583333333333333,0.03389635835364215,1.042724417811235,1.2969437861771975,77,77,22,False,insufficient_models;excess_missingness
mocetinostat,231,480,0.48125,0.51875,0.03358305287462526,0.26685706027016,0.4846038614693965,58,58,24,False,insufficient_models;excess_missingness
digitoxin,336,480,0.7,0.30000000000000004,0.033026909145110334,0.5622030632211985,0.6409227465474625,84,84,22,False,insufficient_models;excess_missingness
istradefylline,360,480,0.75,0.25,0.033006212830574394,0.9016125200730675,1.151901640624595,90,90,24,False,excess_missingness
etofylline-clofibrate,308,480,0.6416666666666667,0.3583333333333333,0.032977631416646884,1.2546623038504352,1.4777348622472823,77,77,22,False,insufficient_models;excess_missingness
oligomycin-a,365,480,0.7604166666666666,0.23958333333333337,0.03290791082747736,0.388110148234071,0.527612072031801,92,92,24,False,excess_missingness
filgotinib,381,480,0.79375,0.20625000000000004,0.03244868564938015,1.0515817447057,1.29447773947602,96,96,24,False,excess_missingness
hesperadin,366,480,0.7625,0.23750000000000004,0.03225235261780769,0.4783930718634075,0.649492329876015,92,92,24,False,excess_missingness
levonorgestrel,325,480,0.6770833333333334,0.32291666666666663,0.031816406357572706,0.895472285783397,1.06926040914713,82,82,22,False,insufficient_models;excess_missingness
refametinib,369,480,0.76875,0.23124999999999996,0.03152546878481648,0.594773797056351,0.836028478535109,93,93,24,False,excess_missingness
carbachol,304,480,0.6333333333333333,0.3666666666666667,0.03109875893047297,1.1540399012332025,1.35572887601269,76,76,22,False,insufficient_models;excess_missingness
d-serine,349,480,0.7270833333333333,0.2729166666666667,0.030395323395180557,0.974332275991091,1.21885944896396,88,88,24,False,insufficient_models;excess_missingness
naproxen,292,480,0.6083333333333333,0.3916666666666667,0.029930035905071442,0.9697373903918912,1.20795075344178,73,73,23,False,insufficient_models;excess_missingness
benzethonium,382,480,0.7958333333333333,0.20416666666666672,0.02963908750460266,0.6127317429384113,0.8309814838683529,96,96,24,False,excess_missingness
exatecan-mesylate,282,480,0.5875,0.4125,0.029352349180081515,0.07804594766246431,0.3037833373319473,71,71,22,False,insufficient_models;excess_missingness
pf-03758309,330,480,0.6875,0.3125,0.02919237797084918,0.4249359384587065,0.5933274521532357,83,83,23,False,insufficient_models;excess_missingness
ketoconazole,327,480,0.68125,0.31875,0.028749620417507473,0.9224902100258969,1.06781878401719,82,82,22,False,insufficient_models;excess_missingness
chloramphenicol-palmitate,299,480,0.6229166666666667,0.3770833333333333,0.028453179155811022,1.07385945642829,1.27009398534718,75,75,22,False,insufficient_models;excess_missingness
s-methylcysteine,376,480,0.7833333333333333,0.21666666666666667,0.02834342411530282,0.996623462415284,1.199362853565175,94,94,24,False,excess_missingness
defactinib,367,480,0.7645833333333333,0.23541666666666672,0.028245738261493868,0.859862395884138,0.957573540746687,92,92,24,False,excess_missingness
dorzolamide,358,480,0.7458333333333333,0.25416666666666665,0.027641869422450352,0.9485575934034107,1.1711703430369802,90,90,24,False,excess_missingness
mesoridazine,371,480,0.7729166666666667,0.2270833333333333,0.027252265802122876,1.0035736024018052,1.221580003633095,93,93,24,False,excess_missingness
sn-38,320,480,0.6666666666666666,0.33333333333333337,0.027016122877227326,0.14694144224837202,0.34867412533271375,80,80,23,False,insufficient_models;excess_missingness
jnj-26481585,371,480,0.7729166666666667,0.2270833333333333,0.026783189966655213,0.3864044237713975,0.5037911827698229,93,93,24,False,excess_missingness
methocarbamol,299,480,0.6229166666666667,0.3770833333333333,0.026375416134373324,1.004708135214965,1.208160823769105,75,75,22,False,insufficient_models;excess_missingness
pterostilbene,380,480,0.7916666666666666,0.20833333333333337,0.026289950228988418,0.8388276373379788,1.0000001589230498,95,95,24,False,excess_missingness
cladribine,338,480,0.7041666666666667,0.2958333333333333,0.026157023082273433,0.5844914754617955,0.7164198430069878,85,85,22,False,insufficient_models;excess_missingness
rabeprazole,327,480,0.68125,0.31875,0.02604459569758577,0.9367828508044316,1.158332211617745,82,82,22,False,insufficient_models;excess_missingness
vtp-27999,361,480,0.7520833333333333,0.24791666666666667,0.025303309731593435,0.834904603834132,0.946962713301573,91,91,24,False,excess_missingness
hypoestoxide,370,480,0.7708333333333334,0.22916666666666663,0.024937135110734827,0.7341222004504447,0.9267588089592615,93,93,24,False,excess_missingness
ulipristal,314,480,0.6541666666666667,0.3458333333333333,0.02490138018286172,0.9832130643176186,1.1950160647115524,79,79,22,False,insufficient_models;excess_missingness
kp-1212,370,480,0.7708333333333334,0.22916666666666663,0.024454833378034255,0.8347559666106974,0.9350293208220195,93,93,24,False,excess_missingness
monobenzone,329,480,0.6854166666666667,0.3145833333333333,0.02413723098548081,0.923376301540515,1.12943128394969,83,83,22,False,insufficient_models;excess_missingness
methotrexate,338,480,0.7041666666666667,0.2958333333333333,0.024118289318346954,0.637943050174144,0.7313395330824942,85,85,22,False,insufficient_models;excess_missingness
mln-8054,368,480,0.7666666666666667,0.23333333333333328,0.02383200545700814,0.6276605716287963,0.8017308706339634,92,92,24,False,excess_missingness
ranitidine,301,480,0.6270833333333333,0.3729166666666667,0.02372955907973856,0.906200439514711,1.09150129056328,76,76,22,False,insufficient_models;excess_missingness
omeprazole,372,480,0.775,0.22499999999999998,0.02298683589589026,0.9191392226923998,1.0079760128385473,93,93,24,False,excess_missingness
mycophenolate-mofetil,351,480,0.73125,0.26875000000000004,0.02274243506879488,0.8742663289868875,0.994965772295108,88,88,24,False,excess_missingness
sarafloxacin,379,480,0.7895833333333333,0.2104166666666667,0.02249185681299187,0.8159038145792905,1.0000028868553699,95,95,23,False,excess_missingness
k-strophanthidin,86,480,0.17916666666666667,0.8208333333333333,0.022448935584855507,0.6623865236829847,0.7911548593024871,22,22,20,False,insufficient_models;excess_missingness;insufficient_sensitive_examples;insufficient_resistant_examples
raloxifene,305,480,0.6354166666666666,0.36458333333333337,0.022329503090445037,1.03724952390914,1.21786143081173,77,77,22,False,insufficient_models;excess_missingness
ast-1306,291,480,0.60625,0.39375000000000004,0.021517548371997795,0.8498610104741571,0.9414712613769376,73,73,23,False,insufficient_models;excess_missingness
bardoxolone,308,480,0.6416666666666667,0.3583333333333333,0.020480035359802085,0.677301229249641,0.8370195468099443,77,77,24,False,insufficient_models;excess_missingness
chloropyramine,159,480,0.33125,0.66875,0.01995106914927814,0.7422533027344185,0.9232942212534001,40,40,21,False,insufficient_models;excess_missingness;insufficient_sensitive_examples;insufficient_resistant_examples
ipsapirone,363,480,0.75625,0.24375000000000002,0.019387713235114866,0.9745796547785005,1.1671560785919701,91,91,24,False,excess_missingness
practolol,336,480,0.7,0.30000000000000004,0.0169354287549181,0.8161306143924263,0.9215875590099958,84,84,22,False,insufficient_models;excess_missingness
epothilone-d,365,480,0.7604166666666666,0.23958333333333337,0.016582971231003867,0.101292939266947,0.2988423867382,92,92,24,False,excess_missingness
cyproterone-acetate,361,480,0.7520833333333333,0.24791666666666667,0.015066702321534713,0.867626199478614,0.957968174166605,91,91,24,False,excess_missingness
adefovir-dipivoxil,382,480,0.7958333333333333,0.20416666666666672,0.015006264505202009,0.7859973387857765,0.8773366930078728,96,96,24,False,excess_missingness
lomefloxacin,245,480,0.5104166666666666,0.48958333333333337,0.013497030207820754,0.796335358048235,0.877991879181488,62,62,23,False,insufficient_models;excess_missingness
pfk-015,371,480,0.7729166666666667,0.2270833333333333,0.013062208266556392,0.8381696338915154,0.9039623022408696,93,93,24,False,excess_missingness
mubritinib,369,480,0.76875,0.23124999999999996,0.01249828251104796,0.589232900049618,0.732579537595151,93,93,24,False,excess_missingness
octenidine,298,480,0.6208333333333333,0.37916666666666665,0.010691816203961892,0.809721045690955,0.8499018053764553,75,75,24,False,insufficient_models;excess_missingness
mycophenolic-acid,337,480,0.7020833333333333,0.2979166666666667,0.010527483181342204,0.777925291078139,0.861339741370451,85,85,22,False,insufficient_models;excess_missingness
dolutegravir,381,480,0.79375,0.20625000000000004,0.00925643880796228,0.855078831791373,0.917312863584136,96,96,24,False,excess_missingness
mebendazole,338,480,0.7041666666666667,0.2958333333333333,0.006953445533419013,0.7988067535019707,0.8601773298036768,85,85,22,False,insufficient_models;excess_missingness
proscillaridin-a,335,480,0.6979166666666666,0.30208333333333337,0.006079960429390725,0.3379888037215585,0.437663013718812,84,84,22,False,insufficient_models;excess_missingness
adarotene,100,480,0.20833333333333334,0.7916666666666666,0.005227262451243966,0.6737613056854893,0.7223295035370253,25,25,21,False,insufficient_models;excess_missingness;insufficient_sensitive_examples;insufficient_resistant_examples
epirubicin,309,480,0.64375,0.35624999999999996,0.0049459930661817746,0.469127692505614,0.555418783365183,78,78,22,False,insufficient_models;excess_missingness
aripiprazole,27,480,0.05625,0.94375,0.004282558947408786,0.883210113070391,0.9274406806103175,7,7,13,False,insufficient_models;excess_missingness;insufficient_sensitive_examples;insufficient_resistant_examples
nms-1286937,371,480,0.7729166666666667,0.2270833333333333,0.004122439106500815,0.5497636559742389,0.6195231132498316,93,93,24,False,excess_missingness
sangivamycin,349,480,0.7270833333333333,0.2729166666666667,0.002958959592711313,0.0154009297428171,0.0346800997742908,88,88,24,False,insufficient_models;excess_missingness
