drug,family,fold,model_id,lineage,true_auc,predicted_auc,interval_lower,interval_upper,true_sensitive,sensitivity_probability,predicted_sensitive,decision_threshold,sensitive_auc_max,resistant_auc_min,technical_eligibility,n_fit,n_calibration
afatinib,lineage,1,ACH-000461,biliary tract,0.8083315831300828,0.836548891025864,0.5772226398173633,1.0958751422343647,,0.4870567485482663,0,0.5,0.75385492846428,0.9326712164965341,False,235,59
afatinib,lineage,1,ACH-000570,cns/brain,0.9302407763506122,0.9509489880041996,0.6916227367956989,1.2102752392127003,,0.408198392467858,0,0.5,0.75385492846428,0.9326712164965341,False,235,59
afatinib,lineage,1,ACH-000769,lung,0.8628046769891742,0.8547334400954345,0.5954071888869338,1.1140596913039351,,0.45989727448258566,0,0.5,0.75385492846428,0.9326712164965341,False,235,59
afatinib,lineage,1,ACH-000123,ovary/fallopian tube,0.7634885218988499,0.805882887783815,0.5465566365753143,1.0652091389923157,,0.5156732178024142,1,0.5,0.75385492846428,0.9326712164965341,False,235,59
afatinib,lineage,1,ACH-000117,breast,0.7914034352173936,0.8534029834451219,0.5940767322366212,1.1127292346536226,,0.5075315647578327,1,0.5,0.75385492846428,0.9326712164965341,False,235,59
afatinib,lineage,1,ACH-000785,lung,0.9077796171042505,0.8547334400954345,0.5954071888869338,1.1140596913039351,,0.45989727448258566,0,0.5,0.75385492846428,0.9326712164965341,False,235,59
afatinib,lineage,1,ACH-000376,cns/brain,0.9081465107309331,0.9509489880041996,0.6916227367956989,1.2102752392127003,,0.408198392467858,0,0.5,0.75385492846428,0.9326712164965341,False,235,59
afatinib,lineage,1,ACH-000971,bowel,0.797017411198863,0.8061956668570234,0.5468694156485226,1.065521918065524,,0.5254454244207037,1,0.5,0.75385492846428,0.9326712164965341,False,235,59
afatinib,lineage,1,ACH-000481,lung,0.5709826799007751,0.8547334400954345,0.5954071888869338,1.1140596913039351,1.0,0.45989727448258566,0,0.5,0.75385492846428,0.9326712164965341,False,235,59
afatinib,lineage,1,ACH-000832,head and neck,0.6627299254306647,0.7198954712535739,0.46056922004507317,0.9792217224620746,1.0,0.5636086480102589,1,0.5,0.75385492846428,0.9326712164965341,False,235,59
afatinib,lineage,1,ACH-000858,lung,0.9128412337027076,0.8547334400954345,0.5954071888869338,1.1140596913039351,,0.45989727448258566,0,0.5,0.75385492846428,0.9326712164965341,False,235,59
afatinib,lineage,1,ACH-000749,lung,0.9490432038349356,0.8547334400954345,0.5954071888869338,1.1140596913039351,0.0,0.45989727448258566,0,0.5,0.75385492846428,0.9326712164965341,False,235,59
afatinib,lineage,1,ACH-000784,esophagus/stomach,0.8185213141596919,0.7686930961539544,0.5093668449454537,1.0280193473624553,,0.5552216373164556,1,0.5,0.75385492846428,0.9326712164965341,False,235,59
afatinib,lineage,1,ACH-000261,lung,0.9551979297476724,0.8547334400954345,0.5954071888869338,1.1140596913039351,0.0,0.45989727448258566,0,0.5,0.75385492846428,0.9326712164965341,False,235,59
afatinib,lineage,1,ACH-000164,pancreas,1.051101031990243,0.7762182590644267,0.5168920078559259,1.0355445102729273,0.0,0.5702044748650985,1,0.5,0.75385492846428,0.9326712164965341,False,235,59
afatinib,lineage,1,ACH-000814,skin,1.19848826167392,0.9331598445055345,0.6738335932970337,1.192486095714035,0.0,0.39481523869513063,0,0.5,0.75385492846428,0.9326712164965341,False,235,59
afatinib,lineage,1,ACH-000163,head and neck,0.8788029712042676,0.7198954712535739,0.46056922004507317,0.9792217224620746,,0.5636086480102589,1,0.5,0.75385492846428,0.9326712164965341,False,235,59
afatinib,lineage,1,ACH-000503,head and neck,0.5514307380652159,0.7198954712535739,0.46056922004507317,0.9792217224620746,1.0,0.5636086480102589,1,0.5,0.75385492846428,0.9326712164965341,False,235,59
afatinib,lineage,1,ACH-000719,ovary/fallopian tube,0.492843377443929,0.805882887783815,0.5465566365753143,1.0652091389923157,1.0,0.5156732178024142,1,0.5,0.75385492846428,0.9326712164965341,False,235,59
afatinib,lineage,1,ACH-000674,esophagus/stomach,0.579862388921484,0.7686930961539544,0.5093668449454537,1.0280193473624553,1.0,0.5552216373164556,1,0.5,0.75385492846428,0.9326712164965341,False,235,59
afatinib,lineage,1,ACH-000670,lung,0.8122571198066278,0.8547334400954345,0.5954071888869338,1.1140596913039351,,0.45989727448258566,0,0.5,0.75385492846428,0.9326712164965341,False,235,59
afatinib,lineage,1,ACH-000037,soft tissue,0.9321601754143537,0.8621494468680376,0.6028231956595369,1.1214756980765384,,0.4870567485482663,0,0.5,0.75385492846428,0.9326712164965341,False,235,59
afatinib,lineage,1,ACH-000155,pancreas,0.9773587212016034,0.7762182590644267,0.5168920078559259,1.0355445102729273,0.0,0.5702044748650985,1,0.5,0.75385492846428,0.9326712164965341,False,235,59
afatinib,lineage,1,ACH-000188,head and neck,0.5469402893739859,0.7198954712535739,0.46056922004507317,0.9792217224620746,1.0,0.5636086480102589,1,0.5,0.75385492846428,0.9326712164965341,False,235,59
afatinib,lineage,1,ACH-000618,head and neck,0.84168081327605,0.7198954712535739,0.46056922004507317,0.9792217224620746,,0.5636086480102589,1,0.5,0.75385492846428,0.9326712164965341,False,235,59
afatinib,lineage,1,ACH-000014,skin,0.975722077933205,0.9331598445055345,0.6738335932970337,1.192486095714035,0.0,0.39481523869513063,0,0.5,0.75385492846428,0.9326712164965341,False,235,59
afatinib,lineage,1,ACH-000637,esophagus/stomach,0.7144079907769263,0.7686930961539544,0.5093668449454537,1.0280193473624553,1.0,0.5552216373164556,1,0.5,0.75385492846428,0.9326712164965341,False,235,59
afatinib,lineage,1,ACH-000265,pancreas,0.7593656515097718,0.7762182590644267,0.5168920078559259,1.0355445102729273,,0.5702044748650985,1,0.5,0.75385492846428,0.9326712164965341,False,235,59
afatinib,lineage,1,ACH-000237,ovary/fallopian tube,0.9149607360466118,0.805882887783815,0.5465566365753143,1.0652091389923157,,0.5156732178024142,1,0.5,0.75385492846428,0.9326712164965341,False,235,59
afatinib,lineage,1,ACH-000007,bowel,0.7224540367173071,0.8061956668570234,0.5468694156485226,1.065521918065524,1.0,0.5254454244207037,1,0.5,0.75385492846428,0.9326712164965341,False,235,59
afatinib,lineage,1,ACH-001239,skin,0.95999612428224,0.9331598445055345,0.6738335932970337,1.192486095714035,0.0,0.39481523869513063,0,0.5,0.75385492846428,0.9326712164965341,False,235,59
afatinib,lineage,1,ACH-000803,lung,0.7089832039768629,0.8547334400954345,0.5954071888869338,1.1140596913039351,1.0,0.45989727448258566,0,0.5,0.75385492846428,0.9326712164965341,False,235,59
afatinib,lineage,1,ACH-000537,liver,1.0,0.8171517201952334,0.5578254689867327,1.076477971403734,0.0,0.48864829936847465,0,0.5,0.75385492846428,0.9326712164965341,False,235,59
afatinib,lineage,1,ACH-000753,bladder/urinary tract,0.816240512757665,0.7830352088908906,0.5237089576823899,1.0423614600993913,,0.5334998761782667,1,0.5,0.75385492846428,0.9326712164965341,False,235,59
afatinib,lineage,1,ACH-000232,cns/brain,1.0,0.9509489880041996,0.6916227367956989,1.2102752392127003,0.0,0.408198392467858,0,0.5,0.75385492846428,0.9326712164965341,False,235,59
afatinib,lineage,1,ACH-000592,cns/brain,0.89353998789931,0.9509489880041996,0.6916227367956989,1.2102752392127003,,0.408198392467858,0,0.5,0.75385492846428,0.9326712164965341,False,235,59
afatinib,lineage,1,ACH-000903,thyroid,0.9610939277853808,0.8961179595618419,0.6367917083533412,1.1554442107703427,0.0,0.4608673819430914,0,0.5,0.75385492846428,0.9326712164965341,False,235,59
afatinib,lineage,1,ACH-001307,thyroid,0.951502455642929,0.8961179595618419,0.6367917083533412,1.1554442107703427,0.0,0.4608673819430914,0,0.5,0.75385492846428,0.9326712164965341,False,235,59
afatinib,lineage,1,ACH-000364,bone,0.9633456625998364,0.9124285192583035,0.6531022680498028,1.171754770466804,0.0,0.43261052204702233,0,0.5,0.75385492846428,0.9326712164965341,False,235,59
afatinib,lineage,1,ACH-000783,breast,0.9713062791168745,0.8534029834451219,0.5940767322366212,1.1127292346536226,0.0,0.5075315647578327,1,0.5,0.75385492846428,0.9326712164965341,False,235,59
afatinib,lineage,1,ACH-000302,uterus,0.7545567761334988,0.7936824122786821,0.5343561610701814,1.0530086634871827,,0.5330495617020957,1,0.5,0.75385492846428,0.9326712164965341,False,235,59
afatinib,lineage,1,ACH-000994,uterus,0.7967250545362758,0.7936824122786821,0.5343561610701814,1.0530086634871827,,0.5330495617020957,1,0.5,0.75385492846428,0.9326712164965341,False,235,59
afatinib,lineage,1,ACH-000804,peripheral nervous system,0.8714273436432111,0.8998824513911324,0.6405562001826317,1.1592087025996332,,0.4870567485482663,0,0.5,0.75385492846428,0.9326712164965341,False,235,59
afatinib,lineage,1,ACH-000141,biliary tract,0.8414438578421961,0.836548891025864,0.5772226398173633,1.0958751422343647,,0.4870567485482663,0,0.5,0.75385492846428,0.9326712164965341,False,235,59
afatinib,lineage,1,ACH-000759,breast,0.4767194566648119,0.8534029834451219,0.5940767322366212,1.1127292346536226,1.0,0.5075315647578327,1,0.5,0.75385492846428,0.9326712164965341,False,235,59
afatinib,lineage,1,ACH-000811,ovary/fallopian tube,0.9003946763653203,0.805882887783815,0.5465566365753143,1.0652091389923157,,0.5156732178024142,1,0.5,0.75385492846428,0.9326712164965341,False,235,59
afatinib,lineage,1,ACH-000879,uterus,0.9686630215259879,0.7936824122786821,0.5343561610701814,1.0530086634871827,0.0,0.5330495617020957,1,0.5,0.75385492846428,0.9326712164965341,False,235,59
afatinib,lineage,1,ACH-000982,bowel,0.6799489577923117,0.8061956668570234,0.5468694156485226,1.065521918065524,1.0,0.5254454244207037,1,0.5,0.75385492846428,0.9326712164965341,False,235,59
afatinib,lineage,1,ACH-000463,lung,0.9225345056161118,0.8547334400954345,0.5954071888869338,1.1140596913039351,,0.45989727448258566,0,0.5,0.75385492846428,0.9326712164965341,False,235,59
afatinib,lineage,1,ACH-000473,bladder/urinary tract,0.4865126278464979,0.7830352088908906,0.5237089576823899,1.0423614600993913,1.0,0.5334998761782667,1,0.5,0.75385492846428,0.9326712164965341,False,235,59
afatinib,lineage,1,ACH-000054,soft tissue,0.970245184170927,0.8621494468680376,0.6028231956595369,1.1214756980765384,0.0,0.4870567485482663,0,0.5,0.75385492846428,0.9326712164965341,False,235,59
afatinib,lineage,1,ACH-000966,ovary/fallopian tube,0.6614564186681992,0.805882887783815,0.5465566365753143,1.0652091389923157,1.0,0.5156732178024142,1,0.5,0.75385492846428,0.9326712164965341,False,235,59
afatinib,lineage,1,ACH-000280,ovary/fallopian tube,0.7324075729249528,0.805882887783815,0.5465566365753143,1.0652091389923157,1.0,0.5156732178024142,1,0.5,0.75385492846428,0.9326712164965341,False,235,59
afatinib,lineage,1,ACH-000244,cns/brain,0.88367136778257,0.9509489880041996,0.6916227367956989,1.2102752392127003,,0.408198392467858,0,0.5,0.75385492846428,0.9326712164965341,False,235,59
afatinib,lineage,1,ACH-000352,breast,0.816704603285156,0.8534029834451219,0.5940767322366212,1.1127292346536226,,0.5075315647578327,1,0.5,0.75385492846428,0.9326712164965341,False,235,59
afatinib,lineage,1,ACH-000622,cns/brain,0.8915492564209393,0.9509489880041996,0.6916227367956989,1.2102752392127003,,0.408198392467858,0,0.5,0.75385492846428,0.9326712164965341,False,235,59
afatinib,lineage,1,ACH-000452,esophagus/stomach,0.603256839989374,0.7686930961539544,0.5093668449454537,1.0280193473624553,1.0,0.5552216373164556,1,0.5,0.75385492846428,0.9326712164965341,False,235,59
afatinib,lineage,1,ACH-000335,pleura,0.688300479887682,1.0151329254807686,0.7558066742722679,1.2744591766892692,1.0,0.43261052204702233,0,0.5,0.75385492846428,0.9326712164965341,False,235,59
afatinib,lineage,1,ACH-000468,pancreas,0.8838153146874432,0.7762182590644267,0.5168920078559259,1.0355445102729273,,0.5702044748650985,1,0.5,0.75385492846428,0.9326712164965341,False,235,59
afatinib,lineage,1,ACH-000919,esophagus/stomach,0.6480139020884156,0.7686930961539544,0.5093668449454537,1.0280193473624553,1.0,0.5552216373164556,1,0.5,0.75385492846428,0.9326712164965341,False,235,59
afatinib,lineage,1,ACH-000958,bowel,0.781198377645261,0.8061956668570234,0.5468694156485226,1.065521918065524,,0.5254454244207037,1,0.5,0.75385492846428,0.9326712164965341,False,235,59
afatinib,lineage,1,ACH-000620,liver,0.49463648202876376,0.8171517201952334,0.5578254689867327,1.076477971403734,1.0,0.48864829936847465,0,0.5,0.75385492846428,0.9326712164965341,False,235,59
afatinib,lineage,1,ACH-000521,lung,0.9166649515649083,0.8547334400954345,0.5954071888869338,1.1140596913039351,,0.45989727448258566,0,0.5,0.75385492846428,0.9326712164965341,False,235,59
afatinib,lineage,1,ACH-000849,breast,0.848062126784477,0.8534029834451219,0.5940767322366212,1.1127292346536226,,0.5075315647578327,1,0.5,0.75385492846428,0.9326712164965341,False,235,59
afatinib,lineage,1,ACH-000013,ovary/fallopian tube,0.8866056329910263,0.805882887783815,0.5465566365753143,1.0652091389923157,,0.5156732178024142,1,0.5,0.75385492846428,0.9326712164965341,False,235,59
afatinib,lineage,1,ACH-000023,pancreas,0.8888195207080525,0.7762182590644267,0.5168920078559259,1.0355445102729273,,0.5702044748650985,1,0.5,0.75385492846428,0.9326712164965341,False,235,59
afatinib,lineage,1,ACH-000347,pancreas,0.915342314310995,0.7762182590644267,0.5168920078559259,1.0355445102729273,,0.5702044748650985,1,0.5,0.75385492846428,0.9326712164965341,False,235,59
afatinib,lineage,1,ACH-000888,lung,0.977554167971559,0.8547334400954345,0.5954071888869338,1.1140596913039351,0.0,0.45989727448258566,0,0.5,0.75385492846428,0.9326712164965341,False,235,59
afatinib,lineage,1,ACH-000502,pancreas,1.0,0.7762182590644267,0.5168920078559259,1.0355445102729273,0.0,0.5702044748650985,1,0.5,0.75385492846428,0.9326712164965341,False,235,59
afatinib,lineage,1,ACH-000408,esophagus/stomach,0.7307268154182467,0.7686930961539544,0.5093668449454537,1.0280193473624553,1.0,0.5552216373164556,1,0.5,0.75385492846428,0.9326712164965341,False,235,59
afatinib,lineage,1,ACH-000288,breast,0.921684254669505,0.8534029834451219,0.5940767322366212,1.1127292346536226,,0.5075315647578327,1,0.5,0.75385492846428,0.9326712164965341,False,235,59
afatinib,lineage,1,ACH-000505,soft tissue,1.21631141197954,0.8621494468680376,0.6028231956595369,1.1214756980765384,0.0,0.4870567485482663,0,0.5,0.75385492846428,0.9326712164965341,False,235,59
afatinib,lineage,1,ACH-000046,kidney,0.8169570958729081,0.9375904196108772,0.6782641684023765,1.196916670819378,,0.42919410493840376,0,0.5,0.75385492846428,0.9326712164965341,False,235,59
afatinib,lineage,1,ACH-000052,bone,0.825529698351549,0.9124285192583035,0.6531022680498028,1.171754770466804,,0.43261052204702233,0,0.5,0.75385492846428,0.9326712164965341,False,235,59
afatinib,elastic_net,1,ACH-000461,biliary tract,0.8083315831300828,0.7946486560797987,0.5659674449750837,1.023329867184514,,0.496647530729715,0,0.5,0.75385492846428,0.9326712164965341,False,235,59
afatinib,elastic_net,1,ACH-000570,cns/brain,0.9302407763506122,0.9049145344439445,0.6762333233392295,1.1335957455486596,,0.2603925963324424,0,0.5,0.75385492846428,0.9326712164965341,False,235,59
afatinib,elastic_net,1,ACH-000769,lung,0.8628046769891742,0.7758172946506392,0.5471360835459241,1.0044985057553544,,0.6638312181471699,1,0.5,0.75385492846428,0.9326712164965341,False,235,59
afatinib,elastic_net,1,ACH-000123,ovary/fallopian tube,0.7634885218988499,0.8745349414944339,0.6458537303897188,1.103216152599149,,0.5116384289355752,1,0.5,0.75385492846428,0.9326712164965341,False,235,59
afatinib,elastic_net,1,ACH-000117,breast,0.7914034352173936,0.8332426187559449,0.6045614076512298,1.06192382986066,,0.28684459273447716,0,0.5,0.75385492846428,0.9326712164965341,False,235,59
afatinib,elastic_net,1,ACH-000785,lung,0.9077796171042505,0.7756969773607305,0.5470157662560154,1.0043781884654455,,0.6619278150426067,1,0.5,0.75385492846428,0.9326712164965341,False,235,59
afatinib,elastic_net,1,ACH-000376,cns/brain,0.9081465107309331,0.949182254860426,0.7205010437557109,1.177863465965141,,0.2608226754293609,0,0.5,0.75385492846428,0.9326712164965341,False,235,59
afatinib,elastic_net,1,ACH-000971,bowel,0.797017411198863,0.8022708309352313,0.5735896198305163,1.0309520420399463,,0.5866263448493692,1,0.5,0.75385492846428,0.9326712164965341,False,235,59
afatinib,elastic_net,1,ACH-000481,lung,0.5709826799007751,0.802315529714726,0.5736343186100109,1.030996740819441,1.0,0.479694930388616,0,0.5,0.75385492846428,0.9326712164965341,False,235,59
afatinib,elastic_net,1,ACH-000832,head and neck,0.6627299254306647,0.7201023986406747,0.49142118753595965,0.9487836097453898,1.0,0.676021019156349,1,0.5,0.75385492846428,0.9326712164965341,False,235,59
afatinib,elastic_net,1,ACH-000858,lung,0.9128412337027076,0.7183296263539241,0.489648415249209,0.9470108374586391,,0.6747408300953601,1,0.5,0.75385492846428,0.9326712164965341,False,235,59
afatinib,elastic_net,1,ACH-000749,lung,0.9490432038349356,0.8461997479626313,0.6175185368579162,1.0748809590673463,0.0,0.2651852421888067,0,0.5,0.75385492846428,0.9326712164965341,False,235,59
afatinib,elastic_net,1,ACH-000784,esophagus/stomach,0.8185213141596919,0.7856576854097749,0.5569764743050598,1.01433889651449,,0.5812518447235437,1,0.5,0.75385492846428,0.9326712164965341,False,235,59
afatinib,elastic_net,1,ACH-000261,lung,0.9551979297476724,0.8647606650590819,0.6360794539543668,1.093441876163797,0.0,0.3031236080491218,0,0.5,0.75385492846428,0.9326712164965341,False,235,59
afatinib,elastic_net,1,ACH-000164,pancreas,1.051101031990243,0.8728226368853504,0.6441414257806354,1.1015038479900654,0.0,0.31497660197429966,0,0.5,0.75385492846428,0.9326712164965341,False,235,59
afatinib,elastic_net,1,ACH-000814,skin,1.19848826167392,0.960410708320232,0.7317294972155169,1.1890919194249472,0.0,0.2564810703206966,0,0.5,0.75385492846428,0.9326712164965341,False,235,59
afatinib,elastic_net,1,ACH-000163,head and neck,0.8788029712042676,0.9711218808491446,0.7424406697444296,1.1998030919538598,,0.25651355769602563,0,0.5,0.75385492846428,0.9326712164965341,False,235,59
afatinib,elastic_net,1,ACH-000503,head and neck,0.5514307380652159,0.7309863854968306,0.5023051743921155,0.9596675966015457,1.0,0.6334991191251708,1,0.5,0.75385492846428,0.9326712164965341,False,235,59
afatinib,elastic_net,1,ACH-000719,ovary/fallopian tube,0.492843377443929,0.7931465362316937,0.5644653251269787,1.0218277473364088,1.0,0.6734905621538574,1,0.5,0.75385492846428,0.9326712164965341,False,235,59
afatinib,elastic_net,1,ACH-000674,esophagus/stomach,0.579862388921484,0.7992798134494942,0.5705986023447791,1.0279610245542092,1.0,0.5961054299932239,1,0.5,0.75385492846428,0.9326712164965341,False,235,59
afatinib,elastic_net,1,ACH-000670,lung,0.8122571198066278,0.8238149645236748,0.5951337534189597,1.0524961756283897,,0.6273883720117477,1,0.5,0.75385492846428,0.9326712164965341,False,235,59
afatinib,elastic_net,1,ACH-000037,soft tissue,0.9321601754143537,0.9273569085366327,0.6986756974319176,1.1560381196413476,,0.25884661467406017,0,0.5,0.75385492846428,0.9326712164965341,False,235,59
afatinib,elastic_net,1,ACH-000155,pancreas,0.9773587212016034,0.8605755460697394,0.6318943349650243,1.0892567571744545,0.0,0.5163070749338379,1,0.5,0.75385492846428,0.9326712164965341,False,235,59
afatinib,elastic_net,1,ACH-000188,head and neck,0.5469402893739859,0.7796020187878885,0.5509208076831734,1.0082832298926037,1.0,0.6128787669694934,1,0.5,0.75385492846428,0.9326712164965341,False,235,59
afatinib,elastic_net,1,ACH-000618,head and neck,0.84168081327605,0.7462418404898895,0.5175606293851744,0.9749230515946046,,0.676608600097463,1,0.5,0.75385492846428,0.9326712164965341,False,235,59
afatinib,elastic_net,1,ACH-000014,skin,0.975722077933205,0.9678124841131035,0.7391312730083884,1.1964936952178187,0.0,0.2565923195005062,0,0.5,0.75385492846428,0.9326712164965341,False,235,59
afatinib,elastic_net,1,ACH-000637,esophagus/stomach,0.7144079907769263,0.6496964473374962,0.42101523623278114,0.8783776584422113,1.0,0.6470815731848728,1,0.5,0.75385492846428,0.9326712164965341,False,235,59
afatinib,elastic_net,1,ACH-000265,pancreas,0.7593656515097718,0.844459471428865,0.61577826032415,1.07314068253358,,0.29710726760556355,0,0.5,0.75385492846428,0.9326712164965341,False,235,59
afatinib,elastic_net,1,ACH-000237,ovary/fallopian tube,0.9149607360466118,0.9437100794992084,0.7150288683944933,1.1723912906039233,,0.26967067599219596,0,0.5,0.75385492846428,0.9326712164965341,False,235,59
afatinib,elastic_net,1,ACH-000007,bowel,0.7224540367173071,0.7649658259471458,0.5362846148424307,0.9936470370518609,1.0,0.6747131931306861,1,0.5,0.75385492846428,0.9326712164965341,False,235,59
afatinib,elastic_net,1,ACH-001239,skin,0.95999612428224,0.9263624141388513,0.6976812030341363,1.1550436252435663,0.0,0.25773066984841325,0,0.5,0.75385492846428,0.9326712164965341,False,235,59
afatinib,elastic_net,1,ACH-000803,lung,0.7089832039768629,0.8276363622221421,0.598955151117427,1.056317573326857,1.0,0.5512581514299945,1,0.5,0.75385492846428,0.9326712164965341,False,235,59
afatinib,elastic_net,1,ACH-000537,liver,1.0,0.8886107937757592,0.6599295826710442,1.1172920048804742,0.0,0.5498535737857824,1,0.5,0.75385492846428,0.9326712164965341,False,235,59
afatinib,elastic_net,1,ACH-000753,bladder/urinary tract,0.816240512757665,0.8633832913940281,0.6347020802893131,1.0920645024987432,,0.3146268051957925,0,0.5,0.75385492846428,0.9326712164965341,False,235,59
afatinib,elastic_net,1,ACH-000232,cns/brain,1.0,0.9023178740777283,0.6736366629730133,1.1309990851824434,0.0,0.2620340139961354,0,0.5,0.75385492846428,0.9326712164965341,False,235,59
afatinib,elastic_net,1,ACH-000592,cns/brain,0.89353998789931,0.8873706377589698,0.6586894266542548,1.1160518488636848,,0.2613814708085353,0,0.5,0.75385492846428,0.9326712164965341,False,235,59
afatinib,elastic_net,1,ACH-000903,thyroid,0.9610939277853808,0.9370951856907597,0.7084139745860446,1.1657763967954748,0.0,0.2665054326587981,0,0.5,0.75385492846428,0.9326712164965341,False,235,59
afatinib,elastic_net,1,ACH-001307,thyroid,0.951502455642929,0.8925850720639863,0.6639038609592712,1.1212662831687012,0.0,0.28477643151825627,0,0.5,0.75385492846428,0.9326712164965341,False,235,59
afatinib,elastic_net,1,ACH-000364,bone,0.9633456625998364,0.9060417193220327,0.6773605082173176,1.1347229304267477,0.0,0.261618333642636,0,0.5,0.75385492846428,0.9326712164965341,False,235,59
afatinib,elastic_net,1,ACH-000783,breast,0.9713062791168745,0.8373064747748817,0.6086252636701667,1.065987685879597,0.0,0.668447190029779,1,0.5,0.75385492846428,0.9326712164965341,False,235,59
afatinib,elastic_net,1,ACH-000302,uterus,0.7545567761334988,0.8141216500737548,0.5854404389690397,1.0428028611784699,,0.6736638169306459,1,0.5,0.75385492846428,0.9326712164965341,False,235,59
afatinib,elastic_net,1,ACH-000994,uterus,0.7967250545362758,0.7991045729061341,0.5704233618014191,1.0277857840108493,,0.675341469828295,1,0.5,0.75385492846428,0.9326712164965341,False,235,59
afatinib,elastic_net,1,ACH-000804,peripheral nervous system,0.8714273436432111,0.839742979700383,0.611061768595668,1.0684241908050982,,0.5136663453067952,1,0.5,0.75385492846428,0.9326712164965341,False,235,59
afatinib,elastic_net,1,ACH-000141,biliary tract,0.8414438578421961,0.7474463290461277,0.5187651179414127,0.9761275401508428,,0.672034647294963,1,0.5,0.75385492846428,0.9326712164965341,False,235,59
afatinib,elastic_net,1,ACH-000759,breast,0.4767194566648119,0.7928955370367712,0.5642143259320561,1.0215767481414861,1.0,0.663707973515865,1,0.5,0.75385492846428,0.9326712164965341,False,235,59
afatinib,elastic_net,1,ACH-000811,ovary/fallopian tube,0.9003946763653203,0.8174327976198633,0.5887515865151483,1.0461140087245784,,0.5570312200244985,1,0.5,0.75385492846428,0.9326712164965341,False,235,59
afatinib,elastic_net,1,ACH-000879,uterus,0.9686630215259879,0.8689065166013373,0.6402253054966223,1.0975877277060524,0.0,0.42838509099688604,0,0.5,0.75385492846428,0.9326712164965341,False,235,59
afatinib,elastic_net,1,ACH-000982,bowel,0.6799489577923117,0.8381275512885895,0.6094463401838744,1.0668087623933045,1.0,0.6482122910254677,1,0.5,0.75385492846428,0.9326712164965341,False,235,59
afatinib,elastic_net,1,ACH-000463,lung,0.9225345056161118,0.9779632733056799,0.7492820622009648,1.206644484410395,,0.2574686666250003,0,0.5,0.75385492846428,0.9326712164965341,False,235,59
afatinib,elastic_net,1,ACH-000473,bladder/urinary tract,0.4865126278464979,0.7546253190819285,0.5259441079772135,0.9833065301866436,1.0,0.6746420882020162,1,0.5,0.75385492846428,0.9326712164965341,False,235,59
afatinib,elastic_net,1,ACH-000054,soft tissue,0.970245184170927,0.9450612675246917,0.7163800564199766,1.1737424786294066,0.0,0.2570201258832694,0,0.5,0.75385492846428,0.9326712164965341,False,235,59
afatinib,elastic_net,1,ACH-000966,ovary/fallopian tube,0.6614564186681992,0.8427846105877148,0.6141033994829997,1.07146582169243,1.0,0.6749803638942479,1,0.5,0.75385492846428,0.9326712164965341,False,235,59
afatinib,elastic_net,1,ACH-000280,ovary/fallopian tube,0.7324075729249528,0.8080865300567055,0.5794053189519904,1.0367677411614205,1.0,0.4804260092706831,0,0.5,0.75385492846428,0.9326712164965341,False,235,59
afatinib,elastic_net,1,ACH-000244,cns/brain,0.88367136778257,0.8077345073295901,0.579053296224875,1.0364157184343052,,0.25685200863357804,0,0.5,0.75385492846428,0.9326712164965341,False,235,59
afatinib,elastic_net,1,ACH-000352,breast,0.816704603285156,0.7453951699043024,0.5167139587995874,0.9740763810090175,,0.6533784581302803,1,0.5,0.75385492846428,0.9326712164965341,False,235,59
afatinib,elastic_net,1,ACH-000622,cns/brain,0.8915492564209393,0.8674200355327002,0.6387388244279851,1.0961012466374154,,0.4274194542684908,0,0.5,0.75385492846428,0.9326712164965341,False,235,59
afatinib,elastic_net,1,ACH-000452,esophagus/stomach,0.603256839989374,0.7270497242666368,0.49836851316192177,0.9557309353713519,1.0,0.4263951737659735,0,0.5,0.75385492846428,0.9326712164965341,False,235,59
afatinib,elastic_net,1,ACH-000335,pleura,0.688300479887682,0.9098702365276858,0.6811890254229708,1.138551447632401,1.0,0.2569767495862493,0,0.5,0.75385492846428,0.9326712164965341,False,235,59
afatinib,elastic_net,1,ACH-000468,pancreas,0.8838153146874432,0.8224842482994768,0.5938030371947617,1.0511654594041917,,0.27210355059487007,0,0.5,0.75385492846428,0.9326712164965341,False,235,59
afatinib,elastic_net,1,ACH-000919,esophagus/stomach,0.6480139020884156,0.7918874191491113,0.5632062080443963,1.0205686302538264,1.0,0.5672464803713262,1,0.5,0.75385492846428,0.9326712164965341,False,235,59
afatinib,elastic_net,1,ACH-000958,bowel,0.781198377645261,0.7696127229113466,0.5409315118066316,0.9982939340160617,,0.6627217339405987,1,0.5,0.75385492846428,0.9326712164965341,False,235,59
afatinib,elastic_net,1,ACH-000620,liver,0.49463648202876376,0.795702170517704,0.5670209594129889,1.024383381622419,1.0,0.6733648068444437,1,0.5,0.75385492846428,0.9326712164965341,False,235,59
afatinib,elastic_net,1,ACH-000521,lung,0.9166649515649083,0.8690797292019705,0.6403985180972555,1.0977609403066855,,0.2987508241135974,0,0.5,0.75385492846428,0.9326712164965341,False,235,59
afatinib,elastic_net,1,ACH-000849,breast,0.848062126784477,0.6205670824358867,0.3918858713311716,0.8492482935406017,,0.6755146640479558,1,0.5,0.75385492846428,0.9326712164965341,False,235,59
afatinib,elastic_net,1,ACH-000013,ovary/fallopian tube,0.8866056329910263,0.7773084741673519,0.5486272630626369,1.0059896852720671,,0.6749211237483627,1,0.5,0.75385492846428,0.9326712164965341,False,235,59
afatinib,elastic_net,1,ACH-000023,pancreas,0.8888195207080525,0.8336085653419734,0.6049273542372583,1.0622897764466885,,0.30540250688421317,0,0.5,0.75385492846428,0.9326712164965341,False,235,59
afatinib,elastic_net,1,ACH-000347,pancreas,0.915342314310995,0.793869589074853,0.565188377970138,1.0225508001795682,,0.6261297203034675,1,0.5,0.75385492846428,0.9326712164965341,False,235,59
afatinib,elastic_net,1,ACH-000888,lung,0.977554167971559,0.8905399481366387,0.6618587370319237,1.119221159241354,0.0,0.48458118153280333,0,0.5,0.75385492846428,0.9326712164965341,False,235,59
afatinib,elastic_net,1,ACH-000502,pancreas,1.0,0.8483025236811019,0.6196213125763869,1.0769837347858169,0.0,0.3341542957928253,0,0.5,0.75385492846428,0.9326712164965341,False,235,59
afatinib,elastic_net,1,ACH-000408,esophagus/stomach,0.7307268154182467,0.7538279029840849,0.5251466918793698,0.9825091140887999,1.0,0.675712982910263,1,0.5,0.75385492846428,0.9326712164965341,False,235,59
afatinib,elastic_net,1,ACH-000288,breast,0.921684254669505,0.9327297063254769,0.7040484952207618,1.1614109174301919,,0.26098360652814157,0,0.5,0.75385492846428,0.9326712164965341,False,235,59
afatinib,elastic_net,1,ACH-000505,soft tissue,1.21631141197954,0.9281243788092257,0.6994431677045106,1.1568055899139407,0.0,0.25668273825863325,0,0.5,0.75385492846428,0.9326712164965341,False,235,59
afatinib,elastic_net,1,ACH-000046,kidney,0.8169570958729081,0.8841234741701424,0.6554422630654273,1.1128046852748574,,0.30047263524937223,0,0.5,0.75385492846428,0.9326712164965341,False,235,59
afatinib,elastic_net,1,ACH-000052,bone,0.825529698351549,0.8874511364219132,0.6587699253171981,1.1161323475266283,,0.34487756785866974,0,0.5,0.75385492846428,0.9326712164965341,False,235,59
afatinib,xgboost,1,ACH-000461,biliary tract,0.8083315831300828,0.7713802456855774,0.5280116709144754,1.0147488204566795,,0.6927298825857352,1,0.5,0.75385492846428,0.9326712164965341,False,235,59
afatinib,xgboost,1,ACH-000570,cns/brain,0.9302407763506122,0.9197126626968384,0.6763440879257364,1.1630812374679405,,0.2780238766760227,0,0.5,0.75385492846428,0.9326712164965341,False,235,59
afatinib,xgboost,1,ACH-000769,lung,0.8628046769891742,0.7722431421279907,0.5288745673568888,1.0156117168990928,,0.6501612558560624,1,0.5,0.75385492846428,0.9326712164965341,False,235,59
afatinib,xgboost,1,ACH-000123,ovary/fallopian tube,0.7634885218988499,0.898318350315094,0.654949775543992,1.141686925086196,,0.31619356308949953,0,0.5,0.75385492846428,0.9326712164965341,False,235,59
afatinib,xgboost,1,ACH-000117,breast,0.7914034352173936,0.8101904988288879,0.566821924057786,1.05355907359999,,0.6698546406613202,1,0.5,0.75385492846428,0.9326712164965341,False,235,59
afatinib,xgboost,1,ACH-000785,lung,0.9077796171042505,0.8519933223724365,0.6086247476013346,1.0953618971435386,,0.6294239473057539,1,0.5,0.75385492846428,0.9326712164965341,False,235,59
afatinib,xgboost,1,ACH-000376,cns/brain,0.9081465107309331,0.9739876985549927,0.7306191237838907,1.2173562733260948,,0.2783871647492948,0,0.5,0.75385492846428,0.9326712164965341,False,235,59
afatinib,xgboost,1,ACH-000971,bowel,0.797017411198863,0.8445066213607788,0.6011380465896768,1.0878751961318809,,0.6001104799503821,1,0.5,0.75385492846428,0.9326712164965341,False,235,59
afatinib,xgboost,1,ACH-000481,lung,0.5709826799007751,0.8188794851303101,0.5755109103592081,1.0622480599014121,1.0,0.585986228893806,1,0.5,0.75385492846428,0.9326712164965341,False,235,59
afatinib,xgboost,1,ACH-000832,head and neck,0.6627299254306647,0.7314249873161316,0.4880564125450296,0.9747935620872336,1.0,0.683705024911702,1,0.5,0.75385492846428,0.9326712164965341,False,235,59
afatinib,xgboost,1,ACH-000858,lung,0.9128412337027076,0.7252671122550964,0.48189853748399447,0.9686356870261984,,0.6994170542669256,1,0.5,0.75385492846428,0.9326712164965341,False,235,59
afatinib,xgboost,1,ACH-000749,lung,0.9490432038349356,0.8932027816772461,0.6498342069061441,1.1365713564483482,0.0,0.2936930777993307,0,0.5,0.75385492846428,0.9326712164965341,False,235,59
afatinib,xgboost,1,ACH-000784,esophagus/stomach,0.8185213141596919,0.808914303779602,0.5655457290085001,1.0522828785507041,,0.6084151590304654,1,0.5,0.75385492846428,0.9326712164965341,False,235,59
afatinib,xgboost,1,ACH-000261,lung,0.9551979297476724,0.9032986760139465,0.6599301012428446,1.1466672507850486,0.0,0.2989814561501177,0,0.5,0.75385492846428,0.9326712164965341,False,235,59
afatinib,xgboost,1,ACH-000164,pancreas,1.051101031990243,0.8737738132476807,0.6304052384765787,1.1171423880187827,0.0,0.5009136867724704,1,0.5,0.75385492846428,0.9326712164965341,False,235,59
afatinib,xgboost,1,ACH-000814,skin,1.19848826167392,0.9418061971664429,0.6984376223953409,1.185174771937545,0.0,0.27267340026836334,0,0.5,0.75385492846428,0.9326712164965341,False,235,59
afatinib,xgboost,1,ACH-000163,head and neck,0.8788029712042676,0.919603168964386,0.676234594193284,1.162971743735488,,0.2786063950392598,0,0.5,0.75385492846428,0.9326712164965341,False,235,59
afatinib,xgboost,1,ACH-000503,head and neck,0.5514307380652159,0.7759791612625122,0.5326105864914102,1.0193477360336143,1.0,0.6512029576133883,1,0.5,0.75385492846428,0.9326712164965341,False,235,59
afatinib,xgboost,1,ACH-000719,ovary/fallopian tube,0.492843377443929,0.7415242791175842,0.49815570434648226,0.9848928538886862,1.0,0.6435591943920566,1,0.5,0.75385492846428,0.9326712164965341,False,235,59
afatinib,xgboost,1,ACH-000674,esophagus/stomach,0.579862388921484,0.7648074626922607,0.5214388879211588,1.0081760374633628,1.0,0.6298389305232354,1,0.5,0.75385492846428,0.9326712164965341,False,235,59
afatinib,xgboost,1,ACH-000670,lung,0.8122571198066278,0.840567946434021,0.597199371662919,1.083936521205123,,0.3325436947883238,0,0.5,0.75385492846428,0.9326712164965341,False,235,59
afatinib,xgboost,1,ACH-000037,soft tissue,0.9321601754143537,0.9713984727859497,0.7280298980148477,1.2147670475570518,,0.2899894072586884,0,0.5,0.75385492846428,0.9326712164965341,False,235,59
afatinib,xgboost,1,ACH-000155,pancreas,0.9773587212016034,0.8970906138420105,0.6537220390709085,1.1404591886131126,0.0,0.5047354035028674,1,0.5,0.75385492846428,0.9326712164965341,False,235,59
afatinib,xgboost,1,ACH-000188,head and neck,0.5469402893739859,0.7488999962806702,0.5055314215095682,0.9922685710517721,1.0,0.6439071097088156,1,0.5,0.75385492846428,0.9326712164965341,False,235,59
afatinib,xgboost,1,ACH-000618,head and neck,0.84168081327605,0.6735612750053406,0.4301927002342386,0.9169298497764425,,0.7010175641803944,1,0.5,0.75385492846428,0.9326712164965341,False,235,59
afatinib,xgboost,1,ACH-000014,skin,0.975722077933205,0.9579543471336365,0.7145857723625345,1.2013229219047385,0.0,0.2771452086564643,0,0.5,0.75385492846428,0.9326712164965341,False,235,59
afatinib,xgboost,1,ACH-000637,esophagus/stomach,0.7144079907769263,0.8152986764907837,0.5719301017196817,1.0586672512618858,1.0,0.658486534333174,1,0.5,0.75385492846428,0.9326712164965341,False,235,59
afatinib,xgboost,1,ACH-000265,pancreas,0.7593656515097718,0.8255658149719238,0.5821972402008219,1.068934389743026,,0.4506209428366161,0,0.5,0.75385492846428,0.9326712164965341,False,235,59
afatinib,xgboost,1,ACH-000237,ovary/fallopian tube,0.9149607360466118,0.969207227230072,0.7258386524589701,1.212575802001174,,0.3406260933136839,0,0.5,0.75385492846428,0.9326712164965341,False,235,59
afatinib,xgboost,1,ACH-000007,bowel,0.7224540367173071,0.7982380390167236,0.5548694642456217,1.0416066137878257,1.0,0.6555707433876654,1,0.5,0.75385492846428,0.9326712164965341,False,235,59
afatinib,xgboost,1,ACH-001239,skin,0.95999612428224,0.9178587794303894,0.6744902046592874,1.1612273542014915,0.0,0.2864703737373177,0,0.5,0.75385492846428,0.9326712164965341,False,235,59
afatinib,xgboost,1,ACH-000803,lung,0.7089832039768629,0.7998692989349365,0.5565007241638346,1.0432378737060386,1.0,0.5044662151028201,1,0.5,0.75385492846428,0.9326712164965341,False,235,59
afatinib,xgboost,1,ACH-000537,liver,1.0,0.8308212757110596,0.5874527009399576,1.0741898504821616,0.0,0.5191908233472056,1,0.5,0.75385492846428,0.9326712164965341,False,235,59
afatinib,xgboost,1,ACH-000753,bladder/urinary tract,0.816240512757665,0.9424883127212524,0.6991197379501505,1.1858568874923545,,0.32963001882348714,0,0.5,0.75385492846428,0.9326712164965341,False,235,59
afatinib,xgboost,1,ACH-000232,cns/brain,1.0,0.9254730343818665,0.6821044596107645,1.1688416091529685,0.0,0.29141027847526074,0,0.5,0.75385492846428,0.9326712164965341,False,235,59
afatinib,xgboost,1,ACH-000592,cns/brain,0.89353998789931,0.8982330560684204,0.6548644812973184,1.1416016308395225,,0.3232251035613447,0,0.5,0.75385492846428,0.9326712164965341,False,235,59
afatinib,xgboost,1,ACH-000903,thyroid,0.9610939277853808,0.9384379982948303,0.6950694235237284,1.1818065730659324,0.0,0.27570221394305555,0,0.5,0.75385492846428,0.9326712164965341,False,235,59
afatinib,xgboost,1,ACH-001307,thyroid,0.951502455642929,0.9506012797355652,0.7072327049644632,1.1939698545066673,0.0,0.2920098036393066,0,0.5,0.75385492846428,0.9326712164965341,False,235,59
afatinib,xgboost,1,ACH-000364,bone,0.9633456625998364,0.8517694473266602,0.6084008725555582,1.0951380220977622,0.0,0.38098989063649236,0,0.5,0.75385492846428,0.9326712164965341,False,235,59
afatinib,xgboost,1,ACH-000783,breast,0.9713062791168745,0.8665362596511841,0.6231676848800821,1.1099048344222862,0.0,0.5965176049744023,1,0.5,0.75385492846428,0.9326712164965341,False,235,59
afatinib,xgboost,1,ACH-000302,uterus,0.7545567761334988,0.7965242266654968,0.5531556518943949,1.039892801436599,,0.5758185964338859,1,0.5,0.75385492846428,0.9326712164965341,False,235,59
afatinib,xgboost,1,ACH-000994,uterus,0.7967250545362758,0.7921703457832336,0.5488017710121317,1.0355389205543357,,0.6499349089985196,1,0.5,0.75385492846428,0.9326712164965341,False,235,59
afatinib,xgboost,1,ACH-000804,peripheral nervous system,0.8714273436432111,0.8402950167655945,0.5969264419944925,1.0836635915366966,,0.3229889205695546,0,0.5,0.75385492846428,0.9326712164965341,False,235,59
afatinib,xgboost,1,ACH-000141,biliary tract,0.8414438578421961,0.7162407636642456,0.47287218889314364,0.9596093384353476,,0.6844279313234903,1,0.5,0.75385492846428,0.9326712164965341,False,235,59
afatinib,xgboost,1,ACH-000759,breast,0.4767194566648119,0.804324746131897,0.560956171360795,1.047693320902999,1.0,0.6514452130245266,1,0.5,0.75385492846428,0.9326712164965341,False,235,59
afatinib,xgboost,1,ACH-000811,ovary/fallopian tube,0.9003946763653203,0.8670591711997986,0.6236905964286966,1.1104277459709007,,0.5095241548990332,1,0.5,0.75385492846428,0.9326712164965341,False,235,59
afatinib,xgboost,1,ACH-000879,uterus,0.9686630215259879,0.8415558338165283,0.5981872590454264,1.0849244085876304,0.0,0.3757657889930386,0,0.5,0.75385492846428,0.9326712164965341,False,235,59
afatinib,xgboost,1,ACH-000982,bowel,0.6799489577923117,0.7853847742080688,0.5420161994369669,1.028753348979171,1.0,0.6620238890123726,1,0.5,0.75385492846428,0.9326712164965341,False,235,59
afatinib,xgboost,1,ACH-000463,lung,0.9225345056161118,0.9152088761329651,0.6718403013618631,1.1585774509040672,,0.3117864446897403,0,0.5,0.75385492846428,0.9326712164965341,False,235,59
afatinib,xgboost,1,ACH-000473,bladder/urinary tract,0.4865126278464979,0.7143834233283997,0.4710148485572977,0.9577519980995016,1.0,0.6773626640003528,1,0.5,0.75385492846428,0.9326712164965341,False,235,59
afatinib,xgboost,1,ACH-000054,soft tissue,0.970245184170927,0.9256563782691956,0.6822878034980936,1.1690249530402976,0.0,0.2833092501045781,0,0.5,0.75385492846428,0.9326712164965341,False,235,59
afatinib,xgboost,1,ACH-000966,ovary/fallopian tube,0.6614564186681992,0.8257779479026794,0.5824093731315775,1.0691465226737815,1.0,0.5457419313249606,1,0.5,0.75385492846428,0.9326712164965341,False,235,59
afatinib,xgboost,1,ACH-000280,ovary/fallopian tube,0.7324075729249528,0.7965104579925537,0.5531418832214517,1.0398790327636558,1.0,0.5973479506359719,1,0.5,0.75385492846428,0.9326712164965341,False,235,59
afatinib,xgboost,1,ACH-000244,cns/brain,0.88367136778257,0.94654780626297,0.703179231491868,1.189916381034072,,0.2960264024813492,0,0.5,0.75385492846428,0.9326712164965341,False,235,59
afatinib,xgboost,1,ACH-000352,breast,0.816704603285156,0.766991138458252,0.52362256368715,1.010359713229354,,0.5927976017461623,1,0.5,0.75385492846428,0.9326712164965341,False,235,59
afatinib,xgboost,1,ACH-000622,cns/brain,0.8915492564209393,0.8982119560241699,0.654843381253068,1.141580530795272,,0.3342807581647498,0,0.5,0.75385492846428,0.9326712164965341,False,235,59
afatinib,xgboost,1,ACH-000452,esophagus/stomach,0.603256839989374,0.8499377369880676,0.6065691622169657,1.0933063117591697,1.0,0.5818194327030118,1,0.5,0.75385492846428,0.9326712164965341,False,235,59
afatinib,xgboost,1,ACH-000335,pleura,0.688300479887682,0.938552737236023,0.695184162464921,1.181921312007125,1.0,0.2978069729874037,0,0.5,0.75385492846428,0.9326712164965341,False,235,59
afatinib,xgboost,1,ACH-000468,pancreas,0.8838153146874432,0.8547273278236389,0.611358753052537,1.098095902594741,,0.33166916764092164,0,0.5,0.75385492846428,0.9326712164965341,False,235,59
afatinib,xgboost,1,ACH-000919,esophagus/stomach,0.6480139020884156,0.8071235418319702,0.5637549670608683,1.0504921166030723,1.0,0.6692627413200344,1,0.5,0.75385492846428,0.9326712164965341,False,235,59
afatinib,xgboost,1,ACH-000958,bowel,0.781198377645261,0.7690669298171997,0.5256983550460977,1.0124355045883018,,0.6375520297019739,1,0.5,0.75385492846428,0.9326712164965341,False,235,59
afatinib,xgboost,1,ACH-000620,liver,0.49463648202876376,0.7954040765762329,0.552035501805131,1.038772651347335,1.0,0.6594797199403596,1,0.5,0.75385492846428,0.9326712164965341,False,235,59
afatinib,xgboost,1,ACH-000521,lung,0.9166649515649083,0.9045343995094299,0.661165824738328,1.147902974280532,,0.45188281858126955,0,0.5,0.75385492846428,0.9326712164965341,False,235,59
afatinib,xgboost,1,ACH-000849,breast,0.848062126784477,0.7722488045692444,0.5288802297981424,1.0156173793403465,,0.6464214274005805,1,0.5,0.75385492846428,0.9326712164965341,False,235,59
afatinib,xgboost,1,ACH-000013,ovary/fallopian tube,0.8866056329910263,0.7338925004005432,0.49052392562944125,0.9772610751716452,,0.6650235238505391,1,0.5,0.75385492846428,0.9326712164965341,False,235,59
afatinib,xgboost,1,ACH-000023,pancreas,0.8888195207080525,0.8995896577835083,0.6562210830124063,1.1429582325546104,,0.3730110891741701,0,0.5,0.75385492846428,0.9326712164965341,False,235,59
afatinib,xgboost,1,ACH-000347,pancreas,0.915342314310995,0.808131217956543,0.564762643185441,1.051499792727645,,0.6438604293988986,1,0.5,0.75385492846428,0.9326712164965341,False,235,59
afatinib,xgboost,1,ACH-000888,lung,0.977554167971559,0.8933855295181274,0.6500169547470255,1.1367541042892295,0.0,0.3575241071879944,0,0.5,0.75385492846428,0.9326712164965341,False,235,59
afatinib,xgboost,1,ACH-000502,pancreas,1.0,0.8643942475318909,0.6210256727607889,1.107762822302993,0.0,0.5791782515743606,1,0.5,0.75385492846428,0.9326712164965341,False,235,59
afatinib,xgboost,1,ACH-000408,esophagus/stomach,0.7307268154182467,0.7390548586845398,0.49568628391343783,0.9824234334556418,1.0,0.7036491150708125,1,0.5,0.75385492846428,0.9326712164965341,False,235,59
afatinib,xgboost,1,ACH-000288,breast,0.921684254669505,0.9815818071365356,0.7382132323654337,1.2249503819076377,,0.28763235509954704,0,0.5,0.75385492846428,0.9326712164965341,False,235,59
afatinib,xgboost,1,ACH-000505,soft tissue,1.21631141197954,0.9872819185256958,0.7439133437545938,1.2306504932967979,0.0,0.29987160191190076,0,0.5,0.75385492846428,0.9326712164965341,False,235,59
afatinib,xgboost,1,ACH-000046,kidney,0.8169570958729081,0.8809888362884521,0.6376202615173502,1.1243574110595542,,0.4857945827090941,0,0.5,0.75385492846428,0.9326712164965341,False,235,59
afatinib,xgboost,1,ACH-000052,bone,0.825529698351549,0.9050742387771606,0.6617056640060587,1.1484428135482627,,0.3087158630652575,0,0.5,0.75385492846428,0.9326712164965341,False,235,59
afatinib,lineage,2,ACH-000792,kidney,0.9184089896924754,0.9484624203405029,0.706006915845438,1.190917924835568,,0.44523874776756267,0,0.5,0.7538210655172494,0.9324176642190403,False,235,59
afatinib,lineage,2,ACH-000678,esophagus/stomach,0.7222414432092537,0.7300171664311081,0.4875616619360432,0.9724726709261731,1.0,0.6143983631560491,1,0.5,0.7538210655172494,0.9324176642190403,False,235,59
afatinib,lineage,2,ACH-000383,esophagus/stomach,0.6903792408201548,0.7300171664311081,0.4875616619360432,0.9724726709261731,1.0,0.6143983631560491,1,0.5,0.7538210655172494,0.9324176642190403,False,235,59
afatinib,lineage,2,ACH-000917,esophagus/stomach,0.62631747986012,0.7300171664311081,0.4875616619360432,0.9724726709261731,1.0,0.6143983631560491,1,0.5,0.7538210655172494,0.9324176642190403,False,235,59
afatinib,lineage,2,ACH-000704,ovary/fallopian tube,0.7391651221370568,0.7893865681506798,0.5469310636556148,1.0318420726457447,1.0,0.5724953239817319,1,0.5,0.7538210655172494,0.9324176642190403,False,235,59
afatinib,lineage,2,ACH-000684,kidney,0.9819385774030884,0.9484624203405029,0.706006915845438,1.190917924835568,0.0,0.44523874776756267,0,0.5,0.7538210655172494,0.9324176642190403,False,235,59
afatinib,lineage,2,ACH-000732,head and neck,0.6228866927239844,0.7190457216007646,0.4765902171056997,0.9615012260958296,1.0,0.5822460442327885,1,0.5,0.7538210655172494,0.9324176642190403,False,235,59
afatinib,lineage,2,ACH-000329,cns/brain,0.9075901739213934,0.9377206571958598,0.6952651527007949,1.1801761616909248,,0.4397088388630094,0,0.5,0.7538210655172494,0.9324176642190403,False,235,59
afatinib,lineage,2,ACH-000153,pleura,0.8227446648620911,0.994811254364572,0.752355749869507,1.2372667588596369,,0.4733039509294021,0,0.5,0.7538210655172494,0.9324176642190403,False,235,59
afatinib,lineage,2,ACH-000517,pancreas,1.1792258578257,0.8093547143141809,0.566899209819116,1.051810218809246,0.0,0.5811687662292834,1,0.5,0.7538210655172494,0.9324176642190403,False,235,59
afatinib,lineage,2,ACH-000108,pancreas,0.8931556058897477,0.8093547143141809,0.566899209819116,1.051810218809246,,0.5811687662292834,1,0.5,0.7538210655172494,0.9324176642190403,False,235,59
afatinib,lineage,2,ACH-000671,liver,0.805248825352973,0.7788799610901462,0.5364244565950813,1.0213354655852112,,0.5231068037284843,1,0.5,0.7538210655172494,0.9324176642190403,False,235,59
afatinib,lineage,2,ACH-000748,bone,0.9671028635260812,0.8583537551647885,0.6158982506697236,1.1008092596598535,0.0,0.5214867314797461,1,0.5,0.7538210655172494,0.9324176642190403,False,235,59
afatinib,lineage,2,ACH-000834,bladder/urinary tract,0.7374847205058644,0.7581758145486449,0.51572031005358,1.00063131904371,1.0,0.5900950607795648,1,0.5,0.7538210655172494,0.9324176642190403,False,235,59
afatinib,lineage,2,ACH-000713,ovary/fallopian tube,0.7649757746089094,0.7893865681506798,0.5469310636556148,1.0318420726457447,,0.5724953239817319,1,0.5,0.7538210655172494,0.9324176642190403,False,235,59
afatinib,lineage,2,ACH-000420,liver,1.0,0.7788799610901462,0.5364244565950813,1.0213354655852112,0.0,0.5231068037284843,1,0.5,0.7538210655172494,0.9324176642190403,False,235,59
afatinib,lineage,2,ACH-000947,ovary/fallopian tube,0.9491776821975928,0.7893865681506798,0.5469310636556148,1.0318420726457447,0.0,0.5724953239817319,1,0.5,0.7538210655172494,0.9324176642190403,False,235,59
afatinib,lineage,2,ACH-000479,cns/brain,0.9310159971561035,0.9377206571958598,0.6952651527007949,1.1801761616909248,,0.4397088388630094,0,0.5,0.7538210655172494,0.9324176642190403,False,235,59
afatinib,lineage,2,ACH-000614,skin,0.8938322204499349,0.9508296459827215,0.7083741414876565,1.1932851504777864,,0.41887874444435386,0,0.5,0.7538210655172494,0.9324176642190403,False,235,59
afatinib,lineage,2,ACH-000389,cns/brain,1.102933028788224,0.9377206571958598,0.6952651527007949,1.1801761616909248,0.0,0.4397088388630094,0,0.5,0.7538210655172494,0.9324176642190403,False,235,59
afatinib,lineage,2,ACH-000882,skin,0.9568448686915367,0.9508296459827215,0.7083741414876565,1.1932851504777864,0.0,0.41887874444435386,0,0.5,0.7538210655172494,0.9324176642190403,False,235,59
afatinib,lineage,2,ACH-000090,prostate,0.8785120643311339,0.8563737557032001,0.6139182512081351,1.098829260198265,,0.5214867314797461,1,0.5,0.7538210655172494,0.9324176642190403,False,235,59
afatinib,lineage,2,ACH-000688,ovary/fallopian tube,1.09549979815116,0.7893865681506798,0.5469310636556148,1.0318420726457447,0.0,0.5724953239817319,1,0.5,0.7538210655172494,0.9324176642190403,False,235,59
afatinib,lineage,2,ACH-000721,breast,0.822853438055094,0.8215791204669196,0.5791236159718547,1.0640346249619845,,0.5380044092190648,1,0.5,0.7538210655172494,0.9324176642190403,False,235,59
afatinib,lineage,2,ACH-000669,lung,0.9065517616141265,0.8470036071040624,0.6045481026089975,1.0894591115991274,,0.5047557493292747,1,0.5,0.7538210655172494,0.9324176642190403,False,235,59
afatinib,lineage,2,ACH-000367,pleura,0.871315579504898,0.994811254364572,0.752355749869507,1.2372667588596369,,0.4733039509294021,0,0.5,0.7538210655172494,0.9324176642190403,False,235,59
afatinib,lineage,2,ACH-000957,bowel,0.6904524039522579,0.8110015578677796,0.5685460533727147,1.0534570623628445,1.0,0.5537716176389555,1,0.5,0.7538210655172494,0.9324176642190403,False,235,59
afatinib,lineage,2,ACH-000974,uterus,0.573253566750876,0.8033918640668691,0.5609363595718042,1.045847368561934,1.0,0.5402251144469492,1,0.5,0.7538210655172494,0.9324176642190403,False,235,59
afatinib,lineage,2,ACH-000840,lung,0.9251092348152756,0.8470036071040624,0.6045481026089975,1.0894591115991274,,0.5047557493292747,1,0.5,0.7538210655172494,0.9324176642190403,False,235,59
afatinib,lineage,2,ACH-000667,lung,0.9427107791956173,0.8470036071040624,0.6045481026089975,1.0894591115991274,0.0,0.5047557493292747,1,0.5,0.7538210655172494,0.9324176642190403,False,235,59
afatinib,lineage,2,ACH-000905,bladder/urinary tract,0.6522020516035651,0.7581758145486449,0.51572031005358,1.00063131904371,1.0,0.5900950607795648,1,0.5,0.7538210655172494,0.9324176642190403,False,235,59
afatinib,lineage,2,ACH-000516,bone,0.9526047241493634,0.8583537551647885,0.6158982506697236,1.1008092596598535,0.0,0.5214867314797461,1,0.5,0.7538210655172494,0.9324176642190403,False,235,59
afatinib,lineage,2,ACH-000411,kidney,0.8852752580081336,0.9484624203405029,0.706006915845438,1.190917924835568,,0.44523874776756267,0,0.5,0.7538210655172494,0.9324176642190403,False,235,59
afatinib,lineage,2,ACH-000845,lung,0.8074014385626067,0.8470036071040624,0.6045481026089975,1.0894591115991274,,0.5047557493292747,1,0.5,0.7538210655172494,0.9324176642190403,False,235,59
afatinib,lineage,2,ACH-000852,lung,0.8652427847303666,0.8470036071040624,0.6045481026089975,1.0894591115991274,,0.5047557493292747,1,0.5,0.7538210655172494,0.9324176642190403,False,235,59
afatinib,lineage,2,ACH-000979,prostate,0.8061143172062644,0.8563737557032001,0.6139182512081351,1.098829260198265,,0.5214867314797461,1,0.5,0.7538210655172494,0.9324176642190403,False,235,59
afatinib,lineage,2,ACH-000976,biliary tract,0.8197359814435754,0.83361038138098,0.5911548768859151,1.0760658858760448,,0.5182525677369445,1,0.5,0.7538210655172494,0.9324176642190403,False,235,59
afatinib,lineage,2,ACH-000766,lung,0.8547996675900278,0.8470036071040624,0.6045481026089975,1.0894591115991274,,0.5047557493292747,1,0.5,0.7538210655172494,0.9324176642190403,False,235,59
afatinib,lineage,2,ACH-000535,pancreas,0.868480369745923,0.8093547143141809,0.566899209819116,1.051810218809246,,0.5811687662292834,1,0.5,0.7538210655172494,0.9324176642190403,False,235,59
afatinib,lineage,2,ACH-000201,kidney,0.7247690579388282,0.9484624203405029,0.706006915845438,1.190917924835568,1.0,0.44523874776756267,0,0.5,0.7538210655172494,0.9324176642190403,False,235,59
afatinib,lineage,2,ACH-000965,uterus,0.6345236745999276,0.8033918640668691,0.5609363595718042,1.045847368561934,1.0,0.5402251144469492,1,0.5,0.7538210655172494,0.9324176642190403,False,235,59
afatinib,lineage,2,ACH-000835,soft tissue,0.8900268604586009,0.95727372682974,0.7148182223346751,1.199729231324805,,0.46113880029920445,0,0.5,0.7538210655172494,0.9324176642190403,False,235,59
afatinib,lineage,2,ACH-000189,kidney,0.9296883178409664,0.9484624203405029,0.706006915845438,1.190917924835568,,0.44523874776756267,0,0.5,0.7538210655172494,0.9324176642190403,False,235,59
afatinib,lineage,2,ACH-000445,cns/brain,0.8304304640210978,0.9377206571958598,0.6952651527007949,1.1801761616909248,,0.4397088388630094,0,0.5,0.7538210655172494,0.9324176642190403,False,235,59
afatinib,lineage,2,ACH-000837,lung,0.6468399753456244,0.8470036071040624,0.6045481026089975,1.0894591115991274,1.0,0.5047557493292747,1,0.5,0.7538210655172494,0.9324176642190403,False,235,59
afatinib,lineage,2,ACH-000899,skin,1.00394886854417,0.9508296459827215,0.7083741414876565,1.1932851504777864,0.0,0.41887874444435386,0,0.5,0.7538210655172494,0.9324176642190403,False,235,59
afatinib,lineage,2,ACH-000133,fibroblast,0.9677141418102896,0.8510557031706613,0.6086001986755963,1.0935112076657263,0.0,0.5182525677369445,1,0.5,0.7538210655172494,0.9324176642190403,False,235,59
afatinib,lineage,2,ACH-000316,liver,0.7100922517341717,0.7788799610901462,0.5364244565950813,1.0213354655852112,1.0,0.5231068037284843,1,0.5,0.7538210655172494,0.9324176642190403,False,235,59
afatinib,lineage,2,ACH-001318,liver,0.7467674082596542,0.7788799610901462,0.5364244565950813,1.0213354655852112,1.0,0.5231068037284843,1,0.5,0.7538210655172494,0.9324176642190403,False,235,59
afatinib,lineage,2,ACH-000447,lung,0.9799311546737788,0.8470036071040624,0.6045481026089975,1.0894591115991274,0.0,0.5047557493292747,1,0.5,0.7538210655172494,0.9324176642190403,False,235,59
afatinib,lineage,2,ACH-000493,liver,0.9177332286482186,0.7788799610901462,0.5364244565950813,1.0213354655852112,,0.5231068037284843,1,0.5,0.7538210655172494,0.9324176642190403,False,235,59
afatinib,lineage,2,ACH-000159,kidney,1.0002171408970792,0.9484624203405029,0.706006915845438,1.190917924835568,0.0,0.44523874776756267,0,0.5,0.7538210655172494,0.9324176642190403,False,235,59
afatinib,lineage,2,ACH-000259,peripheral nervous system,0.9027010894332728,0.8913711364143839,0.648915631919319,1.1338266409094488,,0.5182525677369445,1,0.5,0.7538210655172494,0.9324176642190403,False,235,59
afatinib,lineage,2,ACH-000940,uterus,0.8353756209499944,0.8033918640668691,0.5609363595718042,1.045847368561934,,0.5402251144469492,1,0.5,0.7538210655172494,0.9324176642190403,False,235,59
afatinib,lineage,2,ACH-000207,head and neck,0.660199608310382,0.7190457216007646,0.4765902171056997,0.9615012260958296,1.0,0.5822460442327885,1,0.5,0.7538210655172494,0.9324176642190403,False,235,59
afatinib,lineage,2,ACH-000929,lung,0.870305804836479,0.8470036071040624,0.6045481026089975,1.0894591115991274,,0.5047557493292747,1,0.5,0.7538210655172494,0.9324176642190403,False,235,59
afatinib,lineage,2,ACH-000390,lung,0.7559039340459364,0.8470036071040624,0.6045481026089975,1.0894591115991274,,0.5047557493292747,1,0.5,0.7538210655172494,0.9324176642190403,False,235,59
afatinib,lineage,2,ACH-000878,lung,0.9326672799693415,0.8470036071040624,0.6045481026089975,1.0894591115991274,0.0,0.5047557493292747,1,0.5,0.7538210655172494,0.9324176642190403,False,235,59
afatinib,lineage,2,ACH-000827,skin,0.9807324612153915,0.9508296459827215,0.7083741414876565,1.1932851504777864,0.0,0.41887874444435386,0,0.5,0.7538210655172494,0.9324176642190403,False,235,59
afatinib,lineage,2,ACH-000174,thyroid,0.8431590725284958,0.9244712343953225,0.6820157299002576,1.1669267388903874,,0.4733039509294021,0,0.5,0.7538210655172494,0.9324176642190403,False,235,59
afatinib,lineage,2,ACH-000777,esophagus/stomach,0.716521317693691,0.7300171664311081,0.4875616619360432,0.9724726709261731,1.0,0.6143983631560491,1,0.5,0.7538210655172494,0.9324176642190403,False,235,59
afatinib,lineage,2,ACH-000312,peripheral nervous system,0.9304876644036719,0.8913711364143839,0.648915631919319,1.1338266409094488,,0.5182525677369445,1,0.5,0.7538210655172494,0.9324176642190403,False,235,59
afatinib,lineage,2,ACH-000985,bowel,0.8745518691440081,0.8110015578677796,0.5685460533727147,1.0534570623628445,,0.5537716176389555,1,0.5,0.7538210655172494,0.9324176642190403,False,235,59
afatinib,lineage,2,ACH-000444,lung,1.0,0.8470036071040624,0.6045481026089975,1.0894591115991274,0.0,0.5047557493292747,1,0.5,0.7538210655172494,0.9324176642190403,False,235,59
afatinib,lineage,2,ACH-000500,head and neck,0.9310545797061893,0.7190457216007646,0.4765902171056997,0.9615012260958296,,0.5822460442327885,1,0.5,0.7538210655172494,0.9324176642190403,False,235,59
afatinib,lineage,2,ACH-000030,lung,0.469001973287228,0.8470036071040624,0.6045481026089975,1.0894591115991274,1.0,0.5047557493292747,1,0.5,0.7538210655172494,0.9324176642190403,False,235,59
afatinib,lineage,2,ACH-000169,soft tissue,0.836214960200733,0.95727372682974,0.7148182223346751,1.199729231324805,,0.46113880029920445,0,0.5,0.7538210655172494,0.9324176642190403,False,235,59
afatinib,lineage,2,ACH-000796,ovary/fallopian tube,0.8766216945347188,0.7893865681506798,0.5469310636556148,1.0318420726457447,,0.5724953239817319,1,0.5,0.7538210655172494,0.9324176642190403,False,235,59
afatinib,lineage,2,ACH-000967,bowel,0.8514065770259671,0.8110015578677796,0.5685460533727147,1.0534570623628445,,0.5537716176389555,1,0.5,0.7538210655172494,0.9324176642190403,False,235,59
afatinib,lineage,2,ACH-000469,cns/brain,0.9718367443676195,0.9377206571958598,0.6952651527007949,1.1801761616909248,0.0,0.4397088388630094,0,0.5,0.7538210655172494,0.9324176642190403,False,235,59
afatinib,lineage,2,ACH-000217,liver,0.937772852982276,0.7788799610901462,0.5364244565950813,1.0213354655852112,0.0,0.5231068037284843,1,0.5,0.7538210655172494,0.9324176642190403,False,235,59
afatinib,lineage,2,ACH-000996,uterus,0.7269546111947496,0.8033918640668691,0.5609363595718042,1.045847368561934,1.0,0.5402251144469492,1,0.5,0.7538210655172494,0.9324176642190403,False,235,59
afatinib,lineage,2,ACH-000781,lung,0.7969161987302076,0.8470036071040624,0.6045481026089975,1.0894591115991274,,0.5047557493292747,1,0.5,0.7538210655172494,0.9324176642190403,False,235,59
afatinib,lineage,2,ACH-000973,bladder/urinary tract,0.9371912755063595,0.7581758145486449,0.51572031005358,1.00063131904371,0.0,0.5900950607795648,1,0.5,0.7538210655172494,0.9324176642190403,False,235,59
afatinib,elastic_net,2,ACH-000792,kidney,0.9184089896924754,0.8977664167749555,0.6885837426839232,1.1069490908659878,,0.29425833194490475,0,0.5,0.7538210655172494,0.9324176642190403,False,235,59
afatinib,elastic_net,2,ACH-000678,esophagus/stomach,0.7222414432092537,0.6740523840489299,0.46486970995789756,0.8832350581399622,1.0,0.6895304754040438,1,0.5,0.7538210655172494,0.9324176642190403,False,235,59
afatinib,elastic_net,2,ACH-000383,esophagus/stomach,0.6903792408201548,0.6235884096450719,0.4144057355540396,0.8327710837361042,1.0,0.6893190742024183,1,0.5,0.7538210655172494,0.9324176642190403,False,235,59
afatinib,elastic_net,2,ACH-000917,esophagus/stomach,0.62631747986012,0.7033936884547148,0.49421101436368253,0.9125763625457471,1.0,0.5942472909747479,1,0.5,0.7538210655172494,0.9324176642190403,False,235,59
afatinib,elastic_net,2,ACH-000704,ovary/fallopian tube,0.7391651221370568,0.8764126206030388,0.6672299465120065,1.085595294694071,1.0,0.33073229289180756,0,0.5,0.7538210655172494,0.9324176642190403,False,235,59
afatinib,elastic_net,2,ACH-000684,kidney,0.9819385774030884,0.9292628470129806,0.7200801729219483,1.1384455211040128,0.0,0.29346331303960266,0,0.5,0.7538210655172494,0.9324176642190403,False,235,59
afatinib,elastic_net,2,ACH-000732,head and neck,0.6228866927239844,0.7031693243976422,0.49398665030660993,0.9123519984886745,1.0,0.6884713272302587,1,0.5,0.7538210655172494,0.9324176642190403,False,235,59
afatinib,elastic_net,2,ACH-000329,cns/brain,0.9075901739213934,0.9409503274265594,0.7317676533355271,1.1501330015175917,,0.2921705814852018,0,0.5,0.7538210655172494,0.9324176642190403,False,235,59
afatinib,elastic_net,2,ACH-000153,pleura,0.8227446648620911,0.95135935352973,0.7421766794386977,1.1605420276207623,,0.2932298814600042,0,0.5,0.7538210655172494,0.9324176642190403,False,235,59
afatinib,elastic_net,2,ACH-000517,pancreas,1.1792258578257,0.8702814873627247,0.6610988132716924,1.079464161453757,0.0,0.2948950784576685,0,0.5,0.7538210655172494,0.9324176642190403,False,235,59
afatinib,elastic_net,2,ACH-000108,pancreas,0.8931556058897477,0.8797294532666848,0.6705467791756525,1.0889121273577171,,0.3281261718188046,0,0.5,0.7538210655172494,0.9324176642190403,False,235,59
afatinib,elastic_net,2,ACH-000671,liver,0.805248825352973,0.8465994528949665,0.6374167788039342,1.0557821269859988,,0.6229540268347683,1,0.5,0.7538210655172494,0.9324176642190403,False,235,59
afatinib,elastic_net,2,ACH-000748,bone,0.9671028635260812,0.9183826740806924,0.7091999999896601,1.1275653481717247,0.0,0.29241493764014065,0,0.5,0.7538210655172494,0.9324176642190403,False,235,59
afatinib,elastic_net,2,ACH-000834,bladder/urinary tract,0.7374847205058644,0.7210782166134038,0.5118955425223715,0.9302608907044361,1.0,0.6894304664128984,1,0.5,0.7538210655172494,0.9324176642190403,False,235,59
afatinib,elastic_net,2,ACH-000713,ovary/fallopian tube,0.7649757746089094,0.8577741717881503,0.648591497697118,1.0669568458791825,,0.5997340382756937,1,0.5,0.7538210655172494,0.9324176642190403,False,235,59
afatinib,elastic_net,2,ACH-000420,liver,1.0,0.9299424368714537,0.7207597627804214,1.139125110962486,0.0,0.2958376797463986,0,0.5,0.7538210655172494,0.9324176642190403,False,235,59
afatinib,elastic_net,2,ACH-000947,ovary/fallopian tube,0.9491776821975928,0.8705746078149303,0.661391933723898,1.0797572819059627,0.0,0.4615996613113216,0,0.5,0.7538210655172494,0.9324176642190403,False,235,59
afatinib,elastic_net,2,ACH-000479,cns/brain,0.9310159971561035,0.9109400422610777,0.7017573681700454,1.12012271635211,,0.3178245720415478,0,0.5,0.7538210655172494,0.9324176642190403,False,235,59
afatinib,elastic_net,2,ACH-000614,skin,0.8938322204499349,0.9397249834423805,0.7305423093513482,1.148907657533413,,0.29255773086345066,0,0.5,0.7538210655172494,0.9324176642190403,False,235,59
afatinib,elastic_net,2,ACH-000389,cns/brain,1.102933028788224,0.952396356822737,0.7432136827317047,1.1615790309137695,0.0,0.2936228901841814,0,0.5,0.7538210655172494,0.9324176642190403,False,235,59
afatinib,elastic_net,2,ACH-000882,skin,0.9568448686915367,0.9864397461075869,0.7772570720165546,1.1956224201986192,0.0,0.2925524882034197,0,0.5,0.7538210655172494,0.9324176642190403,False,235,59
afatinib,elastic_net,2,ACH-000090,prostate,0.8785120643311339,0.8312505615892819,0.6220678874982496,1.040433235680314,,0.551804003891499,1,0.5,0.7538210655172494,0.9324176642190403,False,235,59
afatinib,elastic_net,2,ACH-000688,ovary/fallopian tube,1.09549979815116,0.943989241613797,0.7348065675227647,1.1531719157048292,0.0,0.29686575474401483,0,0.5,0.7538210655172494,0.9324176642190403,False,235,59
afatinib,elastic_net,2,ACH-000721,breast,0.822853438055094,0.8085525255047051,0.5993698514136728,1.0177351995957373,,0.4328239557612481,0,0.5,0.7538210655172494,0.9324176642190403,False,235,59
afatinib,elastic_net,2,ACH-000669,lung,0.9065517616141265,0.8595652821396729,0.6503826080486406,1.0687479562307052,,0.5951994823094305,1,0.5,0.7538210655172494,0.9324176642190403,False,235,59
afatinib,elastic_net,2,ACH-000367,pleura,0.871315579504898,0.9008543859238971,0.6916717118328648,1.1100370600149294,,0.2982493846947034,0,0.5,0.7538210655172494,0.9324176642190403,False,235,59
afatinib,elastic_net,2,ACH-000957,bowel,0.6904524039522579,0.8222068903388122,0.6130242162477799,1.0313895644298445,1.0,0.6046580293345237,1,0.5,0.7538210655172494,0.9324176642190403,False,235,59
afatinib,elastic_net,2,ACH-000974,uterus,0.573253566750876,0.8590988550278598,0.6499161809368275,1.068281529118892,1.0,0.65519332977777,1,0.5,0.7538210655172494,0.9324176642190403,False,235,59
afatinib,elastic_net,2,ACH-000840,lung,0.9251092348152756,0.9389299600014537,0.7297472859104214,1.1481126340924859,,0.3072000038941797,0,0.5,0.7538210655172494,0.9324176642190403,False,235,59
afatinib,elastic_net,2,ACH-000667,lung,0.9427107791956173,0.8316512559871441,0.6224685818961118,1.0408339300781764,0.0,0.5204314322289695,1,0.5,0.7538210655172494,0.9324176642190403,False,235,59
afatinib,elastic_net,2,ACH-000905,bladder/urinary tract,0.6522020516035651,0.6793985929906494,0.4702159188996171,0.8885812670816817,1.0,0.6893566305213394,1,0.5,0.7538210655172494,0.9324176642190403,False,235,59
afatinib,elastic_net,2,ACH-000516,bone,0.9526047241493634,1.0059834617244678,0.7968007876334355,1.2151661358155001,0.0,0.29204689366382774,0,0.5,0.7538210655172494,0.9324176642190403,False,235,59
afatinib,elastic_net,2,ACH-000411,kidney,0.8852752580081336,0.8970556485626239,0.6878729744715916,1.106238322653656,,0.3015793236522639,0,0.5,0.7538210655172494,0.9324176642190403,False,235,59
afatinib,elastic_net,2,ACH-000845,lung,0.8074014385626067,0.8219138757393587,0.6127312016483264,1.031096549830391,,0.6473617564719213,1,0.5,0.7538210655172494,0.9324176642190403,False,235,59
afatinib,elastic_net,2,ACH-000852,lung,0.8652427847303666,0.8571707277685975,0.6479880536775652,1.06635340185963,,0.6335803230536156,1,0.5,0.7538210655172494,0.9324176642190403,False,235,59
afatinib,elastic_net,2,ACH-000979,prostate,0.8061143172062644,0.8345683027387962,0.6253856286477639,1.0437509768298285,,0.41503008396149854,0,0.5,0.7538210655172494,0.9324176642190403,False,235,59
afatinib,elastic_net,2,ACH-000976,biliary tract,0.8197359814435754,0.7668272182704037,0.5576445441793714,0.976009892361436,,0.682380868524859,1,0.5,0.7538210655172494,0.9324176642190403,False,235,59
afatinib,elastic_net,2,ACH-000766,lung,0.8547996675900278,0.7741009393173895,0.5649182652263572,0.9832836134084219,,0.6894299917222281,1,0.5,0.7538210655172494,0.9324176642190403,False,235,59
afatinib,elastic_net,2,ACH-000535,pancreas,0.868480369745923,0.7987731189063803,0.589590444815348,1.0079557929974126,,0.6870897222298632,1,0.5,0.7538210655172494,0.9324176642190403,False,235,59
afatinib,elastic_net,2,ACH-000201,kidney,0.7247690579388282,0.903738543310167,0.6945558692191347,1.1129212174011993,1.0,0.30149798816410955,0,0.5,0.7538210655172494,0.9324176642190403,False,235,59
afatinib,elastic_net,2,ACH-000965,uterus,0.6345236745999276,0.7778876826436703,0.568705008552638,0.9870703567347026,1.0,0.6887285214760932,1,0.5,0.7538210655172494,0.9324176642190403,False,235,59
afatinib,elastic_net,2,ACH-000835,soft tissue,0.8900268604586009,1.0013578959825435,0.7921752218915112,1.2105405700735759,,0.29224002248314923,0,0.5,0.7538210655172494,0.9324176642190403,False,235,59
afatinib,elastic_net,2,ACH-000189,kidney,0.9296883178409664,0.8716732538664373,0.662490579775405,1.0808559279574697,,0.334050739614477,0,0.5,0.7538210655172494,0.9324176642190403,False,235,59
afatinib,elastic_net,2,ACH-000445,cns/brain,0.8304304640210978,0.9608696860785545,0.7516870119875222,1.1700523601695867,,0.2921785305571937,0,0.5,0.7538210655172494,0.9324176642190403,False,235,59
afatinib,elastic_net,2,ACH-000837,lung,0.6468399753456244,0.8276342862436851,0.6184516121526528,1.0368169603347175,1.0,0.6861394140452735,1,0.5,0.7538210655172494,0.9324176642190403,False,235,59
afatinib,elastic_net,2,ACH-000899,skin,1.00394886854417,0.9809151886545155,0.7717325145634832,1.1900978627455479,0.0,0.29218909265824095,0,0.5,0.7538210655172494,0.9324176642190403,False,235,59
afatinib,elastic_net,2,ACH-000133,fibroblast,0.9677141418102896,0.9391566993759737,0.7299740252849414,1.148339373467006,0.0,0.2924858707614973,0,0.5,0.7538210655172494,0.9324176642190403,False,235,59
afatinib,elastic_net,2,ACH-000316,liver,0.7100922517341717,0.8920948269741218,0.6829121528830895,1.101277501065154,1.0,0.29255214527526624,0,0.5,0.7538210655172494,0.9324176642190403,False,235,59
afatinib,elastic_net,2,ACH-001318,liver,0.7467674082596542,0.9043632481503103,0.695180574059278,1.1135459222413426,1.0,0.3284474315510434,0,0.5,0.7538210655172494,0.9324176642190403,False,235,59
afatinib,elastic_net,2,ACH-000447,lung,0.9799311546737788,0.8060584043027268,0.5968757302116945,1.015241078393759,0.0,0.37393885485741235,0,0.5,0.7538210655172494,0.9324176642190403,False,235,59
afatinib,elastic_net,2,ACH-000493,liver,0.9177332286482186,0.9254513892212584,0.716268715130226,1.1346340633122907,,0.29443672284068007,0,0.5,0.7538210655172494,0.9324176642190403,False,235,59
afatinib,elastic_net,2,ACH-000159,kidney,1.0002171408970792,0.9161923594763163,0.707009685385284,1.1253750335673485,0.0,0.30255408395870187,0,0.5,0.7538210655172494,0.9324176642190403,False,235,59
afatinib,elastic_net,2,ACH-000259,peripheral nervous system,0.9027010894332728,0.8505183485473831,0.6413356744563508,1.0597010226384154,,0.4141855466457895,0,0.5,0.7538210655172494,0.9324176642190403,False,235,59
afatinib,elastic_net,2,ACH-000940,uterus,0.8353756209499944,0.9307383492447527,0.7215556751537204,1.139921023335785,,0.29763622696385,0,0.5,0.7538210655172494,0.9324176642190403,False,235,59
afatinib,elastic_net,2,ACH-000207,head and neck,0.660199608310382,0.736736485029168,0.5275538109381357,0.9459191591202003,1.0,0.6894602137413814,1,0.5,0.7538210655172494,0.9324176642190403,False,235,59
afatinib,elastic_net,2,ACH-000929,lung,0.870305804836479,0.7445655396779469,0.5353828655869146,0.9537482137689792,,0.6862976196636289,1,0.5,0.7538210655172494,0.9324176642190403,False,235,59
afatinib,elastic_net,2,ACH-000390,lung,0.7559039340459364,0.6813855401407665,0.47220286604973416,0.8905682142317988,,0.6888470053327908,1,0.5,0.7538210655172494,0.9324176642190403,False,235,59
afatinib,elastic_net,2,ACH-000878,lung,0.9326672799693415,0.9542143009727014,0.7450316268816691,1.1633969750637339,0.0,0.3172853555866316,0,0.5,0.7538210655172494,0.9324176642190403,False,235,59
afatinib,elastic_net,2,ACH-000827,skin,0.9807324612153915,0.9039170360855118,0.6947343619944795,1.113099710176544,0.0,0.2930836660635744,0,0.5,0.7538210655172494,0.9324176642190403,False,235,59
afatinib,elastic_net,2,ACH-000174,thyroid,0.8431590725284958,0.8668059912469364,0.657623317155904,1.0759886653379687,,0.3587385274872459,0,0.5,0.7538210655172494,0.9324176642190403,False,235,59
afatinib,elastic_net,2,ACH-000777,esophagus/stomach,0.716521317693691,0.7149024722522169,0.5057197981611846,0.9240851463432492,1.0,0.6867286439223517,1,0.5,0.7538210655172494,0.9324176642190403,False,235,59
afatinib,elastic_net,2,ACH-000312,peripheral nervous system,0.9304876644036719,0.8269487661378023,0.61776609204677,1.0361314402288346,,0.4756008377331131,0,0.5,0.7538210655172494,0.9324176642190403,False,235,59
afatinib,elastic_net,2,ACH-000985,bowel,0.8745518691440081,0.7601824913768906,0.5509998172858583,0.969365165467923,,0.6564342024770585,1,0.5,0.7538210655172494,0.9324176642190403,False,235,59
afatinib,elastic_net,2,ACH-000444,lung,1.0,0.8476740551250921,0.6384913810340598,1.0568567292161244,0.0,0.3160854523052156,0,0.5,0.7538210655172494,0.9324176642190403,False,235,59
afatinib,elastic_net,2,ACH-000500,head and neck,0.9310545797061893,0.8726599904405903,0.663477316349558,1.0818426645316226,,0.31619813214285375,0,0.5,0.7538210655172494,0.9324176642190403,False,235,59
afatinib,elastic_net,2,ACH-000030,lung,0.469001973287228,0.8062063016868238,0.5970236275957915,1.015388975777856,1.0,0.684131263167866,1,0.5,0.7538210655172494,0.9324176642190403,False,235,59
afatinib,elastic_net,2,ACH-000169,soft tissue,0.836214960200733,0.9310140102170474,0.7218313361260151,1.1401966843080797,,0.3034091445762139,0,0.5,0.7538210655172494,0.9324176642190403,False,235,59
afatinib,elastic_net,2,ACH-000796,ovary/fallopian tube,0.8766216945347188,0.805637648013567,0.5964549739225347,1.0148203221045993,,0.6818463510735885,1,0.5,0.7538210655172494,0.9324176642190403,False,235,59
afatinib,elastic_net,2,ACH-000967,bowel,0.8514065770259671,0.7660956045958269,0.5569129305047946,0.9752782786868592,,0.6357408466166437,1,0.5,0.7538210655172494,0.9324176642190403,False,235,59
afatinib,elastic_net,2,ACH-000469,cns/brain,0.9718367443676195,0.8885653680571856,0.6793826939661533,1.097748042148218,0.0,0.29318255708667174,0,0.5,0.7538210655172494,0.9324176642190403,False,235,59
afatinib,elastic_net,2,ACH-000217,liver,0.937772852982276,0.921794678026617,0.7126120039355847,1.1309773521176494,0.0,0.29444508929724106,0,0.5,0.7538210655172494,0.9324176642190403,False,235,59
afatinib,elastic_net,2,ACH-000996,uterus,0.7269546111947496,0.772937050828113,0.5637543767370807,0.9821197249191453,1.0,0.6885623621401498,1,0.5,0.7538210655172494,0.9324176642190403,False,235,59
afatinib,elastic_net,2,ACH-000781,lung,0.7969161987302076,0.8784637804546591,0.6692811063636268,1.0876464545456914,,0.30115541371141097,0,0.5,0.7538210655172494,0.9324176642190403,False,235,59
afatinib,elastic_net,2,ACH-000973,bladder/urinary tract,0.9371912755063595,0.8890196387330285,0.6798369646419962,1.0982023128240608,0.0,0.29942716674337105,0,0.5,0.7538210655172494,0.9324176642190403,False,235,59
afatinib,xgboost,2,ACH-000792,kidney,0.9184089896924754,0.8926927447319031,0.691772812072867,1.0936126773909391,,0.32570812109482183,0,0.5,0.7538210655172494,0.9324176642190403,False,235,59
afatinib,xgboost,2,ACH-000678,esophagus/stomach,0.7222414432092537,0.6869157552719116,0.48599582261287555,0.8878356879309477,1.0,0.6642632691213455,1,0.5,0.7538210655172494,0.9324176642190403,False,235,59
afatinib,xgboost,2,ACH-000383,esophagus/stomach,0.6903792408201548,0.6860558986663818,0.48513596600734576,0.8869758313254179,1.0,0.6811865346230479,1,0.5,0.7538210655172494,0.9324176642190403,False,235,59
afatinib,xgboost,2,ACH-000917,esophagus/stomach,0.62631747986012,0.7154123187065125,0.5144923860474764,0.9163322513655485,1.0,0.6413564951278656,1,0.5,0.7538210655172494,0.9324176642190403,False,235,59
afatinib,xgboost,2,ACH-000704,ovary/fallopian tube,0.7391651221370568,0.8427942991256714,0.6418743664666353,1.0437142317847075,1.0,0.4047368339017178,0,0.5,0.7538210655172494,0.9324176642190403,False,235,59
afatinib,xgboost,2,ACH-000684,kidney,0.9819385774030884,0.9330158233642578,0.7320958907052217,1.1339357560232939,0.0,0.33338053082856345,0,0.5,0.7538210655172494,0.9324176642190403,False,235,59
afatinib,xgboost,2,ACH-000732,head and neck,0.6228866927239844,0.7157636880874634,0.5148437554284273,0.9166836207464995,1.0,0.658017634246565,1,0.5,0.7538210655172494,0.9324176642190403,False,235,59
afatinib,xgboost,2,ACH-000329,cns/brain,0.9075901739213934,0.9340659379959106,0.7331460053368746,1.1349858706549467,,0.3193981089903903,0,0.5,0.7538210655172494,0.9324176642190403,False,235,59
afatinib,xgboost,2,ACH-000153,pleura,0.8227446648620911,0.9425878524780273,0.7416679198189913,1.1435077851370634,,0.3376682869914751,0,0.5,0.7538210655172494,0.9324176642190403,False,235,59
afatinib,xgboost,2,ACH-000517,pancreas,1.1792258578257,0.8759798407554626,0.6750599080964266,1.0768997734144987,0.0,0.353984993371834,0,0.5,0.7538210655172494,0.9324176642190403,False,235,59
afatinib,xgboost,2,ACH-000108,pancreas,0.8931556058897477,0.8797938227653503,0.6788738901063143,1.0807137554243864,,0.37916731503895423,0,0.5,0.7538210655172494,0.9324176642190403,False,235,59
afatinib,xgboost,2,ACH-000671,liver,0.805248825352973,0.7523247003555298,0.5514047676964937,0.9532446330145659,,0.579859613747441,1,0.5,0.7538210655172494,0.9324176642190403,False,235,59
afatinib,xgboost,2,ACH-000748,bone,0.9671028635260812,0.9359641075134277,0.7350441748543917,1.1368840401724638,0.0,0.3353018013248236,0,0.5,0.7538210655172494,0.9324176642190403,False,235,59
afatinib,xgboost,2,ACH-000834,bladder/urinary tract,0.7374847205058644,0.7166014909744263,0.5156815583153902,0.9175214236334623,1.0,0.6750281721669691,1,0.5,0.7538210655172494,0.9324176642190403,False,235,59
afatinib,xgboost,2,ACH-000713,ovary/fallopian tube,0.7649757746089094,0.7787647843360901,0.577844851677054,0.9796847169951262,,0.6408815297368169,1,0.5,0.7538210655172494,0.9324176642190403,False,235,59
afatinib,xgboost,2,ACH-000420,liver,1.0,0.9155671000480652,0.7146471673890291,1.1164870327071013,0.0,0.32829003249519717,0,0.5,0.7538210655172494,0.9324176642190403,False,235,59
afatinib,xgboost,2,ACH-000947,ovary/fallopian tube,0.9491776821975928,0.8488823175430298,0.6479623848839937,1.0498022502020659,0.0,0.3710289424102066,0,0.5,0.7538210655172494,0.9324176642190403,False,235,59
afatinib,xgboost,2,ACH-000479,cns/brain,0.9310159971561035,0.9505488872528076,0.7496289545937715,1.1514688199118437,,0.3484242145713146,0,0.5,0.7538210655172494,0.9324176642190403,False,235,59
afatinib,xgboost,2,ACH-000614,skin,0.8938322204499349,0.9451733231544495,0.7442533904954134,1.1460932558134855,,0.33075402561212064,0,0.5,0.7538210655172494,0.9324176642190403,False,235,59
afatinib,xgboost,2,ACH-000389,cns/brain,1.102933028788224,0.9449053406715393,0.7439854080125032,1.1458252733305754,0.0,0.3236941603556524,0,0.5,0.7538210655172494,0.9324176642190403,False,235,59
afatinib,xgboost,2,ACH-000882,skin,0.9568448686915367,0.9563754200935364,0.7554554874345003,1.1572953527525724,0.0,0.3229527802646063,0,0.5,0.7538210655172494,0.9324176642190403,False,235,59
afatinib,xgboost,2,ACH-000090,prostate,0.8785120643311339,0.8206964135169983,0.6197764808579622,1.0216163461760344,,0.5028974988779011,1,0.5,0.7538210655172494,0.9324176642190403,False,235,59
afatinib,xgboost,2,ACH-000688,ovary/fallopian tube,1.09549979815116,0.9092770218849182,0.7083570892258821,1.1101969545439543,0.0,0.328298952852827,0,0.5,0.7538210655172494,0.9324176642190403,False,235,59
afatinib,xgboost,2,ACH-000721,breast,0.822853438055094,0.8250928521156311,0.624172919456595,1.0260127847746672,,0.4051334138066307,0,0.5,0.7538210655172494,0.9324176642190403,False,235,59
afatinib,xgboost,2,ACH-000669,lung,0.9065517616141265,0.8263263702392578,0.6254064375802217,1.0272463028982939,,0.6313060452342518,1,0.5,0.7538210655172494,0.9324176642190403,False,235,59
afatinib,xgboost,2,ACH-000367,pleura,0.871315579504898,0.9321037530899048,0.7311838204308687,1.1330236857489409,,0.39610842066510105,0,0.5,0.7538210655172494,0.9324176642190403,False,235,59
afatinib,xgboost,2,ACH-000957,bowel,0.6904524039522579,0.8032605648040771,0.6023406321450411,1.0041804974631132,1.0,0.6533798895377265,1,0.5,0.7538210655172494,0.9324176642190403,False,235,59
afatinib,xgboost,2,ACH-000974,uterus,0.573253566750876,0.8307496309280396,0.6298296982690035,1.0316695635870756,1.0,0.6523259900477292,1,0.5,0.7538210655172494,0.9324176642190403,False,235,59
afatinib,xgboost,2,ACH-000840,lung,0.9251092348152756,0.8886612057685852,0.6877412731095491,1.0895811384276213,,0.452478815655313,0,0.5,0.7538210655172494,0.9324176642190403,False,235,59
afatinib,xgboost,2,ACH-000667,lung,0.9427107791956173,0.8349340558052063,0.6340141231461702,1.0358539884642424,0.0,0.4595784909688836,0,0.5,0.7538210655172494,0.9324176642190403,False,235,59
afatinib,xgboost,2,ACH-000905,bladder/urinary tract,0.6522020516035651,0.7085227370262146,0.5076028043671785,0.9094426696852507,1.0,0.637212404344176,1,0.5,0.7538210655172494,0.9324176642190403,False,235,59
afatinib,xgboost,2,ACH-000516,bone,0.9526047241493634,0.9369695782661438,0.7360496456071077,1.1378895109251799,0.0,0.3293718662342239,0,0.5,0.7538210655172494,0.9324176642190403,False,235,59
afatinib,xgboost,2,ACH-000411,kidney,0.8852752580081336,0.8701090216636658,0.6691890890046297,1.0710289543227018,,0.356653799733219,0,0.5,0.7538210655172494,0.9324176642190403,False,235,59
afatinib,xgboost,2,ACH-000845,lung,0.8074014385626067,0.8020011782646179,0.6010812456055818,1.002921110923654,,0.6166036554788569,1,0.5,0.7538210655172494,0.9324176642190403,False,235,59
afatinib,xgboost,2,ACH-000852,lung,0.8652427847303666,0.8410472869873047,0.6401273543282686,1.0419672196463408,,0.6363217908222634,1,0.5,0.7538210655172494,0.9324176642190403,False,235,59
afatinib,xgboost,2,ACH-000979,prostate,0.8061143172062644,0.8564904928207397,0.6555705601617037,1.0574104254797758,,0.4558713801645865,0,0.5,0.7538210655172494,0.9324176642190403,False,235,59
afatinib,xgboost,2,ACH-000976,biliary tract,0.8197359814435754,0.7496997117996216,0.5487797791405855,0.9506196444586577,,0.657622443394138,1,0.5,0.7538210655172494,0.9324176642190403,False,235,59
afatinib,xgboost,2,ACH-000766,lung,0.8547996675900278,0.7258803844451904,0.5249604517861544,0.9268003171042265,,0.6703074734520649,1,0.5,0.7538210655172494,0.9324176642190403,False,235,59
afatinib,xgboost,2,ACH-000535,pancreas,0.868480369745923,0.6945267915725708,0.49360685891353473,0.8954467242316069,,0.669348253014509,1,0.5,0.7538210655172494,0.9324176642190403,False,235,59
afatinib,xgboost,2,ACH-000201,kidney,0.7247690579388282,0.9231781363487244,0.7222582036896883,1.1240980690077604,1.0,0.35916893436772096,0,0.5,0.7538210655172494,0.9324176642190403,False,235,59
afatinib,xgboost,2,ACH-000965,uterus,0.6345236745999276,0.790935754776001,0.5900158221169649,0.991855687435037,1.0,0.6582386284516205,1,0.5,0.7538210655172494,0.9324176642190403,False,235,59
afatinib,xgboost,2,ACH-000835,soft tissue,0.8900268604586009,1.003711462020874,0.802791529361838,1.20463139467991,,0.3304389825087711,0,0.5,0.7538210655172494,0.9324176642190403,False,235,59
afatinib,xgboost,2,ACH-000189,kidney,0.9296883178409664,0.8751128911972046,0.6741929585381685,1.0760328238562407,,0.4022448620926594,0,0.5,0.7538210655172494,0.9324176642190403,False,235,59
afatinib,xgboost,2,ACH-000445,cns/brain,0.8304304640210978,0.9629429578781128,0.7620230252190767,1.1638628905371489,,0.32984098380397747,0,0.5,0.7538210655172494,0.9324176642190403,False,235,59
afatinib,xgboost,2,ACH-000837,lung,0.6468399753456244,0.7266327142715454,0.5257127816125093,0.9275526469305815,1.0,0.6637244539229874,1,0.5,0.7538210655172494,0.9324176642190403,False,235,59
afatinib,xgboost,2,ACH-000899,skin,1.00394886854417,0.9640210866928101,0.763101154033774,1.1649410193518461,0.0,0.31778693604089064,0,0.5,0.7538210655172494,0.9324176642190403,False,235,59
afatinib,xgboost,2,ACH-000133,fibroblast,0.9677141418102896,0.9110621809959412,0.7101422483369051,1.1119821136549772,0.0,0.33361700171609426,0,0.5,0.7538210655172494,0.9324176642190403,False,235,59
afatinib,xgboost,2,ACH-000316,liver,0.7100922517341717,0.9087451100349426,0.7078251773759066,1.1096650426939787,1.0,0.32898901961347843,0,0.5,0.7538210655172494,0.9324176642190403,False,235,59
afatinib,xgboost,2,ACH-001318,liver,0.7467674082596542,0.8579517602920532,0.6570318276330172,1.0588716929510893,1.0,0.3815143714679083,0,0.5,0.7538210655172494,0.9324176642190403,False,235,59
afatinib,xgboost,2,ACH-000447,lung,0.9799311546737788,0.8583000302314758,0.6573800975724398,1.059219962890512,0.0,0.5559416606502948,1,0.5,0.7538210655172494,0.9324176642190403,False,235,59
afatinib,xgboost,2,ACH-000493,liver,0.9177332286482186,0.9460055232048035,0.7450855905457674,1.1469254558638395,,0.32803748546536743,0,0.5,0.7538210655172494,0.9324176642190403,False,235,59
afatinib,xgboost,2,ACH-000159,kidney,1.0002171408970792,0.908831775188446,0.70791184252941,1.1097517078474821,0.0,0.3571857194147014,0,0.5,0.7538210655172494,0.9324176642190403,False,235,59
afatinib,xgboost,2,ACH-000259,peripheral nervous system,0.9027010894332728,0.9377741813659668,0.7368542487069307,1.1386941140250029,,0.38524781597073793,0,0.5,0.7538210655172494,0.9324176642190403,False,235,59
afatinib,xgboost,2,ACH-000940,uterus,0.8353756209499944,0.9281357526779175,0.7272158200188814,1.1290556853369536,,0.3415768344979575,0,0.5,0.7538210655172494,0.9324176642190403,False,235,59
afatinib,xgboost,2,ACH-000207,head and neck,0.660199608310382,0.6962557435035706,0.4953358108445345,0.8971756761626066,1.0,0.6827099787929148,1,0.5,0.7538210655172494,0.9324176642190403,False,235,59
afatinib,xgboost,2,ACH-000929,lung,0.870305804836479,0.745628297328949,0.5447083646699129,0.946548229987985,,0.645513001058463,1,0.5,0.7538210655172494,0.9324176642190403,False,235,59
afatinib,xgboost,2,ACH-000390,lung,0.7559039340459364,0.7156715989112854,0.5147516662522493,0.9165915315703215,,0.6786822677446175,1,0.5,0.7538210655172494,0.9324176642190403,False,235,59
afatinib,xgboost,2,ACH-000878,lung,0.9326672799693415,0.903806209564209,0.7028862769051729,1.104726142223245,0.0,0.47381381535920064,0,0.5,0.7538210655172494,0.9324176642190403,False,235,59
afatinib,xgboost,2,ACH-000827,skin,0.9807324612153915,0.9020765423774719,0.7011566097184359,1.102996475036508,0.0,0.3199068741137208,0,0.5,0.7538210655172494,0.9324176642190403,False,235,59
afatinib,xgboost,2,ACH-000174,thyroid,0.8431590725284958,0.9127206802368164,0.7118007475777803,1.1136406128958525,,0.4799434956484114,0,0.5,0.7538210655172494,0.9324176642190403,False,235,59
afatinib,xgboost,2,ACH-000777,esophagus/stomach,0.716521317693691,0.772426187992096,0.5715062553330599,0.973346120651132,1.0,0.6684276994127777,1,0.5,0.7538210655172494,0.9324176642190403,False,235,59
afatinib,xgboost,2,ACH-000312,peripheral nervous system,0.9304876644036719,0.8753980398178101,0.674478107158774,1.0763179724768461,,0.3966195005496917,0,0.5,0.7538210655172494,0.9324176642190403,False,235,59
afatinib,xgboost,2,ACH-000985,bowel,0.8745518691440081,0.7460879683494568,0.5451680356904207,0.9470079010084929,,0.6376378503799419,1,0.5,0.7538210655172494,0.9324176642190403,False,235,59
afatinib,xgboost,2,ACH-000444,lung,1.0,0.8809735774993896,0.6800536448403536,1.0818935101584257,0.0,0.4345386765948686,0,0.5,0.7538210655172494,0.9324176642190403,False,235,59
afatinib,xgboost,2,ACH-000500,head and neck,0.9310545797061893,0.8920781016349792,0.6911581689759432,1.0929980342940153,,0.3982485685444682,0,0.5,0.7538210655172494,0.9324176642190403,False,235,59
afatinib,xgboost,2,ACH-000030,lung,0.469001973287228,0.7931849360466003,0.5922650033875643,0.9941048687056364,1.0,0.6633502556502273,1,0.5,0.7538210655172494,0.9324176642190403,False,235,59
afatinib,xgboost,2,ACH-000169,soft tissue,0.836214960200733,0.8917977213859558,0.6908777887269197,1.0927176540449919,,0.3392829756190089,0,0.5,0.7538210655172494,0.9324176642190403,False,235,59
afatinib,xgboost,2,ACH-000796,ovary/fallopian tube,0.8766216945347188,0.6859095692634583,0.4849896366044222,0.8868295019224943,,0.665756598478135,1,0.5,0.7538210655172494,0.9324176642190403,False,235,59
afatinib,xgboost,2,ACH-000967,bowel,0.8514065770259671,0.7512869834899902,0.5503670508309542,0.9522069161490263,,0.6268075429612571,1,0.5,0.7538210655172494,0.9324176642190403,False,235,59
afatinib,xgboost,2,ACH-000469,cns/brain,0.9718367443676195,0.9234315752983093,0.7225116426392733,1.1243515079573454,0.0,0.3324986586536504,0,0.5,0.7538210655172494,0.9324176642190403,False,235,59
afatinib,xgboost,2,ACH-000217,liver,0.937772852982276,0.9161064624786377,0.7151865298196016,1.1170263951376738,0.0,0.3358588174816553,0,0.5,0.7538210655172494,0.9324176642190403,False,235,59
afatinib,xgboost,2,ACH-000996,uterus,0.7269546111947496,0.733116626739502,0.5321966940804659,0.934036559398538,1.0,0.6608108916344543,1,0.5,0.7538210655172494,0.9324176642190403,False,235,59
afatinib,xgboost,2,ACH-000781,lung,0.7969161987302076,0.922357976436615,0.7214380437775789,1.123277909095651,,0.36932632045848973,0,0.5,0.7538210655172494,0.9324176642190403,False,235,59
afatinib,xgboost,2,ACH-000973,bladder/urinary tract,0.9371912755063595,0.8727924823760986,0.6718725497170626,1.0737124150351347,0.0,0.3795165158833815,0,0.5,0.7538210655172494,0.9324176642190403,False,235,59
afatinib,lineage,3,ACH-000800,lung,0.9078022932928402,0.8408607707769089,0.631122468623038,1.0505990729307797,,0.48060371681288744,0,0.5,0.7538210655172494,0.9324176642190403,False,235,59
afatinib,lineage,3,ACH-000313,kidney,0.8853745571883517,0.9408383559313577,0.7311000537774868,1.1505766580852286,,0.4531926952083359,0,0.5,0.7538210655172494,0.9324176642190403,False,235,59
afatinib,lineage,3,ACH-000322,skin,0.9448695190748457,0.9777204049672374,0.7679821028133665,1.1874587071211082,0.0,0.4087746106621379,0,0.5,0.7538210655172494,0.9324176642190403,False,235,59
afatinib,lineage,3,ACH-000344,esophagus/stomach,0.9584609558899198,0.7170943744509539,0.507356072297083,0.9268326766048248,0.0,0.6058943963578074,1,0.5,0.7538210655172494,0.9324176642190403,False,235,59
afatinib,lineage,3,ACH-000223,breast,0.891919203558106,0.8146246794711891,0.6048863773173182,1.02436298162506,,0.5268866808093685,1,0.5,0.7538210655172494,0.9324176642190403,False,235,59
afatinib,lineage,3,ACH-000632,skin,0.8964404631959081,0.9777204049672374,0.7679821028133665,1.1874587071211082,,0.4087746106621379,0,0.5,0.7538210655172494,0.9324176642190403,False,235,59
afatinib,lineage,3,ACH-000978,uterus,0.988985586003631,0.7856392559079426,0.5759009537540717,0.9953775580618135,0.0,0.5466490662623644,1,0.5,0.7538210655172494,0.9324176642190403,False,235,59
afatinib,lineage,3,ACH-000368,cns/brain,0.965661426997088,0.9316430362069877,0.7219047340531168,1.1413813383608586,0.0,0.43298774581207355,0,0.5,0.7538210655172494,0.9324176642190403,False,235,59
afatinib,lineage,3,ACH-000441,skin,0.9720575678437008,0.9777204049672374,0.7679821028133665,1.1874587071211082,0.0,0.4087746106621379,0,0.5,0.7538210655172494,0.9324176642190403,False,235,59
afatinib,lineage,3,ACH-000098,cns/brain,1.3393817995115416,0.9316430362069877,0.7219047340531168,1.1413813383608586,0.0,0.43298774581207355,0,0.5,0.7538210655172494,0.9324176642190403,False,235,59
afatinib,lineage,3,ACH-000544,esophagus/stomach,0.6233074315407227,0.7170943744509539,0.507356072297083,0.9268326766048248,1.0,0.6058943963578074,1,0.5,0.7538210655172494,0.9324176642190403,False,235,59
afatinib,lineage,3,ACH-000943,bowel,0.917278455799502,0.7970456893419816,0.5873073871881107,1.0067839914958525,,0.5511014499062528,1,0.5,0.7538210655172494,0.9324176642190403,False,235,59
afatinib,lineage,3,ACH-000545,bladder/urinary tract,0.6273085233870364,0.7258900003514602,0.5161516981975893,0.9356283025053311,1.0,0.5881863844889995,1,0.5,0.7538210655172494,0.9324176642190403,False,235,59
afatinib,lineage,3,ACH-000898,esophagus/stomach,0.9227322383343302,0.7170943744509539,0.507356072297083,0.9268326766048248,,0.6058943963578074,1,0.5,0.7538210655172494,0.9324176642190403,False,235,59
afatinib,lineage,3,ACH-000681,lung,1.174202260167055,0.8408607707769089,0.631122468623038,1.0505990729307797,0.0,0.48060371681288744,0,0.5,0.7538210655172494,0.9324176642190403,False,235,59
afatinib,lineage,3,ACH-000997,bowel,0.8749690109571884,0.7970456893419816,0.5873073871881107,1.0067839914958525,,0.5511014499062528,1,0.5,0.7538210655172494,0.9324176642190403,False,235,59
afatinib,lineage,3,ACH-000866,lung,0.6662185853124086,0.8408607707769089,0.631122468623038,1.0505990729307797,1.0,0.48060371681288744,0,0.5,0.7538210655172494,0.9324176642190403,False,235,59
afatinib,lineage,3,ACH-000819,cns/brain,0.85084498352954,0.9316430362069877,0.7219047340531168,1.1413813383608586,,0.43298774581207355,0,0.5,0.7538210655172494,0.9324176642190403,False,235,59
afatinib,lineage,3,ACH-000087,bone,0.7430990417616605,0.9195632059575833,0.7098249038037124,1.1293015081114541,1.0,0.4487858145525244,0,0.5,0.7538210655172494,0.9324176642190403,False,235,59
afatinib,lineage,3,ACH-000758,esophagus/stomach,0.9724726709261731,0.7170943744509539,0.507356072297083,0.9268326766048248,0.0,0.6058943963578074,1,0.5,0.7538210655172494,0.9324176642190403,False,235,59
afatinib,lineage,3,ACH-000391,bone,0.861860175417479,0.9195632059575833,0.7098249038037124,1.1293015081114541,,0.4487858145525244,0,0.5,0.7538210655172494,0.9324176642190403,False,235,59
afatinib,lineage,3,ACH-000836,head and neck,0.6958840158370249,0.7165848256124399,0.506846523458569,0.9263231277663108,1.0,0.5828083733095915,1,0.5,0.7538210655172494,0.9324176642190403,False,235,59
afatinib,lineage,3,ACH-000890,lung,0.9278573762891501,0.8408607707769089,0.631122468623038,1.0505990729307797,,0.48060371681288744,0,0.5,0.7538210655172494,0.9324176642190403,False,235,59
afatinib,lineage,3,ACH-000022,pancreas,0.70964320508532,0.8693877912380711,0.6596494890842002,1.079126093391942,1.0,0.4976744868557691,0,0.5,0.7538210655172494,0.9324176642190403,False,235,59
afatinib,lineage,3,ACH-000437,cns/brain,0.9548133323148991,0.9316430362069877,0.7219047340531168,1.1413813383608586,0.0,0.43298774581207355,0,0.5,0.7538210655172494,0.9324176642190403,False,235,59
afatinib,lineage,3,ACH-000403,bowel,0.8743029526570203,0.7970456893419816,0.5873073871881107,1.0067839914958525,,0.5511014499062528,1,0.5,0.7538210655172494,0.9324176642190403,False,235,59
afatinib,lineage,3,ACH-000736,esophagus/stomach,0.8554644236203723,0.7170943744509539,0.507356072297083,0.9268326766048248,,0.6058943963578074,1,0.5,0.7538210655172494,0.9324176642190403,False,235,59
afatinib,lineage,3,ACH-000853,lung,0.835838812781396,0.8408607707769089,0.631122468623038,1.0505990729307797,,0.48060371681288744,0,0.5,0.7538210655172494,0.9324176642190403,False,235,59
afatinib,lineage,3,ACH-000393,liver,0.9291821065285514,0.8164457393958816,0.6067074372420107,1.0261840415497525,,0.5268866808093685,1,0.5,0.7538210655172494,0.9324176642190403,False,235,59
afatinib,lineage,3,ACH-000936,ovary/fallopian tube,0.7362038759313692,0.8097410301524267,0.6000027279985558,1.0194793323062976,1.0,0.5359864829332968,1,0.5,0.7538210655172494,0.9324176642190403,False,235,59
afatinib,lineage,3,ACH-000665,lung,0.855673909317871,0.8408607707769089,0.631122468623038,1.0505990729307797,,0.48060371681288744,0,0.5,0.7538210655172494,0.9324176642190403,False,235,59
afatinib,lineage,3,ACH-000277,breast,0.595871397662614,0.8146246794711891,0.6048863773173182,1.02436298162506,1.0,0.5268866808093685,1,0.5,0.7538210655172494,0.9324176642190403,False,235,59
afatinib,lineage,3,ACH-000375,kidney,0.9708867993540852,0.9408383559313577,0.7311000537774868,1.1505766580852286,0.0,0.4531926952083359,0,0.5,0.7538210655172494,0.9324176642190403,False,235,59
afatinib,lineage,3,ACH-000735,head and neck,0.6469815941881665,0.7165848256124399,0.506846523458569,0.9263231277663108,1.0,0.5828083733095915,1,0.5,0.7538210655172494,0.9324176642190403,False,235,59
afatinib,lineage,3,ACH-000210,bone,0.8733761091627632,0.9195632059575833,0.7098249038037124,1.1293015081114541,,0.4487858145525244,0,0.5,0.7538210655172494,0.9324176642190403,False,235,59
afatinib,lineage,3,ACH-000605,esophagus/stomach,0.5510572845905228,0.7170943744509539,0.507356072297083,0.9268326766048248,1.0,0.6058943963578074,1,0.5,0.7538210655172494,0.9324176642190403,False,235,59
afatinib,lineage,3,ACH-000018,bladder/urinary tract,0.8379730035149939,0.7258900003514602,0.5161516981975893,0.9356283025053311,,0.5881863844889995,1,0.5,0.7538210655172494,0.9324176642190403,False,235,59
afatinib,lineage,3,ACH-000648,pleura,0.8490958715651953,0.9910742200428745,0.7813359178890036,1.2008125221967454,,0.46089749369584554,0,0.5,0.7538210655172494,0.9324176642190403,False,235,59
afatinib,lineage,3,ACH-000628,lung,0.9248673947507988,0.8408607707769089,0.631122468623038,1.0505990729307797,,0.48060371681288744,0,0.5,0.7538210655172494,0.9324176642190403,False,235,59
afatinib,lineage,3,ACH-000099,peripheral nervous system,0.9129792511194323,0.8984434487733375,0.6887051466194666,1.1081817509272085,,0.5057814454131222,1,0.5,0.7538210655172494,0.9324176642190403,False,235,59
afatinib,lineage,3,ACH-000649,kidney,0.9815985559498785,0.9408383559313577,0.7311000537774868,1.1505766580852286,0.0,0.4531926952083359,0,0.5,0.7538210655172494,0.9324176642190403,False,235,59
afatinib,lineage,3,ACH-000524,ovary/fallopian tube,0.853765159052121,0.8097410301524267,0.6000027279985558,1.0194793323062976,,0.5359864829332968,1,0.5,0.7538210655172494,0.9324176642190403,False,235,59
afatinib,lineage,3,ACH-000730,skin,0.9527200313648483,0.9777204049672374,0.7679821028133665,1.1874587071211082,0.0,0.4087746106621379,0,0.5,0.7538210655172494,0.9324176642190403,False,235,59
afatinib,lineage,3,ACH-000661,skin,0.9376102183693834,0.9777204049672374,0.7679821028133665,1.1874587071211082,0.0,0.4087746106621379,0,0.5,0.7538210655172494,0.9324176642190403,False,235,59
afatinib,lineage,3,ACH-001190,skin,0.9214647363334076,0.9777204049672374,0.7679821028133665,1.1874587071211082,,0.4087746106621379,0,0.5,0.7538210655172494,0.9324176642190403,False,235,59
afatinib,lineage,3,ACH-000082,bone,0.8337498191246002,0.9195632059575833,0.7098249038037124,1.1293015081114541,,0.4487858145525244,0,0.5,0.7538210655172494,0.9324176642190403,False,235,59
afatinib,lineage,3,ACH-000172,soft tissue,0.8319621991716464,1.0020168286853979,0.792278526531527,1.211755130839269,,0.47839054942617926,0,0.5,0.7538210655172494,0.9324176642190403,False,235,59
afatinib,lineage,3,ACH-000454,lung,0.5748552683845881,0.8408607707769089,0.631122468623038,1.0505990729307797,1.0,0.48060371681288744,0,0.5,0.7538210655172494,0.9324176642190403,False,235,59
afatinib,lineage,3,ACH-000395,lung,0.887270620875263,0.8408607707769089,0.631122468623038,1.0505990729307797,,0.48060371681288744,0,0.5,0.7538210655172494,0.9324176642190403,False,235,59
afatinib,lineage,3,ACH-000137,cns/brain,0.9180708846092748,0.9316430362069877,0.7219047340531168,1.1413813383608586,,0.43298774581207355,0,0.5,0.7538210655172494,0.9324176642190403,False,235,59
afatinib,lineage,3,ACH-000048,ovary/fallopian tube,0.6310505507138269,0.8097410301524267,0.6000027279985558,1.0194793323062976,1.0,0.5359864829332968,1,0.5,0.7538210655172494,0.9324176642190403,False,235,59
afatinib,lineage,3,ACH-000147,breast,0.982574677090557,0.8146246794711891,0.6048863773173182,1.02436298162506,0.0,0.5268866808093685,1,0.5,0.7538210655172494,0.9324176642190403,False,235,59
afatinib,lineage,3,ACH-000601,pancreas,0.8328242326976414,0.8693877912380711,0.6596494890842002,1.079126093391942,,0.4976744868557691,0,0.5,0.7538210655172494,0.9324176642190403,False,235,59
afatinib,lineage,3,ACH-000042,pancreas,0.7147664900555575,0.8693877912380711,0.6596494890842002,1.079126093391942,1.0,0.4976744868557691,0,0.5,0.7538210655172494,0.9324176642190403,False,235,59
afatinib,lineage,3,ACH-000356,esophagus/stomach,0.8031930700702394,0.7170943744509539,0.507356072297083,0.9268326766048248,,0.6058943963578074,1,0.5,0.7538210655172494,0.9324176642190403,False,235,59
afatinib,lineage,3,ACH-000416,lung,1.0,0.8408607707769089,0.631122468623038,1.0505990729307797,0.0,0.48060371681288744,0,0.5,0.7538210655172494,0.9324176642190403,False,235,59
afatinib,lineage,3,ACH-000191,thyroid,0.8879509651107198,0.8927442910277654,0.6830059888738945,1.1024825931816364,,0.47839054942617926,0,0.5,0.7538210655172494,0.9324176642190403,False,235,59
afatinib,lineage,3,ACH-000764,esophagus/stomach,0.8654442804690962,0.7170943744509539,0.507356072297083,0.9268326766048248,,0.6058943963578074,1,0.5,0.7538210655172494,0.9324176642190403,False,235,59
afatinib,lineage,3,ACH-000846,head and neck,0.8211212477561021,0.7165848256124399,0.506846523458569,0.9263231277663108,,0.5828083733095915,1,0.5,0.7538210655172494,0.9324176642190403,False,235,59
afatinib,lineage,3,ACH-000311,lung,0.8756597257125116,0.8408607707769089,0.631122468623038,1.0505990729307797,,0.48060371681288744,0,0.5,0.7538210655172494,0.9324176642190403,False,235,59
afatinib,lineage,3,ACH-000456,thyroid,1.0,0.8927442910277654,0.6830059888738945,1.1024825931816364,0.0,0.47839054942617926,0,0.5,0.7538210655172494,0.9324176642190403,False,235,59
afatinib,lineage,3,ACH-000427,esophagus/stomach,0.6023858359536745,0.7170943744509539,0.507356072297083,0.9268326766048248,1.0,0.6058943963578074,1,0.5,0.7538210655172494,0.9324176642190403,False,235,59
afatinib,lineage,3,ACH-000961,uterus,0.712879365469039,0.7856392559079426,0.5759009537540717,0.9953775580618135,1.0,0.5466490662623644,1,0.5,0.7538210655172494,0.9324176642190403,False,235,59
afatinib,lineage,3,ACH-000778,head and neck,0.6667880466180851,0.7165848256124399,0.506846523458569,0.9263231277663108,1.0,0.5828083733095915,1,0.5,0.7538210655172494,0.9324176642190403,False,235,59
afatinib,lineage,3,ACH-000228,head and neck,0.6821925008430902,0.7165848256124399,0.506846523458569,0.9263231277663108,1.0,0.5828083733095915,1,0.5,0.7538210655172494,0.9324176642190403,False,235,59
afatinib,lineage,3,ACH-000682,head and neck,0.7357682947501833,0.7165848256124399,0.506846523458569,0.9263231277663108,1.0,0.5828083733095915,1,0.5,0.7538210655172494,0.9324176642190403,False,235,59
afatinib,lineage,3,ACH-000096,kidney,0.7959004925994847,0.9408383559313577,0.7311000537774868,1.1505766580852286,,0.4531926952083359,0,0.5,0.7538210655172494,0.9324176642190403,False,235,59
afatinib,lineage,3,ACH-000776,cns/brain,0.8882899192522834,0.9316430362069877,0.7219047340531168,1.1413813383608586,,0.43298774581207355,0,0.5,0.7538210655172494,0.9324176642190403,False,235,59
afatinib,lineage,3,ACH-000582,skin,0.954464401971811,0.9777204049672374,0.7679821028133665,1.1874587071211082,0.0,0.4087746106621379,0,0.5,0.7538210655172494,0.9324176642190403,False,235,59
afatinib,lineage,3,ACH-000663,ovary/fallopian tube,0.7550723564031465,0.8097410301524267,0.6000027279985558,1.0194793323062976,,0.5359864829332968,1,0.5,0.7538210655172494,0.9324176642190403,False,235,59
afatinib,lineage,3,ACH-000471,liver,0.9435271170262884,0.8164457393958816,0.6067074372420107,1.0261840415497525,0.0,0.5268866808093685,1,0.5,0.7538210655172494,0.9324176642190403,False,235,59
afatinib,lineage,3,ACH-000977,prostate,0.9649802090379391,0.8238226587751749,0.614084356621304,1.0335609609290457,0.0,0.5368996663830804,1,0.5,0.7538210655172494,0.9324176642190403,False,235,59
afatinib,lineage,3,ACH-000788,skin,0.8812592331635132,0.9777204049672374,0.7679821028133665,1.1874587071211082,,0.4087746106621379,0,0.5,0.7538210655172494,0.9324176642190403,False,235,59
afatinib,lineage,3,ACH-000320,pancreas,0.9319784873080788,0.8693877912380711,0.6596494890842002,1.079126093391942,,0.4976744868557691,0,0.5,0.7538210655172494,0.9324176642190403,False,235,59
afatinib,elastic_net,3,ACH-000800,lung,0.9078022932928402,0.9175101740208057,0.728054321686416,1.1069660263551953,,0.2616829912381487,0,0.5,0.7538210655172494,0.9324176642190403,False,235,59
afatinib,elastic_net,3,ACH-000313,kidney,0.8853745571883517,0.9583499107709724,0.7688940584365828,1.147805763105362,,0.30610912693730286,0,0.5,0.7538210655172494,0.9324176642190403,False,235,59
afatinib,elastic_net,3,ACH-000322,skin,0.9448695190748457,0.9822909672906276,0.7928351149562379,1.1717468196250174,0.0,0.26179235443147386,0,0.5,0.7538210655172494,0.9324176642190403,False,235,59
afatinib,elastic_net,3,ACH-000344,esophagus/stomach,0.9584609558899198,0.8949302864926778,0.7054744341582881,1.0843861388270675,0.0,0.28400016563288893,0,0.5,0.7538210655172494,0.9324176642190403,False,235,59
afatinib,elastic_net,3,ACH-000223,breast,0.891919203558106,0.763232609251228,0.5737767569168384,0.9526884615856177,,0.7990502464123962,1,0.5,0.7538210655172494,0.9324176642190403,False,235,59
afatinib,elastic_net,3,ACH-000632,skin,0.8964404631959081,0.9739257976739462,0.7844699453395565,1.1633816500083358,,0.26381137480366856,0,0.5,0.7538210655172494,0.9324176642190403,False,235,59
afatinib,elastic_net,3,ACH-000978,uterus,0.988985586003631,0.8552051477898195,0.6657492954554298,1.0446610001242091,0.0,0.34417878729695683,0,0.5,0.7538210655172494,0.9324176642190403,False,235,59
afatinib,elastic_net,3,ACH-000368,cns/brain,0.965661426997088,0.8931024780314426,0.7036466256970529,1.0825583303658322,0.0,0.2629328279833846,0,0.5,0.7538210655172494,0.9324176642190403,False,235,59
afatinib,elastic_net,3,ACH-000441,skin,0.9720575678437008,0.9606680885924649,0.7712122362580752,1.1501239409268544,0.0,0.26176575692508947,0,0.5,0.7538210655172494,0.9324176642190403,False,235,59
afatinib,elastic_net,3,ACH-000098,cns/brain,1.3393817995115416,0.9295297327806356,0.7400738804462459,1.1189855851150252,0.0,0.2634880600210021,0,0.5,0.7538210655172494,0.9324176642190403,False,235,59
afatinib,elastic_net,3,ACH-000544,esophagus/stomach,0.6233074315407227,0.6593388451985284,0.4698829928641387,0.848794697532918,1.0,0.8042123531016073,1,0.5,0.7538210655172494,0.9324176642190403,False,235,59
afatinib,elastic_net,3,ACH-000943,bowel,0.917278455799502,0.9094270010713974,0.7199711487370077,1.098882853405787,,0.26419593493126275,0,0.5,0.7538210655172494,0.9324176642190403,False,235,59
afatinib,elastic_net,3,ACH-000545,bladder/urinary tract,0.6273085233870364,0.703420498615188,0.5139646462807983,0.8928763509495776,1.0,0.8039459474216725,1,0.5,0.7538210655172494,0.9324176642190403,False,235,59
afatinib,elastic_net,3,ACH-000898,esophagus/stomach,0.9227322383343302,0.732716870283093,0.5432610179487033,0.9221727226174826,,0.7678761686342923,1,0.5,0.7538210655172494,0.9324176642190403,False,235,59
afatinib,elastic_net,3,ACH-000681,lung,1.174202260167055,0.8425050338658927,0.653049181531503,1.0319608862002823,0.0,0.45628422719784545,0,0.5,0.7538210655172494,0.9324176642190403,False,235,59
afatinib,elastic_net,3,ACH-000997,bowel,0.8749690109571884,0.7571399301892702,0.5676840778548805,0.9465957825236598,,0.793559996765709,1,0.5,0.7538210655172494,0.9324176642190403,False,235,59
afatinib,elastic_net,3,ACH-000866,lung,0.6662185853124086,0.7983429372364012,0.6088870849020115,0.9877987895707908,1.0,0.78557359752174,1,0.5,0.7538210655172494,0.9324176642190403,False,235,59
afatinib,elastic_net,3,ACH-000819,cns/brain,0.85084498352954,0.9811491046457554,0.7916932523113658,1.170604956980145,,0.2645677602035919,0,0.5,0.7538210655172494,0.9324176642190403,False,235,59
afatinib,elastic_net,3,ACH-000087,bone,0.7430990417616605,0.8874160949869826,0.6979602426525929,1.0768719473213721,1.0,0.3142246737129802,0,0.5,0.7538210655172494,0.9324176642190403,False,235,59
afatinib,elastic_net,3,ACH-000758,esophagus/stomach,0.9724726709261731,0.7518421976163533,0.5623863452819636,0.941298049950743,0.0,0.7764483119762507,1,0.5,0.7538210655172494,0.9324176642190403,False,235,59
afatinib,elastic_net,3,ACH-000391,bone,0.861860175417479,0.9058611332194368,0.7164052808850472,1.0953169855538265,,0.29536901531469123,0,0.5,0.7538210655172494,0.9324176642190403,False,235,59
afatinib,elastic_net,3,ACH-000836,head and neck,0.6958840158370249,0.7276995907271301,0.5382437383927404,0.9171554430615197,1.0,0.8020431925954601,1,0.5,0.7538210655172494,0.9324176642190403,False,235,59
afatinib,elastic_net,3,ACH-000890,lung,0.9278573762891501,0.9921527041499388,0.8026968518155492,1.1816085564843286,,0.26259249035837123,0,0.5,0.7538210655172494,0.9324176642190403,False,235,59
afatinib,elastic_net,3,ACH-000022,pancreas,0.70964320508532,0.8300429731589003,0.6405871208245106,1.01949882549329,1.0,0.5441372039329186,1,0.5,0.7538210655172494,0.9324176642190403,False,235,59
afatinib,elastic_net,3,ACH-000437,cns/brain,0.9548133323148991,0.9519921292510208,0.7625362769166312,1.1414479815854106,0.0,0.2625668490299488,0,0.5,0.7538210655172494,0.9324176642190403,False,235,59
afatinib,elastic_net,3,ACH-000403,bowel,0.8743029526570203,0.7580645095729379,0.5686086572385483,0.9475203619073276,,0.7920539824689995,1,0.5,0.7538210655172494,0.9324176642190403,False,235,59
afatinib,elastic_net,3,ACH-000736,esophagus/stomach,0.8554644236203723,0.7699760921024904,0.5805202397681007,0.9594319444368801,,0.7747220553135133,1,0.5,0.7538210655172494,0.9324176642190403,False,235,59
afatinib,elastic_net,3,ACH-000853,lung,0.835838812781396,0.8534522652315161,0.6639964128971264,1.0429081175659056,,0.3024363660638818,0,0.5,0.7538210655172494,0.9324176642190403,False,235,59
afatinib,elastic_net,3,ACH-000393,liver,0.9291821065285514,0.9180322825291081,0.7285764301947184,1.1074881348634977,,0.30130149237651704,0,0.5,0.7538210655172494,0.9324176642190403,False,235,59
afatinib,elastic_net,3,ACH-000936,ovary/fallopian tube,0.7362038759313692,0.8276994240154985,0.6382435716811088,1.0171552763498881,1.0,0.724041915130746,1,0.5,0.7538210655172494,0.9324176642190403,False,235,59
afatinib,elastic_net,3,ACH-000665,lung,0.855673909317871,0.9379290214452236,0.748473169110834,1.1273848737796133,,0.26691379618799377,0,0.5,0.7538210655172494,0.9324176642190403,False,235,59
afatinib,elastic_net,3,ACH-000277,breast,0.595871397662614,0.6814799460432948,0.4920240937089051,0.8709357983776844,1.0,0.7960849259854547,1,0.5,0.7538210655172494,0.9324176642190403,False,235,59
afatinib,elastic_net,3,ACH-000375,kidney,0.9708867993540852,0.8992401250229711,0.7097842726885815,1.0886959773573608,0.0,0.28978377489252677,0,0.5,0.7538210655172494,0.9324176642190403,False,235,59
afatinib,elastic_net,3,ACH-000735,head and neck,0.6469815941881665,0.7173769081553094,0.5279210558209197,0.9068327604896991,1.0,0.8034294158939375,1,0.5,0.7538210655172494,0.9324176642190403,False,235,59
afatinib,elastic_net,3,ACH-000210,bone,0.8733761091627632,0.8512083792644561,0.6617525269300665,1.040664231598846,,0.31837188280260603,0,0.5,0.7538210655172494,0.9324176642190403,False,235,59
afatinib,elastic_net,3,ACH-000605,esophagus/stomach,0.5510572845905228,0.7414865339372092,0.5520306816028195,0.9309423862715989,1.0,0.8033485308786636,1,0.5,0.7538210655172494,0.9324176642190403,False,235,59
afatinib,elastic_net,3,ACH-000018,bladder/urinary tract,0.8379730035149939,0.90981885497768,0.7203630026432903,1.0992747073120697,,0.27642550169496577,0,0.5,0.7538210655172494,0.9324176642190403,False,235,59
afatinib,elastic_net,3,ACH-000648,pleura,0.8490958715651953,0.8631699949641035,0.6737141426297139,1.052625847298493,,0.6059470324325309,1,0.5,0.7538210655172494,0.9324176642190403,False,235,59
afatinib,elastic_net,3,ACH-000628,lung,0.9248673947507988,0.806711167055581,0.6172553147211913,0.9961670193899707,,0.7947518514168975,1,0.5,0.7538210655172494,0.9324176642190403,False,235,59
afatinib,elastic_net,3,ACH-000099,peripheral nervous system,0.9129792511194323,0.8530709884637225,0.6636151361293329,1.042526840798112,,0.3207055732702727,0,0.5,0.7538210655172494,0.9324176642190403,False,235,59
afatinib,elastic_net,3,ACH-000649,kidney,0.9815985559498785,0.9072253719655702,0.7177695196311805,1.0966812242999597,0.0,0.2730484300351023,0,0.5,0.7538210655172494,0.9324176642190403,False,235,59
afatinib,elastic_net,3,ACH-000524,ovary/fallopian tube,0.853765159052121,0.8845041537025327,0.695048301368143,1.0739600060369223,,0.34607160677781074,0,0.5,0.7538210655172494,0.9324176642190403,False,235,59
afatinib,elastic_net,3,ACH-000730,skin,0.9527200313648483,0.9505605505072704,0.7611046981728807,1.1400164028416602,0.0,0.2677149169423648,0,0.5,0.7538210655172494,0.9324176642190403,False,235,59
afatinib,elastic_net,3,ACH-000661,skin,0.9376102183693834,0.9658618219658831,0.7764059696314934,1.1553176743002727,0.0,0.2626490943130297,0,0.5,0.7538210655172494,0.9324176642190403,False,235,59
afatinib,elastic_net,3,ACH-001190,skin,0.9214647363334076,0.9262967240931039,0.7368408717587143,1.1157525764274936,,0.2619242741322089,0,0.5,0.7538210655172494,0.9324176642190403,False,235,59
afatinib,elastic_net,3,ACH-000082,bone,0.8337498191246002,0.9239449587022638,0.7344891063678741,1.1134008110366533,,0.26650218621276717,0,0.5,0.7538210655172494,0.9324176642190403,False,235,59
afatinib,elastic_net,3,ACH-000172,soft tissue,0.8319621991716464,0.8723500353354389,0.6828941830010492,1.0618058876698284,,0.5663085653099669,1,0.5,0.7538210655172494,0.9324176642190403,False,235,59
afatinib,elastic_net,3,ACH-000454,lung,0.5748552683845881,0.7391110356646495,0.5496551833302599,0.9285668879990392,1.0,0.8040477878276852,1,0.5,0.7538210655172494,0.9324176642190403,False,235,59
afatinib,elastic_net,3,ACH-000395,lung,0.887270620875263,0.8684357892431318,0.6789799369087421,1.0578916415775215,,0.39496819684678725,0,0.5,0.7538210655172494,0.9324176642190403,False,235,59
afatinib,elastic_net,3,ACH-000137,cns/brain,0.9180708846092748,0.971312825608798,0.7818569732744083,1.1607686779431876,,0.2630581729480702,0,0.5,0.7538210655172494,0.9324176642190403,False,235,59
afatinib,elastic_net,3,ACH-000048,ovary/fallopian tube,0.6310505507138269,0.8483668364392631,0.6589109841048735,1.0378226887736528,1.0,0.3304467087803727,0,0.5,0.7538210655172494,0.9324176642190403,False,235,59
afatinib,elastic_net,3,ACH-000147,breast,0.982574677090557,0.8228054476876114,0.6333495953532218,1.012261300022001,0.0,0.6474493968310912,1,0.5,0.7538210655172494,0.9324176642190403,False,235,59
afatinib,elastic_net,3,ACH-000601,pancreas,0.8328242326976414,0.9269479717164008,0.7374921193820111,1.1164038240507903,,0.2708901318020678,0,0.5,0.7538210655172494,0.9324176642190403,False,235,59
afatinib,elastic_net,3,ACH-000042,pancreas,0.7147664900555575,0.8032994893434787,0.6138436370090891,0.9927553416778684,1.0,0.6154425009601933,1,0.5,0.7538210655172494,0.9324176642190403,False,235,59
afatinib,elastic_net,3,ACH-000356,esophagus/stomach,0.8031930700702394,0.7707736648460508,0.5813178125116611,0.9602295171804405,,0.8032701838303686,1,0.5,0.7538210655172494,0.9324176642190403,False,235,59
afatinib,elastic_net,3,ACH-000416,lung,1.0,0.9463721590786999,0.7569163067443102,1.1358280114130896,0.0,0.2702442050899895,0,0.5,0.7538210655172494,0.9324176642190403,False,235,59
afatinib,elastic_net,3,ACH-000191,thyroid,0.8879509651107198,0.9677007249541024,0.7782448726197128,1.1571565772884922,,0.26201026573103336,0,0.5,0.7538210655172494,0.9324176642190403,False,235,59
afatinib,elastic_net,3,ACH-000764,esophagus/stomach,0.8654442804690962,0.9503245136966667,0.760868661362277,1.1397803660310564,,0.26332011181471887,0,0.5,0.7538210655172494,0.9324176642190403,False,235,59
afatinib,elastic_net,3,ACH-000846,head and neck,0.8211212477561021,0.7722796791505157,0.582823826816126,0.9617355314849053,,0.8029826530697252,1,0.5,0.7538210655172494,0.9324176642190403,False,235,59
afatinib,elastic_net,3,ACH-000311,lung,0.8756597257125116,0.731365499911351,0.5419096475769614,0.9208213522457407,,0.7717862057685464,1,0.5,0.7538210655172494,0.9324176642190403,False,235,59
afatinib,elastic_net,3,ACH-000456,thyroid,1.0,0.9087009193430434,0.7192450670086538,1.098156771677433,0.0,0.2792365458191825,0,0.5,0.7538210655172494,0.9324176642190403,False,235,59
afatinib,elastic_net,3,ACH-000427,esophagus/stomach,0.6023858359536745,0.6786461557363235,0.4891903034019338,0.8681020080707131,1.0,0.7955266270950647,1,0.5,0.7538210655172494,0.9324176642190403,False,235,59
afatinib,elastic_net,3,ACH-000961,uterus,0.712879365469039,0.7792808426126996,0.5898249902783099,0.9687366949470892,1.0,0.7956584685942002,1,0.5,0.7538210655172494,0.9324176642190403,False,235,59
afatinib,elastic_net,3,ACH-000778,head and neck,0.6667880466180851,0.7155546593290258,0.5260988069946362,0.9050105116634155,1.0,0.803675347702315,1,0.5,0.7538210655172494,0.9324176642190403,False,235,59
afatinib,elastic_net,3,ACH-000228,head and neck,0.6821925008430902,0.711263489256673,0.5218076369222834,0.9007193415910627,1.0,0.8009293306101132,1,0.5,0.7538210655172494,0.9324176642190403,False,235,59
afatinib,elastic_net,3,ACH-000682,head and neck,0.7357682947501833,0.7481189370642765,0.5586630847298868,0.9375747893986661,1.0,0.8040732312792314,1,0.5,0.7538210655172494,0.9324176642190403,False,235,59
afatinib,elastic_net,3,ACH-000096,kidney,0.7959004925994847,0.8972594553732373,0.7078036030388476,1.0867153077076268,,0.4953268374398424,0,0.5,0.7538210655172494,0.9324176642190403,False,235,59
afatinib,elastic_net,3,ACH-000776,cns/brain,0.8882899192522834,0.8871202504492572,0.6976643981148676,1.076576102783647,,0.41486276988994114,0,0.5,0.7538210655172494,0.9324176642190403,False,235,59
afatinib,elastic_net,3,ACH-000582,skin,0.954464401971811,0.9313314407584524,0.7418755884240628,1.120787293092842,0.0,0.264199238259605,0,0.5,0.7538210655172494,0.9324176642190403,False,235,59
afatinib,elastic_net,3,ACH-000663,ovary/fallopian tube,0.7550723564031465,0.8725247536304013,0.6830689012960116,1.061980605964791,,0.6468981032031248,1,0.5,0.7538210655172494,0.9324176642190403,False,235,59
afatinib,elastic_net,3,ACH-000471,liver,0.9435271170262884,0.9039554613831867,0.7144996090487971,1.0934113137175765,0.0,0.37084422886877344,0,0.5,0.7538210655172494,0.9324176642190403,False,235,59
afatinib,elastic_net,3,ACH-000977,prostate,0.9649802090379391,0.7787302887855742,0.5892744364511845,0.9681861411199638,0.0,0.7618953493520718,1,0.5,0.7538210655172494,0.9324176642190403,False,235,59
afatinib,elastic_net,3,ACH-000788,skin,0.8812592331635132,0.9780518343846127,0.7885959820502231,1.1675076867190024,,0.2618202607837516,0,0.5,0.7538210655172494,0.9324176642190403,False,235,59
afatinib,elastic_net,3,ACH-000320,pancreas,0.9319784873080788,0.921869378371416,0.7324135260370264,1.1113252307058057,,0.2648535072062494,0,0.5,0.7538210655172494,0.9324176642190403,False,235,59
afatinib,xgboost,3,ACH-000800,lung,0.9078022932928402,0.9199361801147461,0.7369196889680891,1.102952671261403,,0.28883860354340996,0,0.5,0.7538210655172494,0.9324176642190403,False,235,59
afatinib,xgboost,3,ACH-000313,kidney,0.8853745571883517,0.9142633676528931,0.7312468765062361,1.09727985879955,,0.3847501110963496,0,0.5,0.7538210655172494,0.9324176642190403,False,235,59
afatinib,xgboost,3,ACH-000322,skin,0.9448695190748457,0.9586569666862488,0.7756404755395918,1.1416734578329057,0.0,0.2770999001359912,0,0.5,0.7538210655172494,0.9324176642190403,False,235,59
afatinib,xgboost,3,ACH-000344,esophagus/stomach,0.9584609558899198,0.8418780565261841,0.6588615653795271,1.024894547672841,0.0,0.4014128523682887,0,0.5,0.7538210655172494,0.9324176642190403,False,235,59
afatinib,xgboost,3,ACH-000223,breast,0.891919203558106,0.7461301684379578,0.5631136772913008,0.9291466595846147,,0.7273369421626308,1,0.5,0.7538210655172494,0.9324176642190403,False,235,59
afatinib,xgboost,3,ACH-000632,skin,0.8964404631959081,0.9813362956047058,0.7983198044580488,1.1643527867513628,,0.2809425959193563,0,0.5,0.7538210655172494,0.9324176642190403,False,235,59
afatinib,xgboost,3,ACH-000978,uterus,0.988985586003631,0.8444569110870361,0.6614404199403792,1.027473402233693,0.0,0.36921369207430976,0,0.5,0.7538210655172494,0.9324176642190403,False,235,59
afatinib,xgboost,3,ACH-000368,cns/brain,0.965661426997088,0.9835651516914368,0.8005486605447798,1.1665816428380937,0.0,0.27215603185291315,0,0.5,0.7538210655172494,0.9324176642190403,False,235,59
afatinib,xgboost,3,ACH-000441,skin,0.9720575678437008,0.9907560348510742,0.8077395437044173,1.1737725259977312,0.0,0.2762857210788784,0,0.5,0.7538210655172494,0.9324176642190403,False,235,59
afatinib,xgboost,3,ACH-000098,cns/brain,1.3393817995115416,0.9560912847518921,0.7730747936052351,1.139107775898549,0.0,0.2895615311686475,0,0.5,0.7538210655172494,0.9324176642190403,False,235,59
afatinib,xgboost,3,ACH-000544,esophagus/stomach,0.6233074315407227,0.7434419393539429,0.5604254482072859,0.9264584305005998,1.0,0.7430809765577195,1,0.5,0.7538210655172494,0.9324176642190403,False,235,59
afatinib,xgboost,3,ACH-000943,bowel,0.917278455799502,0.9242907762527466,0.7412742851060896,1.1073072673994035,,0.296603949112208,0,0.5,0.7538210655172494,0.9324176642190403,False,235,59
afatinib,xgboost,3,ACH-000545,bladder/urinary tract,0.6273085233870364,0.7391822338104248,0.5561657426637678,0.9221987249570818,1.0,0.7594921456094691,1,0.5,0.7538210655172494,0.9324176642190403,False,235,59
afatinib,xgboost,3,ACH-000898,esophagus/stomach,0.9227322383343302,0.7518144249916077,0.5687979338449507,0.9348309161382646,,0.6474996102857828,1,0.5,0.7538210655172494,0.9324176642190403,False,235,59
afatinib,xgboost,3,ACH-000681,lung,1.174202260167055,0.8809473514556885,0.6979308603090315,1.0639638426023454,0.0,0.34955931148713953,0,0.5,0.7538210655172494,0.9324176642190403,False,235,59
afatinib,xgboost,3,ACH-000997,bowel,0.8749690109571884,0.839417576789856,0.656401085643199,1.022434067936513,,0.7363890368597651,1,0.5,0.7538210655172494,0.9324176642190403,False,235,59
afatinib,xgboost,3,ACH-000866,lung,0.6662185853124086,0.7662044167518616,0.5831879256052046,0.9492209078985185,1.0,0.5243434093521817,1,0.5,0.7538210655172494,0.9324176642190403,False,235,59
afatinib,xgboost,3,ACH-000819,cns/brain,0.85084498352954,0.9474843144416809,0.7644678232950239,1.1305008055883379,,0.28779623892106365,0,0.5,0.7538210655172494,0.9324176642190403,False,235,59
afatinib,xgboost,3,ACH-000087,bone,0.7430990417616605,0.9125274419784546,0.7295109508317976,1.0955439331251116,1.0,0.30796613157599423,0,0.5,0.7538210655172494,0.9324176642190403,False,235,59
afatinib,xgboost,3,ACH-000758,esophagus/stomach,0.9724726709261731,0.7860580682754517,0.6030415771287947,0.9690745594221086,0.0,0.7430494000995672,1,0.5,0.7538210655172494,0.9324176642190403,False,235,59
afatinib,xgboost,3,ACH-000391,bone,0.861860175417479,0.9251989126205444,0.7421824214738875,1.1082154037672014,,0.2875775096501691,0,0.5,0.7538210655172494,0.9324176642190403,False,235,59
afatinib,xgboost,3,ACH-000836,head and neck,0.6958840158370249,0.7175166606903076,0.5345001695436506,0.9005331518369646,1.0,0.7446295113674275,1,0.5,0.7538210655172494,0.9324176642190403,False,235,59
afatinib,xgboost,3,ACH-000890,lung,0.9278573762891501,0.9544752240180969,0.77145873287144,1.137491715164754,,0.3108930370135431,0,0.5,0.7538210655172494,0.9324176642190403,False,235,59
afatinib,xgboost,3,ACH-000022,pancreas,0.70964320508532,0.8143433332443237,0.6313268420976668,0.9973598243909807,1.0,0.6462797451894411,1,0.5,0.7538210655172494,0.9324176642190403,False,235,59
afatinib,xgboost,3,ACH-000437,cns/brain,0.9548133323148991,0.9153843522071838,0.7323678610605269,1.0984008433538408,0.0,0.2888466439915161,0,0.5,0.7538210655172494,0.9324176642190403,False,235,59
afatinib,xgboost,3,ACH-000403,bowel,0.8743029526570203,0.801127016544342,0.6181105253976851,0.984143507690999,,0.7340266172649748,1,0.5,0.7538210655172494,0.9324176642190403,False,235,59
afatinib,xgboost,3,ACH-000736,esophagus/stomach,0.8554644236203723,0.7574400305747986,0.5744235394281416,0.9404565217214556,,0.749823178053086,1,0.5,0.7538210655172494,0.9324176642190403,False,235,59
afatinib,xgboost,3,ACH-000853,lung,0.835838812781396,0.8876874446868896,0.7046709535402327,1.0707039358335466,,0.3016732578041163,0,0.5,0.7538210655172494,0.9324176642190403,False,235,59
afatinib,xgboost,3,ACH-000393,liver,0.9291821065285514,0.9229929447174072,0.7399764535707503,1.1060094358640642,,0.3218577169073126,0,0.5,0.7538210655172494,0.9324176642190403,False,235,59
afatinib,xgboost,3,ACH-000936,ovary/fallopian tube,0.7362038759313692,0.8475913405418396,0.6645748493951826,1.0306078316884966,1.0,0.6399432458652923,1,0.5,0.7538210655172494,0.9324176642190403,False,235,59
afatinib,xgboost,3,ACH-000665,lung,0.855673909317871,0.9907294511795044,0.8077129600328474,1.1737459423261614,,0.3397909704511696,0,0.5,0.7538210655172494,0.9324176642190403,False,235,59
afatinib,xgboost,3,ACH-000277,breast,0.595871397662614,0.7611452341079712,0.5781287429613142,0.9441617252546282,1.0,0.6878360462250812,1,0.5,0.7538210655172494,0.9324176642190403,False,235,59
afatinib,xgboost,3,ACH-000375,kidney,0.9708867993540852,0.8547074794769287,0.6716909883302717,1.0377239706235857,0.0,0.33036010607109717,0,0.5,0.7538210655172494,0.9324176642190403,False,235,59
afatinib,xgboost,3,ACH-000735,head and neck,0.6469815941881665,0.6813355088233948,0.4983190176767378,0.8643519999700517,1.0,0.7446266132080539,1,0.5,0.7538210655172494,0.9324176642190403,False,235,59
afatinib,xgboost,3,ACH-000210,bone,0.8733761091627632,0.9206177592277527,0.7376012680810957,1.1036342503744097,,0.32492674165386254,0,0.5,0.7538210655172494,0.9324176642190403,False,235,59
afatinib,xgboost,3,ACH-000605,esophagus/stomach,0.5510572845905228,0.7369906306266785,0.5539741394800215,0.9200071217733354,1.0,0.7523621932461328,1,0.5,0.7538210655172494,0.9324176642190403,False,235,59
afatinib,xgboost,3,ACH-000018,bladder/urinary tract,0.8379730035149939,0.9218633770942688,0.7388468859476118,1.1048798682409258,,0.33759737028125897,0,0.5,0.7538210655172494,0.9324176642190403,False,235,59
afatinib,xgboost,3,ACH-000648,pleura,0.8490958715651953,0.8182871341705322,0.6352706430238753,1.0013036253171892,,0.5005937970075259,1,0.5,0.7538210655172494,0.9324176642190403,False,235,59
afatinib,xgboost,3,ACH-000628,lung,0.9248673947507988,0.7869851589202881,0.6039686677736311,0.970001650066945,,0.7333921893052515,1,0.5,0.7538210655172494,0.9324176642190403,False,235,59
afatinib,xgboost,3,ACH-000099,peripheral nervous system,0.9129792511194323,0.8723159432411194,0.6892994520944624,1.0553324343877764,,0.385521529504411,0,0.5,0.7538210655172494,0.9324176642190403,False,235,59
afatinib,xgboost,3,ACH-000649,kidney,0.9815985559498785,0.9051856398582458,0.7221691487115889,1.0882021310049028,0.0,0.32107336929365704,0,0.5,0.7538210655172494,0.9324176642190403,False,235,59
afatinib,xgboost,3,ACH-000524,ovary/fallopian tube,0.853765159052121,0.8682010769844055,0.6851845858377485,1.0512175681310625,,0.4745775453520505,0,0.5,0.7538210655172494,0.9324176642190403,False,235,59
afatinib,xgboost,3,ACH-000730,skin,0.9527200313648483,0.9660094380378723,0.7829929468912153,1.1490259291845293,0.0,0.2974689707972591,0,0.5,0.7538210655172494,0.9324176642190403,False,235,59
afatinib,xgboost,3,ACH-000661,skin,0.9376102183693834,0.989596962928772,0.806580471782115,1.172613454075429,0.0,0.271071961326998,0,0.5,0.7538210655172494,0.9324176642190403,False,235,59
afatinib,xgboost,3,ACH-001190,skin,0.9214647363334076,0.9114184975624084,0.7284020064157515,1.0944349887090654,,0.29668135716573146,0,0.5,0.7538210655172494,0.9324176642190403,False,235,59
afatinib,xgboost,3,ACH-000082,bone,0.8337498191246002,0.9113017320632935,0.7282852409166365,1.0943182232099504,,0.32425152663585766,0,0.5,0.7538210655172494,0.9324176642190403,False,235,59
afatinib,xgboost,3,ACH-000172,soft tissue,0.8319621991716464,0.8818573951721191,0.6988409040254622,1.064873886318776,,0.3169525880784693,0,0.5,0.7538210655172494,0.9324176642190403,False,235,59
afatinib,xgboost,3,ACH-000454,lung,0.5748552683845881,0.7237101197242737,0.5406936285776167,0.9067266108709306,1.0,0.7582049028396786,1,0.5,0.7538210655172494,0.9324176642190403,False,235,59
afatinib,xgboost,3,ACH-000395,lung,0.887270620875263,0.8218762278556824,0.6388597367090254,1.0048927190023393,,0.5950051918006145,1,0.5,0.7538210655172494,0.9324176642190403,False,235,59
afatinib,xgboost,3,ACH-000137,cns/brain,0.9180708846092748,0.9348909258842468,0.7518744347375899,1.1179074170309038,,0.268417889180125,0,0.5,0.7538210655172494,0.9324176642190403,False,235,59
afatinib,xgboost,3,ACH-000048,ovary/fallopian tube,0.6310505507138269,0.8911390900611877,0.7081225989145308,1.0741555812078447,1.0,0.40412474610995947,0,0.5,0.7538210655172494,0.9324176642190403,False,235,59
afatinib,xgboost,3,ACH-000147,breast,0.982574677090557,0.846057653427124,0.6630411622804671,1.029074144573781,0.0,0.7334613862216401,1,0.5,0.7538210655172494,0.9324176642190403,False,235,59
afatinib,xgboost,3,ACH-000601,pancreas,0.8328242326976414,0.9084820747375488,0.7254655835908919,1.0914985658842058,,0.3057173728651925,0,0.5,0.7538210655172494,0.9324176642190403,False,235,59
afatinib,xgboost,3,ACH-000042,pancreas,0.7147664900555575,0.7774693369865417,0.5944528458398848,0.9604858281331987,1.0,0.7353664888218574,1,0.5,0.7538210655172494,0.9324176642190403,False,235,59
afatinib,xgboost,3,ACH-000356,esophagus/stomach,0.8031930700702394,0.7756671905517578,0.5926506994051008,0.9586836816984148,,0.7374327628377778,1,0.5,0.7538210655172494,0.9324176642190403,False,235,59
afatinib,xgboost,3,ACH-000416,lung,1.0,0.9034296870231628,0.7204131958765059,1.0864461781698198,0.0,0.31721091070124063,0,0.5,0.7538210655172494,0.9324176642190403,False,235,59
afatinib,xgboost,3,ACH-000191,thyroid,0.8879509651107198,0.9633569717407227,0.7803404805940657,1.1463734628873796,,0.30012219248515276,0,0.5,0.7538210655172494,0.9324176642190403,False,235,59
afatinib,xgboost,3,ACH-000764,esophagus/stomach,0.8654442804690962,0.9387580752372742,0.7557415840906172,1.1217745663839311,,0.2990094610029392,0,0.5,0.7538210655172494,0.9324176642190403,False,235,59
afatinib,xgboost,3,ACH-000846,head and neck,0.8211212477561021,0.7286285161972046,0.5456120250505476,0.9116450073438616,,0.7587568533861846,1,0.5,0.7538210655172494,0.9324176642190403,False,235,59
afatinib,xgboost,3,ACH-000311,lung,0.8756597257125116,0.7166539430618286,0.5336374519151716,0.8996704342084856,,0.7553655949360991,1,0.5,0.7538210655172494,0.9324176642190403,False,235,59
afatinib,xgboost,3,ACH-000456,thyroid,1.0,0.9073325991630554,0.7243161080163985,1.0903490903097124,0.0,0.5031692321663918,1,0.5,0.7538210655172494,0.9324176642190403,False,235,59
afatinib,xgboost,3,ACH-000427,esophagus/stomach,0.6023858359536745,0.7233083248138428,0.5402918336671858,0.9063248159604997,1.0,0.757655616778504,1,0.5,0.7538210655172494,0.9324176642190403,False,235,59
afatinib,xgboost,3,ACH-000961,uterus,0.712879365469039,0.7574552893638611,0.5744387982172041,0.940471780510518,1.0,0.7513976367395029,1,0.5,0.7538210655172494,0.9324176642190403,False,235,59
afatinib,xgboost,3,ACH-000778,head and neck,0.6667880466180851,0.7271645069122314,0.5441480157655745,0.9101809980588884,1.0,0.7385656335545557,1,0.5,0.7538210655172494,0.9324176642190403,False,235,59
afatinib,xgboost,3,ACH-000228,head and neck,0.6821925008430902,0.684747040271759,0.5017305491251021,0.867763531418416,1.0,0.758942633777873,1,0.5,0.7538210655172494,0.9324176642190403,False,235,59
afatinib,xgboost,3,ACH-000682,head and neck,0.7357682947501833,0.691655695438385,0.508639204291728,0.874672186585042,1.0,0.7731779269796658,1,0.5,0.7538210655172494,0.9324176642190403,False,235,59
afatinib,xgboost,3,ACH-000096,kidney,0.7959004925994847,0.8876181244850159,0.7046016333383589,1.0706346156316728,,0.33434170213566705,0,0.5,0.7538210655172494,0.9324176642190403,False,235,59
afatinib,xgboost,3,ACH-000776,cns/brain,0.8882899192522834,0.9267779588699341,0.7437614677232771,1.109794450016591,,0.3943846794161459,0,0.5,0.7538210655172494,0.9324176642190403,False,235,59
afatinib,xgboost,3,ACH-000582,skin,0.954464401971811,0.9314152002334595,0.7483987090868025,1.1144316913801164,0.0,0.3136476599389294,0,0.5,0.7538210655172494,0.9324176642190403,False,235,59
afatinib,xgboost,3,ACH-000663,ovary/fallopian tube,0.7550723564031465,0.9187813997268677,0.7357649085802107,1.1017978908735246,,0.40325976282089654,0,0.5,0.7538210655172494,0.9324176642190403,False,235,59
afatinib,xgboost,3,ACH-000471,liver,0.9435271170262884,0.8626390099525452,0.6796225188058882,1.0456555010992021,0.0,0.5513209063684115,1,0.5,0.7538210655172494,0.9324176642190403,False,235,59
afatinib,xgboost,3,ACH-000977,prostate,0.9649802090379391,0.7666428685188293,0.5836263773721724,0.9496593596654863,0.0,0.6221205635883487,1,0.5,0.7538210655172494,0.9324176642190403,False,235,59
afatinib,xgboost,3,ACH-000788,skin,0.8812592331635132,0.9749934673309326,0.7919769761842756,1.1580099584775896,,0.2915128185958983,0,0.5,0.7538210655172494,0.9324176642190403,False,235,59
afatinib,xgboost,3,ACH-000320,pancreas,0.9319784873080788,0.9205896854400635,0.7375731942934065,1.1036061765867204,,0.3783992640150196,0,0.5,0.7538210655172494,0.9324176642190403,False,235,59
afatinib,lineage,4,ACH-000528,lung,0.9008551581291325,0.846208603537353,0.6565762460812847,1.0358409609934214,,0.4861050867391011,0,0.5,0.752751049506348,0.9334075356033389,False,236,59
afatinib,lineage,4,ACH-000351,esophagus/stomach,0.7939151104207197,0.7330998808782618,0.5434675234221935,0.9227322383343302,,0.5855547412750887,1,0.5,0.752751049506348,0.9334075356033389,False,236,59
afatinib,lineage,4,ACH-000008,skin,0.9265436065142618,0.9526110766651186,0.7629787192090502,1.142243434121187,,0.4054867733912674,0,0.5,0.752751049506348,0.9334075356033389,False,236,59
afatinib,lineage,4,ACH-000856,breast,0.8940264256078021,0.8546880777578351,0.6650557203017667,1.0443204352139035,,0.46611123838353413,0,0.5,0.752751049506348,0.9334075356033389,False,236,59
afatinib,lineage,4,ACH-000035,lung,0.7463821020905265,0.846208603537353,0.6565762460812847,1.0358409609934214,1.0,0.4861050867391011,0,0.5,0.752751049506348,0.9334075356033389,False,236,59
afatinib,lineage,4,ACH-000946,uterus,0.8578682842857631,0.794635933524038,0.6050035760679697,0.9842682909801064,,0.5335581703982701,1,0.5,0.752751049506348,0.9334075356033389,False,236,59
afatinib,lineage,4,ACH-000332,pancreas,0.6445332299666273,0.8499653106884424,0.6603329532323741,1.0395976681445107,1.0,0.5176673669496817,1,0.5,0.752751049506348,0.9334075356033389,False,236,59
afatinib,lineage,4,ACH-000019,breast,0.869460781605081,0.8546880777578351,0.6650557203017667,1.0443204352139035,,0.46611123838353413,0,0.5,0.752751049506348,0.9334075356033389,False,236,59
afatinib,lineage,4,ACH-000805,skin,0.8799473455223661,0.9526110766651186,0.7629787192090502,1.142243434121187,,0.4054867733912674,0,0.5,0.752751049506348,0.9334075356033389,False,236,59
afatinib,lineage,4,ACH-000643,breast,0.5251588266976721,0.8546880777578351,0.6650557203017667,1.0443204352139035,1.0,0.46611123838353413,0,0.5,0.752751049506348,0.9334075356033389,False,236,59
afatinib,lineage,4,ACH-000896,bladder/urinary tract,0.74673608977914,0.7268784267740334,0.537246069317965,0.9165107842301017,1.0,0.5444913503483917,1,0.5,0.752751049506348,0.9334075356033389,False,236,59
afatinib,lineage,4,ACH-000945,lung,0.895213453329704,0.846208603537353,0.6565762460812847,1.0358409609934214,,0.4861050867391011,0,0.5,0.752751049506348,0.9334075356033389,False,236,59
afatinib,lineage,4,ACH-000532,bowel,0.5894279937653182,0.8376026062600029,0.6479702488039346,1.0272349637160714,1.0,0.5237143356397832,1,0.5,0.752751049506348,0.9334075356033389,False,236,59
afatinib,lineage,4,ACH-000901,lung,0.9765332320425659,0.846208603537353,0.6565762460812847,1.0358409609934214,0.0,0.4861050867391011,0,0.5,0.752751049506348,0.9334075356033389,False,236,59
afatinib,lineage,4,ACH-000318,esophagus/stomach,0.655149439807693,0.7330998808782618,0.5434675234221935,0.9227322383343302,1.0,0.5855547412750887,1,0.5,0.752751049506348,0.9334075356033389,False,236,59
afatinib,lineage,4,ACH-000924,lung,0.9644097081489488,0.846208603537353,0.6565762460812847,1.0358409609934214,0.0,0.4861050867391011,0,0.5,0.752751049506348,0.9334075356033389,False,236,59
afatinib,lineage,4,ACH-000599,pancreas,0.857566681416144,0.8499653106884424,0.6603329532323741,1.0395976681445107,,0.5176673669496817,1,0.5,0.752751049506348,0.9334075356033389,False,236,59
afatinib,lineage,4,ACH-000139,pancreas,0.6118630049509077,0.8499653106884424,0.6603329532323741,1.0395976681445107,1.0,0.5176673669496817,1,0.5,0.752751049506348,0.9334075356033389,False,236,59
afatinib,lineage,4,ACH-000486,bladder/urinary tract,0.9185168150763161,0.7268784267740334,0.537246069317965,0.9165107842301017,,0.5444913503483917,1,0.5,0.752751049506348,0.9334075356033389,False,236,59
afatinib,lineage,4,ACH-000679,esophagus/stomach,0.5224895547470806,0.7330998808782618,0.5434675234221935,0.9227322383343302,1.0,0.5855547412750887,1,0.5,0.752751049506348,0.9334075356033389,False,236,59
afatinib,lineage,4,ACH-000955,bowel,0.7546245020275602,0.8376026062600029,0.6479702488039346,1.0272349637160714,,0.5237143356397832,1,0.5,0.752751049506348,0.9334075356033389,False,236,59
afatinib,lineage,4,ACH-000756,cns/brain,0.9592404357346352,0.9502157257655882,0.7605833683095199,1.1398480832216564,0.0,0.41526161885540536,0,0.5,0.752751049506348,0.9334075356033389,False,236,59
afatinib,lineage,4,ACH-000132,ovary/fallopian tube,0.9074175173788352,0.7732349325459225,0.5836025750898541,0.9628672900019908,,0.5765972277081944,1,0.5,0.752751049506348,0.9334075356033389,False,236,59
afatinib,lineage,4,ACH-000988,uterus,0.758509166560333,0.794635933524038,0.6050035760679697,0.9842682909801064,,0.5335581703982701,1,0.5,0.752751049506348,0.9334075356033389,False,236,59
afatinib,lineage,4,ACH-000504,cns/brain,0.9229232372683183,0.9502157257655882,0.7605833683095199,1.1398480832216564,,0.41526161885540536,0,0.5,0.752751049506348,0.9334075356033389,False,236,59
afatinib,lineage,4,ACH-000956,prostate,0.7530853549009999,0.8430900708745244,0.653457713418456,1.0327224283305927,,0.4989068296440319,0,0.5,0.752751049506348,0.9334075356033389,False,236,59
afatinib,lineage,4,ACH-000572,skin,0.890112427984627,0.9526110766651186,0.7629787192090502,1.142243434121187,,0.4054867733912674,0,0.5,0.752751049506348,0.9334075356033389,False,236,59
afatinib,lineage,4,ACH-000950,bowel,0.6617295070589441,0.8376026062600029,0.6479702488039346,1.0272349637160714,1.0,0.5237143356397832,1,0.5,0.752751049506348,0.9334075356033389,False,236,59
afatinib,lineage,4,ACH-000086,pleura,0.9287889045328984,0.8412357370749411,0.6516033796188728,1.0308680945310096,,0.5016072469135168,1,0.5,0.752751049506348,0.9334075356033389,False,236,59
afatinib,lineage,4,ACH-000142,bladder/urinary tract,0.6620530629328932,0.7268784267740334,0.537246069317965,0.9165107842301017,1.0,0.5444913503483917,1,0.5,0.752751049506348,0.9334075356033389,False,236,59
afatinib,lineage,4,ACH-000060,pancreas,0.8173689732233729,0.8499653106884424,0.6603329532323741,1.0395976681445107,,0.5176673669496817,1,0.5,0.752751049506348,0.9334075356033389,False,236,59
afatinib,lineage,4,ACH-000762,head and neck,0.4600707823678194,0.7097640191826147,0.5201316617265463,0.899396376638683,1.0,0.6013427815589902,1,0.5,0.752751049506348,0.9334075356033389,False,236,59
afatinib,lineage,4,ACH-000768,breast,0.8941902301800995,0.8546880777578351,0.6650557203017667,1.0443204352139035,,0.46611123838353413,0,0.5,0.752751049506348,0.9334075356033389,False,236,59
afatinib,lineage,4,ACH-000527,ovary/fallopian tube,0.8209378005583332,0.7732349325459225,0.5836025750898541,0.9628672900019908,,0.5765972277081944,1,0.5,0.752751049506348,0.9334075356033389,False,236,59
afatinib,lineage,4,ACH-000278,ovary/fallopian tube,0.8015214942597786,0.7732349325459225,0.5836025750898541,0.9628672900019908,,0.5765972277081944,1,0.5,0.752751049506348,0.9334075356033389,False,236,59
afatinib,lineage,4,ACH-000696,ovary/fallopian tube,0.9333308765121444,0.7732349325459225,0.5836025750898541,0.9628672900019908,,0.5765972277081944,1,0.5,0.752751049506348,0.9334075356033389,False,236,59
afatinib,lineage,4,ACH-000839,bladder/urinary tract,0.6075156318798749,0.7268784267740334,0.537246069317965,0.9165107842301017,1.0,0.5444913503483917,1,0.5,0.752751049506348,0.9334075356033389,False,236,59
afatinib,lineage,4,ACH-000323,cns/brain,0.9877927188651864,0.9502157257655882,0.7605833683095199,1.1398480832216564,0.0,0.41526161885540536,0,0.5,0.752751049506348,0.9334075356033389,False,236,59
afatinib,lineage,4,ACH-000021,lung,0.7584625271132509,0.846208603537353,0.6565762460812847,1.0358409609934214,,0.4861050867391011,0,0.5,0.752751049506348,0.9334075356033389,False,236,59
afatinib,lineage,4,ACH-000573,breast,0.928223201944991,0.8546880777578351,0.6650557203017667,1.0443204352139035,,0.46611123838353413,0,0.5,0.752751049506348,0.9334075356033389,False,236,59
afatinib,lineage,4,ACH-000343,lung,0.7670346416743954,0.846208603537353,0.6565762460812847,1.0358409609934214,,0.4861050867391011,0,0.5,0.752751049506348,0.9334075356033389,False,236,59
afatinib,lineage,4,ACH-001306,thyroid,0.9222555759098519,0.9122242078500128,0.7225918503939445,1.1018565653060812,,0.4534915348200511,0,0.5,0.752751049506348,0.9334075356033389,False,236,59
afatinib,lineage,4,ACH-000011,bladder/urinary tract,0.612342274899146,0.7268784267740334,0.537246069317965,0.9165107842301017,1.0,0.5444913503483917,1,0.5,0.752751049506348,0.9334075356033389,False,236,59
afatinib,lineage,4,ACH-000810,skin,0.9630545477937493,0.9526110766651186,0.7629787192090502,1.142243434121187,0.0,0.4054867733912674,0,0.5,0.752751049506348,0.9334075356033389,False,236,59
afatinib,lineage,4,ACH-000738,cns/brain,0.952558781601708,0.9502157257655882,0.7605833683095199,1.1398480832216564,0.0,0.41526161885540536,0,0.5,0.752751049506348,0.9334075356033389,False,236,59
afatinib,lineage,4,ACH-000647,esophagus/stomach,0.8503907564879856,0.7330998808782618,0.5434675234221935,0.9227322383343302,,0.5855547412750887,1,0.5,0.752751049506348,0.9334075356033389,False,236,59
afatinib,lineage,4,ACH-000913,uterus,0.9137969464998745,0.794635933524038,0.6050035760679697,0.9842682909801064,,0.5335581703982701,1,0.5,0.752751049506348,0.9334075356033389,False,236,59
afatinib,lineage,4,ACH-000915,skin,0.9365188521117016,0.9526110766651186,0.7629787192090502,1.142243434121187,0.0,0.4054867733912674,0,0.5,0.752751049506348,0.9334075356033389,False,236,59
afatinib,lineage,4,ACH-000292,lung,0.8107116515204659,0.846208603537353,0.6565762460812847,1.0358409609934214,,0.4861050867391011,0,0.5,0.752751049506348,0.9334075356033389,False,236,59
afatinib,lineage,4,ACH-000308,ovary/fallopian tube,0.8861438302882848,0.7732349325459225,0.5836025750898541,0.9628672900019908,,0.5765972277081944,1,0.5,0.752751049506348,0.9334075356033389,False,236,59
afatinib,lineage,4,ACH-000651,bowel,0.93761753592503,0.8376026062600029,0.6479702488039346,1.0272349637160714,0.0,0.5237143356397832,1,0.5,0.752751049506348,0.9334075356033389,False,236,59
afatinib,lineage,4,ACH-000192,uterus,0.5655339272888346,0.794635933524038,0.6050035760679697,0.9842682909801064,1.0,0.5335581703982701,1,0.5,0.752751049506348,0.9334075356033389,False,236,59
afatinib,lineage,4,ACH-000630,head and neck,0.9538431055462147,0.7097640191826147,0.5201316617265463,0.899396376638683,0.0,0.6013427815589902,1,0.5,0.752751049506348,0.9334075356033389,False,236,59
afatinib,lineage,4,ACH-000624,breast,0.8273465780417022,0.8546880777578351,0.6650557203017667,1.0443204352139035,,0.46611123838353413,0,0.5,0.752751049506348,0.9334075356033389,False,236,59
afatinib,lineage,4,ACH-000319,pleura,1.3738017970105,0.8412357370749411,0.6516033796188728,1.0308680945310096,0.0,0.5016072469135168,1,0.5,0.752751049506348,0.9334075356033389,False,236,59
afatinib,lineage,4,ACH-000457,kidney,1.16703599174644,0.8812799782376326,0.6916476207815643,1.070912335693701,0.0,0.46375605698061495,0,0.5,0.752751049506348,0.9334075356033389,False,236,59
afatinib,lineage,4,ACH-000401,skin,0.8772112939576255,0.9526110766651186,0.7629787192090502,1.142243434121187,,0.4054867733912674,0,0.5,0.752751049506348,0.9334075356033389,False,236,59
afatinib,lineage,4,ACH-000593,bladder/urinary tract,0.9267782539122082,0.7268784267740334,0.537246069317965,0.9165107842301017,,0.5444913503483917,1,0.5,0.752751049506348,0.9334075356033389,False,236,59
afatinib,lineage,4,ACH-000182,ampulla of vater,0.8446932273333578,0.8446438310861746,0.6550114736301063,1.034276188542243,,0.4989068296440319,0,0.5,0.752751049506348,0.9334075356033389,False,236,59
afatinib,lineage,4,ACH-000841,lung,0.8543765641432584,0.846208603537353,0.6565762460812847,1.0358409609934214,,0.4861050867391011,0,0.5,0.752751049506348,0.9334075356033389,False,236,59
afatinib,lineage,4,ACH-000948,esophagus/stomach,0.9754211111989596,0.7330998808782618,0.5434675234221935,0.9227322383343302,0.0,0.5855547412750887,1,0.5,0.752751049506348,0.9334075356033389,False,236,59
afatinib,lineage,4,ACH-000496,lung,0.945315285683362,0.846208603537353,0.6565762460812847,1.0358409609934214,0.0,0.4861050867391011,0,0.5,0.752751049506348,0.9334075356033389,False,236,59
afatinib,lineage,4,ACH-000939,uterus,0.7356904777234735,0.794635933524038,0.6050035760679697,0.9842682909801064,1.0,0.5335581703982701,1,0.5,0.752751049506348,0.9334075356033389,False,236,59
afatinib,lineage,4,ACH-000307,pancreas,0.8178116397331996,0.8499653106884424,0.6603329532323741,1.0395976681445107,,0.5176673669496817,1,0.5,0.752751049506348,0.9334075356033389,False,236,59
afatinib,lineage,4,ACH-000595,cns/brain,0.9326751530237267,0.9502157257655882,0.7605833683095199,1.1398480832216564,,0.41526161885540536,0,0.5,0.752751049506348,0.9334075356033389,False,236,59
afatinib,lineage,4,ACH-000771,head and neck,0.47486471437966954,0.7097640191826147,0.5201316617265463,0.899396376638683,1.0,0.6013427815589902,1,0.5,0.752751049506348,0.9334075356033389,False,236,59
afatinib,lineage,4,ACH-000959,bowel,0.6721652585263639,0.8376026062600029,0.6479702488039346,1.0272349637160714,1.0,0.5237143356397832,1,0.5,0.752751049506348,0.9334075356033389,False,236,59
afatinib,lineage,4,ACH-000097,breast,0.9075321698109904,0.8546880777578351,0.6650557203017667,1.0443204352139035,,0.46611123838353413,0,0.5,0.752751049506348,0.9334075356033389,False,236,59
afatinib,lineage,4,ACH-000579,skin,1.3911539073426313,0.9526110766651186,0.7629787192090502,1.142243434121187,0.0,0.4054867733912674,0,0.5,0.752751049506348,0.9334075356033389,False,236,59
afatinib,lineage,4,ACH-000900,lung,0.8554392719653803,0.846208603537353,0.6565762460812847,1.0358409609934214,,0.4861050867391011,0,0.5,0.752751049506348,0.9334075356033389,False,236,59
afatinib,lineage,4,ACH-000666,lung,0.9380444685557605,0.846208603537353,0.6565762460812847,1.0358409609934214,0.0,0.4861050867391011,0,0.5,0.752751049506348,0.9334075356033389,False,236,59
afatinib,lineage,4,ACH-000968,skin,0.936363131726761,0.9526110766651186,0.7629787192090502,1.142243434121187,0.0,0.4054867733912674,0,0.5,0.752751049506348,0.9334075356033389,False,236,59
afatinib,lineage,4,ACH-000750,skin,0.8963099473839182,0.9526110766651186,0.7629787192090502,1.142243434121187,,0.4054867733912674,0,0.5,0.752751049506348,0.9334075356033389,False,236,59
afatinib,elastic_net,4,ACH-000528,lung,0.9008551581291325,0.6909903485198893,0.5366713334631218,0.8453093635766568,,0.7301832289346617,1,0.5,0.752751049506348,0.9334075356033389,False,236,59
afatinib,elastic_net,4,ACH-000351,esophagus/stomach,0.7939151104207197,0.8617212744057141,0.7074022593489466,1.0160402894624816,,0.294092406682609,0,0.5,0.752751049506348,0.9334075356033389,False,236,59
afatinib,elastic_net,4,ACH-000008,skin,0.9265436065142618,0.9618213569194253,0.8075023418626578,1.1161403719761926,,0.24715140446049189,0,0.5,0.752751049506348,0.9334075356033389,False,236,59
afatinib,elastic_net,4,ACH-000856,breast,0.8940264256078021,0.8542525267620681,0.6999335117053006,1.0085715418188355,,0.6731662755491716,1,0.5,0.752751049506348,0.9334075356033389,False,236,59
afatinib,elastic_net,4,ACH-000035,lung,0.7463821020905265,0.781723352559821,0.6274043375030535,0.9360423676165884,1.0,0.6512929632902014,1,0.5,0.752751049506348,0.9334075356033389,False,236,59
afatinib,elastic_net,4,ACH-000946,uterus,0.8578682842857631,0.7276435004946159,0.5733244854378484,0.8819625155513834,,0.7250164465426299,1,0.5,0.752751049506348,0.9334075356033389,False,236,59
afatinib,elastic_net,4,ACH-000332,pancreas,0.6445332299666273,0.802586905377079,0.6482678903203115,0.9569059204338465,1.0,0.686976737476613,1,0.5,0.752751049506348,0.9334075356033389,False,236,59
afatinib,elastic_net,4,ACH-000019,breast,0.869460781605081,0.822048661448385,0.6677296463916175,0.9763676765051524,,0.2711047864562626,0,0.5,0.752751049506348,0.9334075356033389,False,236,59
afatinib,elastic_net,4,ACH-000805,skin,0.8799473455223661,0.876345730442149,0.7220267153853815,1.0306647454989166,,0.2506121529790476,0,0.5,0.752751049506348,0.9334075356033389,False,236,59
afatinib,elastic_net,4,ACH-000643,breast,0.5251588266976721,0.8247779530308946,0.6704589379741271,0.9790969680876621,1.0,0.7292295613863915,1,0.5,0.752751049506348,0.9334075356033389,False,236,59
afatinib,elastic_net,4,ACH-000896,bladder/urinary tract,0.74673608977914,0.735443018509223,0.5811240034524555,0.8897620335659905,1.0,0.7181811253725846,1,0.5,0.752751049506348,0.9334075356033389,False,236,59
afatinib,elastic_net,4,ACH-000945,lung,0.895213453329704,0.9694648299048922,0.8151458148481248,1.1237838449616597,,0.24775887055899068,0,0.5,0.752751049506348,0.9334075356033389,False,236,59
afatinib,elastic_net,4,ACH-000532,bowel,0.5894279937653182,0.7701210070919544,0.6158019920351869,0.9244400221487219,1.0,0.7104669636413403,1,0.5,0.752751049506348,0.9334075356033389,False,236,59
afatinib,elastic_net,4,ACH-000901,lung,0.9765332320425659,0.9700992035348219,0.8157801884780544,1.1244182185915894,0.0,0.2906694051954056,0,0.5,0.752751049506348,0.9334075356033389,False,236,59
afatinib,elastic_net,4,ACH-000318,esophagus/stomach,0.655149439807693,0.7594593652016143,0.6051403501448468,0.9137783802583818,1.0,0.7307163233315142,1,0.5,0.752751049506348,0.9334075356033389,False,236,59
afatinib,elastic_net,4,ACH-000924,lung,0.9644097081489488,0.9280650582738353,0.7737460432170679,1.0823840733306027,0.0,0.2520242312859415,0,0.5,0.752751049506348,0.9334075356033389,False,236,59
afatinib,elastic_net,4,ACH-000599,pancreas,0.857566681416144,0.77412311570415,0.6198041006473826,0.9284421307609175,,0.6830521585463554,1,0.5,0.752751049506348,0.9334075356033389,False,236,59
afatinib,elastic_net,4,ACH-000139,pancreas,0.6118630049509077,0.750773962493063,0.5964549474362956,0.9050929775498305,1.0,0.7195963920753422,1,0.5,0.752751049506348,0.9334075356033389,False,236,59
afatinib,elastic_net,4,ACH-000486,bladder/urinary tract,0.9185168150763161,0.7191116911491139,0.5647926760923464,0.8734307062058814,,0.708045102789282,1,0.5,0.752751049506348,0.9334075356033389,False,236,59
afatinib,elastic_net,4,ACH-000679,esophagus/stomach,0.5224895547470806,0.6802091640168937,0.5258901489601262,0.8345281790736612,1.0,0.7191537889584747,1,0.5,0.752751049506348,0.9334075356033389,False,236,59
afatinib,elastic_net,4,ACH-000955,bowel,0.7546245020275602,0.7358279908508455,0.581508975794078,0.890147005907613,,0.7304129723512283,1,0.5,0.752751049506348,0.9334075356033389,False,236,59
afatinib,elastic_net,4,ACH-000756,cns/brain,0.9592404357346352,0.909783240786663,0.7554642257298955,1.0641022558434305,0.0,0.24984299744702743,0,0.5,0.752751049506348,0.9334075356033389,False,236,59
afatinib,elastic_net,4,ACH-000132,ovary/fallopian tube,0.9074175173788352,0.7523532508246891,0.5980342357679216,0.9066722658814566,,0.5898800916539456,1,0.5,0.752751049506348,0.9334075356033389,False,236,59
afatinib,elastic_net,4,ACH-000988,uterus,0.758509166560333,0.7434979494415508,0.5891789343847833,0.8978169644983183,,0.7231356394621784,1,0.5,0.752751049506348,0.9334075356033389,False,236,59
afatinib,elastic_net,4,ACH-000504,cns/brain,0.9229232372683183,0.985283670427455,0.8309646553706875,1.1396026854842225,,0.24743992606008067,0,0.5,0.752751049506348,0.9334075356033389,False,236,59
afatinib,elastic_net,4,ACH-000956,prostate,0.7530853549009999,0.7975435019917815,0.643224486935014,0.951862517048549,,0.4813678517739359,0,0.5,0.752751049506348,0.9334075356033389,False,236,59
afatinib,elastic_net,4,ACH-000572,skin,0.890112427984627,0.8789766248009399,0.7246576097441724,1.0332956398577073,,0.25807304224961225,0,0.5,0.752751049506348,0.9334075356033389,False,236,59
afatinib,elastic_net,4,ACH-000950,bowel,0.6617295070589441,0.791667894871721,0.6373488798149535,0.9459869099284884,1.0,0.6743677884756331,1,0.5,0.752751049506348,0.9334075356033389,False,236,59
afatinib,elastic_net,4,ACH-000086,pleura,0.9287889045328984,0.9334107421653347,0.7790917271085672,1.0877297572221023,,0.2536914479240426,0,0.5,0.752751049506348,0.9334075356033389,False,236,59
afatinib,elastic_net,4,ACH-000142,bladder/urinary tract,0.6620530629328932,0.7375813326214335,0.5832623175646661,0.891900347678201,1.0,0.7263581161989356,1,0.5,0.752751049506348,0.9334075356033389,False,236,59
afatinib,elastic_net,4,ACH-000060,pancreas,0.8173689732233729,0.7514233795640735,0.597104364507306,0.9057423946208409,,0.6918147253868928,1,0.5,0.752751049506348,0.9334075356033389,False,236,59
afatinib,elastic_net,4,ACH-000762,head and neck,0.4600707823678194,0.6975976339132659,0.5432786188564984,0.8519166489700334,1.0,0.7302939261104716,1,0.5,0.752751049506348,0.9334075356033389,False,236,59
afatinib,elastic_net,4,ACH-000768,breast,0.8941902301800995,0.9327604105713853,0.7784413955146178,1.0870794256281529,,0.248356373844883,0,0.5,0.752751049506348,0.9334075356033389,False,236,59
afatinib,elastic_net,4,ACH-000527,ovary/fallopian tube,0.8209378005583332,0.7489704221625201,0.5946514071057526,0.9032894372192876,,0.7290541113771171,1,0.5,0.752751049506348,0.9334075356033389,False,236,59
afatinib,elastic_net,4,ACH-000278,ovary/fallopian tube,0.8015214942597786,0.8612554548110108,0.7069364397542434,1.0155744698677784,,0.3334631416632046,0,0.5,0.752751049506348,0.9334075356033389,False,236,59
afatinib,elastic_net,4,ACH-000696,ovary/fallopian tube,0.9333308765121444,0.8793327269275927,0.7250137118708252,1.03365174198436,,0.2880315735549017,0,0.5,0.752751049506348,0.9334075356033389,False,236,59
afatinib,elastic_net,4,ACH-000839,bladder/urinary tract,0.6075156318798749,0.7639814069527684,0.6096623918960009,0.9183004220095359,1.0,0.7281656036104844,1,0.5,0.752751049506348,0.9334075356033389,False,236,59
afatinib,elastic_net,4,ACH-000323,cns/brain,0.9877927188651864,0.91881608465237,0.7644970695956025,1.0731350997091376,0.0,0.24748674691186054,0,0.5,0.752751049506348,0.9334075356033389,False,236,59
afatinib,elastic_net,4,ACH-000021,lung,0.7584625271132509,0.811369058086712,0.6570500430299445,0.9656880731434795,,0.5832769114590687,1,0.5,0.752751049506348,0.9334075356033389,False,236,59
afatinib,elastic_net,4,ACH-000573,breast,0.928223201944991,0.9074159710298404,0.7530969559730729,1.0617349860866079,,0.36585121561873113,0,0.5,0.752751049506348,0.9334075356033389,False,236,59
afatinib,elastic_net,4,ACH-000343,lung,0.7670346416743954,0.8666629208358174,0.7123439057790499,1.020981935892585,,0.2896276718926806,0,0.5,0.752751049506348,0.9334075356033389,False,236,59
afatinib,elastic_net,4,ACH-001306,thyroid,0.9222555759098519,0.910801589183708,0.7564825741269405,1.0651206042404755,,0.2535933752266044,0,0.5,0.752751049506348,0.9334075356033389,False,236,59
afatinib,elastic_net,4,ACH-000011,bladder/urinary tract,0.612342274899146,0.8401790186801467,0.6858600036233792,0.9944980337369141,1.0,0.6739064664600729,1,0.5,0.752751049506348,0.9334075356033389,False,236,59
afatinib,elastic_net,4,ACH-000810,skin,0.9630545477937493,0.9306335626326803,0.7763145475759128,1.0849525776894478,0.0,0.26346882148346207,0,0.5,0.752751049506348,0.9334075356033389,False,236,59
afatinib,elastic_net,4,ACH-000738,cns/brain,0.952558781601708,0.8738035610785754,0.7194845460218079,1.0281225761353427,0.0,0.2510618119712567,0,0.5,0.752751049506348,0.9334075356033389,False,236,59
afatinib,elastic_net,4,ACH-000647,esophagus/stomach,0.8503907564879856,0.7779679312138644,0.6236489161570969,0.9322869462706319,,0.6876735066506456,1,0.5,0.752751049506348,0.9334075356033389,False,236,59
afatinib,elastic_net,4,ACH-000913,uterus,0.9137969464998745,0.900704763050138,0.7463857479933705,1.0550237781069054,,0.27137692327488877,0,0.5,0.752751049506348,0.9334075356033389,False,236,59
afatinib,elastic_net,4,ACH-000915,skin,0.9365188521117016,0.9834451860563034,0.8291261709995359,1.1377642011130709,0.0,0.2467657573623315,0,0.5,0.752751049506348,0.9334075356033389,False,236,59
afatinib,elastic_net,4,ACH-000292,lung,0.8107116515204659,0.861334537564657,0.7070155225078896,1.0156535526214245,,0.6232792617624443,1,0.5,0.752751049506348,0.9334075356033389,False,236,59
afatinib,elastic_net,4,ACH-000308,ovary/fallopian tube,0.8861438302882848,0.8427998420911726,0.6884808270344052,0.9971188571479401,,0.6694574268433469,1,0.5,0.752751049506348,0.9334075356033389,False,236,59
afatinib,elastic_net,4,ACH-000651,bowel,0.93761753592503,0.879560521052349,0.7252415059955816,1.0338795361091164,0.0,0.3653763735040305,0,0.5,0.752751049506348,0.9334075356033389,False,236,59
afatinib,elastic_net,4,ACH-000192,uterus,0.5655339272888346,0.7905442171439159,0.6362252020871484,0.9448632322006834,1.0,0.7262478443059919,1,0.5,0.752751049506348,0.9334075356033389,False,236,59
afatinib,elastic_net,4,ACH-000630,head and neck,0.9538431055462147,0.8556237696469499,0.7013047545901824,1.0099427847037172,0.0,0.32887969678751433,0,0.5,0.752751049506348,0.9334075356033389,False,236,59
afatinib,elastic_net,4,ACH-000624,breast,0.8273465780417022,0.754937787549204,0.6006187724924366,0.9092568026059715,,0.7225035689222383,1,0.5,0.752751049506348,0.9334075356033389,False,236,59
afatinib,elastic_net,4,ACH-000319,pleura,1.3738017970105,0.9519148804715063,0.7975958654147388,1.1062338955282738,0.0,0.30381654447530665,0,0.5,0.752751049506348,0.9334075356033389,False,236,59
afatinib,elastic_net,4,ACH-000457,kidney,1.16703599174644,0.8258658241768861,0.6715468091201187,0.9801848392336536,0.0,0.512209449210636,1,0.5,0.752751049506348,0.9334075356033389,False,236,59
afatinib,elastic_net,4,ACH-000401,skin,0.8772112939576255,0.917672901219903,0.7633538861631355,1.0719919162766705,,0.2534543342857868,0,0.5,0.752751049506348,0.9334075356033389,False,236,59
afatinib,elastic_net,4,ACH-000593,bladder/urinary tract,0.9267782539122082,0.8209670014910463,0.6666479864342788,0.9752860165478138,,0.6494368247161009,1,0.5,0.752751049506348,0.9334075356033389,False,236,59
afatinib,elastic_net,4,ACH-000182,ampulla of vater,0.8446932273333578,0.833761782273199,0.6794427672164315,0.9880807973299665,,0.6774588598719631,1,0.5,0.752751049506348,0.9334075356033389,False,236,59
afatinib,elastic_net,4,ACH-000841,lung,0.8543765641432584,0.773409932071627,0.6190909170148595,0.9277289471283945,,0.7204275730460468,1,0.5,0.752751049506348,0.9334075356033389,False,236,59
afatinib,elastic_net,4,ACH-000948,esophagus/stomach,0.9754211111989596,0.7167132509399491,0.5623942358831816,0.8710322659967166,0.0,0.7246797664850818,1,0.5,0.752751049506348,0.9334075356033389,False,236,59
afatinib,elastic_net,4,ACH-000496,lung,0.945315285683362,0.9169348273679236,0.7626158123111562,1.0712538424246911,0.0,0.2647839974447088,0,0.5,0.752751049506348,0.9334075356033389,False,236,59
afatinib,elastic_net,4,ACH-000939,uterus,0.7356904777234735,0.9392606382315906,0.7849416231748231,1.0935796532883582,1.0,0.30739845109525693,0,0.5,0.752751049506348,0.9334075356033389,False,236,59
afatinib,elastic_net,4,ACH-000307,pancreas,0.8178116397331996,0.6666956608780708,0.5123766458213033,0.8210146759348382,,0.7299715833529478,1,0.5,0.752751049506348,0.9334075356033389,False,236,59
afatinib,elastic_net,4,ACH-000595,cns/brain,0.9326751530237267,0.9096308640191979,0.7553118489624304,1.0639498790759654,,0.24820674531939105,0,0.5,0.752751049506348,0.9334075356033389,False,236,59
afatinib,elastic_net,4,ACH-000771,head and neck,0.47486471437966954,0.7250801910199338,0.5707611759631663,0.8793992060767013,1.0,0.7294979350354505,1,0.5,0.752751049506348,0.9334075356033389,False,236,59
afatinib,elastic_net,4,ACH-000959,bowel,0.6721652585263639,0.7735247944937514,0.619205779436984,0.9278438095505189,1.0,0.6898564136170213,1,0.5,0.752751049506348,0.9334075356033389,False,236,59
afatinib,elastic_net,4,ACH-000097,breast,0.9075321698109904,0.8286175837467972,0.6742985686900297,0.9829365988035647,,0.39704825875270056,0,0.5,0.752751049506348,0.9334075356033389,False,236,59
afatinib,elastic_net,4,ACH-000579,skin,1.3911539073426313,0.9394266203932087,0.7851076053364412,1.0937456354499762,0.0,0.2540654985986961,0,0.5,0.752751049506348,0.9334075356033389,False,236,59
afatinib,elastic_net,4,ACH-000900,lung,0.8554392719653803,0.8910733533954336,0.7367543383386661,1.045392368452201,,0.4823039529403107,0,0.5,0.752751049506348,0.9334075356033389,False,236,59
afatinib,elastic_net,4,ACH-000666,lung,0.9380444685557605,0.9138660267203784,0.7595470116636109,1.068185041777146,0.0,0.6069426869337048,1,0.5,0.752751049506348,0.9334075356033389,False,236,59
afatinib,elastic_net,4,ACH-000968,skin,0.936363131726761,0.8957397854036416,0.7414207703468741,1.050058800460409,0.0,0.2660694658794346,0,0.5,0.752751049506348,0.9334075356033389,False,236,59
afatinib,elastic_net,4,ACH-000750,skin,0.8963099473839182,0.9582317015321962,0.8039126864754287,1.1125507165889637,,0.25416557397703143,0,0.5,0.752751049506348,0.9334075356033389,False,236,59
afatinib,xgboost,4,ACH-000528,lung,0.9008551581291325,0.7356549501419067,0.5588474906274304,0.912462409656383,,0.7622221990948806,1,0.5,0.752751049506348,0.9334075356033389,False,236,59
afatinib,xgboost,4,ACH-000351,esophagus/stomach,0.7939151104207197,0.9085577726364136,0.7317503131219373,1.08536523215089,,0.44075874422949657,0,0.5,0.752751049506348,0.9334075356033389,False,236,59
afatinib,xgboost,4,ACH-000008,skin,0.9265436065142618,0.9642652869224548,0.7874578274079785,1.1410727464369312,,0.25435209896362154,0,0.5,0.752751049506348,0.9334075356033389,False,236,59
afatinib,xgboost,4,ACH-000856,breast,0.8940264256078021,0.7922701835632324,0.6154627240487561,0.9690776430777087,,0.587969636439364,1,0.5,0.752751049506348,0.9334075356033389,False,236,59
afatinib,xgboost,4,ACH-000035,lung,0.7463821020905265,0.7255924940109253,0.548785034496449,0.9023999535254016,1.0,0.6820843889602852,1,0.5,0.752751049506348,0.9334075356033389,False,236,59
afatinib,xgboost,4,ACH-000946,uterus,0.8578682842857631,0.6441888213157654,0.4673813618012891,0.8209962808302417,,0.7544670824898695,1,0.5,0.752751049506348,0.9334075356033389,False,236,59
afatinib,xgboost,4,ACH-000332,pancreas,0.6445332299666273,0.8185364603996277,0.6417290008851514,0.995343919914104,1.0,0.7504033086254979,1,0.5,0.752751049506348,0.9334075356033389,False,236,59
afatinib,xgboost,4,ACH-000019,breast,0.869460781605081,0.743798553943634,0.5669910944291577,0.9206060134581103,,0.511793768870315,1,0.5,0.752751049506348,0.9334075356033389,False,236,59
afatinib,xgboost,4,ACH-000805,skin,0.8799473455223661,0.8711927533149719,0.6943852938004956,1.0480002128294483,,0.29935286615716233,0,0.5,0.752751049506348,0.9334075356033389,False,236,59
afatinib,xgboost,4,ACH-000643,breast,0.5251588266976721,0.7855158448219299,0.6087083853074536,0.9623233043364062,1.0,0.7393138503732581,1,0.5,0.752751049506348,0.9334075356033389,False,236,59
afatinib,xgboost,4,ACH-000896,bladder/urinary tract,0.74673608977914,0.6812058687210083,0.504398409206532,0.8580133282354846,1.0,0.627646551669332,1,0.5,0.752751049506348,0.9334075356033389,False,236,59
afatinib,xgboost,4,ACH-000945,lung,0.895213453329704,0.9827319979667664,0.8059245384522901,1.1595394574812428,,0.27727203434007525,0,0.5,0.752751049506348,0.9334075356033389,False,236,59
afatinib,xgboost,4,ACH-000532,bowel,0.5894279937653182,0.8399124145507812,0.663104955036305,1.0167198740652577,1.0,0.7543190115860382,1,0.5,0.752751049506348,0.9334075356033389,False,236,59
afatinib,xgboost,4,ACH-000901,lung,0.9765332320425659,0.979971706867218,0.8031642473527417,1.1567791663816944,0.0,0.26664407129560136,0,0.5,0.752751049506348,0.9334075356033389,False,236,59
afatinib,xgboost,4,ACH-000318,esophagus/stomach,0.655149439807693,0.6957570314407349,0.5189495719262586,0.8725644909552112,1.0,0.7448176387929046,1,0.5,0.752751049506348,0.9334075356033389,False,236,59
afatinib,xgboost,4,ACH-000924,lung,0.9644097081489488,0.9733300805091858,0.7965226209947095,1.1501375400236622,0.0,0.286855596914329,0,0.5,0.752751049506348,0.9334075356033389,False,236,59
afatinib,xgboost,4,ACH-000599,pancreas,0.857566681416144,0.8336119055747986,0.6568044460603223,1.010419365089275,,0.7015989246418465,1,0.5,0.752751049506348,0.9334075356033389,False,236,59
afatinib,xgboost,4,ACH-000139,pancreas,0.6118630049509077,0.791845977306366,0.6150385177918897,0.9686534368208423,1.0,0.6828013205599003,1,0.5,0.752751049506348,0.9334075356033389,False,236,59
afatinib,xgboost,4,ACH-000486,bladder/urinary tract,0.9185168150763161,0.7083442211151123,0.531536761600636,0.8851516806295886,,0.6901443261457394,1,0.5,0.752751049506348,0.9334075356033389,False,236,59
afatinib,xgboost,4,ACH-000679,esophagus/stomach,0.5224895547470806,0.7555451393127441,0.5787376797982678,0.9323525988272204,1.0,0.5546401184668068,1,0.5,0.752751049506348,0.9334075356033389,False,236,59
afatinib,xgboost,4,ACH-000955,bowel,0.7546245020275602,0.7250837683677673,0.548276308853291,0.9018912278822436,,0.737351619668716,1,0.5,0.752751049506348,0.9334075356033389,False,236,59
afatinib,xgboost,4,ACH-000756,cns/brain,0.9592404357346352,0.9241436123847961,0.7473361528703198,1.1009510718992725,0.0,0.27653869859497837,0,0.5,0.752751049506348,0.9334075356033389,False,236,59
afatinib,xgboost,4,ACH-000132,ovary/fallopian tube,0.9074175173788352,0.7895565629005432,0.6127491033860669,0.9663640224150195,,0.7257236212233644,1,0.5,0.752751049506348,0.9334075356033389,False,236,59
afatinib,xgboost,4,ACH-000988,uterus,0.758509166560333,0.6925839185714722,0.5157764590569959,0.8693913780859485,,0.6777796609442037,1,0.5,0.752751049506348,0.9334075356033389,False,236,59
afatinib,xgboost,4,ACH-000504,cns/brain,0.9229232372683183,0.9203503131866455,0.7435428536721692,1.097157772701122,,0.27210032070416096,0,0.5,0.752751049506348,0.9334075356033389,False,236,59
afatinib,xgboost,4,ACH-000956,prostate,0.7530853549009999,0.8466979265213013,0.669890467006825,1.0235053860357777,,0.5212434252821776,1,0.5,0.752751049506348,0.9334075356033389,False,236,59
afatinib,xgboost,4,ACH-000572,skin,0.890112427984627,0.9459013342857361,0.7690938747712598,1.1227087938002125,,0.29926306994652563,0,0.5,0.752751049506348,0.9334075356033389,False,236,59
afatinib,xgboost,4,ACH-000950,bowel,0.6617295070589441,0.7564206719398499,0.5796132124253736,0.9332281314543261,1.0,0.7202215737824186,1,0.5,0.752751049506348,0.9334075356033389,False,236,59
afatinib,xgboost,4,ACH-000086,pleura,0.9287889045328984,0.9097287654876709,0.7329213059731946,1.0865362250021473,,0.27942617698451355,0,0.5,0.752751049506348,0.9334075356033389,False,236,59
afatinib,xgboost,4,ACH-000142,bladder/urinary tract,0.6620530629328932,0.6247038841247559,0.44789642461027956,0.8015113436392322,1.0,0.7592546251341812,1,0.5,0.752751049506348,0.9334075356033389,False,236,59
afatinib,xgboost,4,ACH-000060,pancreas,0.8173689732233729,0.7146033644676208,0.5377959049531446,0.8914108239820971,,0.7158613475909543,1,0.5,0.752751049506348,0.9334075356033389,False,236,59
afatinib,xgboost,4,ACH-000762,head and neck,0.4600707823678194,0.6107017397880554,0.4338942802735791,0.7875091993025317,1.0,0.763454703625008,1,0.5,0.752751049506348,0.9334075356033389,False,236,59
afatinib,xgboost,4,ACH-000768,breast,0.8941902301800995,0.9560819268226624,0.7792744673081861,1.1328893863371388,,0.24731459928241117,0,0.5,0.752751049506348,0.9334075356033389,False,236,59
afatinib,xgboost,4,ACH-000527,ovary/fallopian tube,0.8209378005583332,0.732694685459137,0.5558872259446607,0.9095021449736133,,0.7354884955919111,1,0.5,0.752751049506348,0.9334075356033389,False,236,59
afatinib,xgboost,4,ACH-000278,ovary/fallopian tube,0.8015214942597786,0.8421964049339294,0.6653889454194531,1.0190038644484058,,0.5009010104517405,1,0.5,0.752751049506348,0.9334075356033389,False,236,59
afatinib,xgboost,4,ACH-000696,ovary/fallopian tube,0.9333308765121444,0.8952718377113342,0.7184643781968579,1.0720792972258106,,0.3763299096932057,0,0.5,0.752751049506348,0.9334075356033389,False,236,59
afatinib,xgboost,4,ACH-000839,bladder/urinary tract,0.6075156318798749,0.7196031212806702,0.5427956617661939,0.8964105807951465,1.0,0.7418321943986123,1,0.5,0.752751049506348,0.9334075356033389,False,236,59
afatinib,xgboost,4,ACH-000323,cns/brain,0.9877927188651864,0.9539127349853516,0.7771052754708753,1.130720194499828,0.0,0.2528191671242565,0,0.5,0.752751049506348,0.9334075356033389,False,236,59
afatinib,xgboost,4,ACH-000021,lung,0.7584625271132509,0.8224911689758301,0.6456837094613538,0.9992986284903064,,0.7063270008000138,1,0.5,0.752751049506348,0.9334075356033389,False,236,59
afatinib,xgboost,4,ACH-000573,breast,0.928223201944991,0.932299017906189,0.7554915583917127,1.1091064774206654,,0.27670936230844884,0,0.5,0.752751049506348,0.9334075356033389,False,236,59
afatinib,xgboost,4,ACH-000343,lung,0.7670346416743954,0.8645956516265869,0.6877881921121106,1.0414031111410633,,0.36292112755425,0,0.5,0.752751049506348,0.9334075356033389,False,236,59
afatinib,xgboost,4,ACH-001306,thyroid,0.9222555759098519,0.9408304691314697,0.7640230096169934,1.1176379286459461,,0.2557106386085315,0,0.5,0.752751049506348,0.9334075356033389,False,236,59
afatinib,xgboost,4,ACH-000011,bladder/urinary tract,0.612342274899146,0.8387191295623779,0.6619116700479016,1.0155265890768543,1.0,0.54853586729211,1,0.5,0.752751049506348,0.9334075356033389,False,236,59
afatinib,xgboost,4,ACH-000810,skin,0.9630545477937493,0.8785045146942139,0.7016970551797376,1.0553119742086903,0.0,0.2963760693253552,0,0.5,0.752751049506348,0.9334075356033389,False,236,59
afatinib,xgboost,4,ACH-000738,cns/brain,0.952558781601708,0.9268556237220764,0.7500481642076001,1.1036630832365528,0.0,0.2666739210511925,0,0.5,0.752751049506348,0.9334075356033389,False,236,59
afatinib,xgboost,4,ACH-000647,esophagus/stomach,0.8503907564879856,0.7382777333259583,0.561470273811482,0.9150851928404345,,0.5316673642053896,1,0.5,0.752751049506348,0.9334075356033389,False,236,59
afatinib,xgboost,4,ACH-000913,uterus,0.9137969464998745,0.932104766368866,0.7552973068543897,1.1089122258833424,,0.3693295969181398,0,0.5,0.752751049506348,0.9334075356033389,False,236,59
afatinib,xgboost,4,ACH-000915,skin,0.9365188521117016,0.9431487321853638,0.7663412726708875,1.1199561916998402,0.0,0.29015361263652295,0,0.5,0.752751049506348,0.9334075356033389,False,236,59
afatinib,xgboost,4,ACH-000292,lung,0.8107116515204659,0.8603354096412659,0.6835279501267896,1.0371428691557423,,0.3985554767348122,0,0.5,0.752751049506348,0.9334075356033389,False,236,59
afatinib,xgboost,4,ACH-000308,ovary/fallopian tube,0.8861438302882848,0.8764382600784302,0.6996308005639539,1.0532457195929066,,0.43037496196037817,0,0.5,0.752751049506348,0.9334075356033389,False,236,59
afatinib,xgboost,4,ACH-000651,bowel,0.93761753592503,0.8653265237808228,0.6885190642663465,1.0421339832952992,0.0,0.3991492404767944,0,0.5,0.752751049506348,0.9334075356033389,False,236,59
afatinib,xgboost,4,ACH-000192,uterus,0.5655339272888346,0.7800791263580322,0.6032716668435559,0.9568865858725085,1.0,0.6137027144710633,1,0.5,0.752751049506348,0.9334075356033389,False,236,59
afatinib,xgboost,4,ACH-000630,head and neck,0.9538431055462147,0.8467168807983398,0.6699094212838635,1.0235243403128162,0.0,0.47629746030972603,0,0.5,0.752751049506348,0.9334075356033389,False,236,59
afatinib,xgboost,4,ACH-000624,breast,0.8273465780417022,0.820734441280365,0.6439269817658887,0.9975419007948413,,0.7408345971851902,1,0.5,0.752751049506348,0.9334075356033389,False,236,59
afatinib,xgboost,4,ACH-000319,pleura,1.3738017970105,0.908711850643158,0.7319043911286817,1.0855193101576344,0.0,0.2889706257137169,0,0.5,0.752751049506348,0.9334075356033389,False,236,59
afatinib,xgboost,4,ACH-000457,kidney,1.16703599174644,0.8245609402656555,0.6477534807511792,1.001368399780132,0.0,0.5466825201665666,1,0.5,0.752751049506348,0.9334075356033389,False,236,59
afatinib,xgboost,4,ACH-000401,skin,0.8772112939576255,0.9279245734214783,0.751117113907002,1.1047320329359547,,0.2667278557671253,0,0.5,0.752751049506348,0.9334075356033389,False,236,59
afatinib,xgboost,4,ACH-000593,bladder/urinary tract,0.9267782539122082,0.8486868739128113,0.671879414398335,1.0254943334272877,,0.5243377617692192,1,0.5,0.752751049506348,0.9334075356033389,False,236,59
afatinib,xgboost,4,ACH-000182,ampulla of vater,0.8446932273333578,0.8006078004837036,0.6238003409692273,0.9774152599981799,,0.7210885214119915,1,0.5,0.752751049506348,0.9334075356033389,False,236,59
afatinib,xgboost,4,ACH-000841,lung,0.8543765641432584,0.8025897741317749,0.6257823146172986,0.9793972336462512,,0.7562158498551399,1,0.5,0.752751049506348,0.9334075356033389,False,236,59
afatinib,xgboost,4,ACH-000948,esophagus/stomach,0.9754211111989596,0.7630881071090698,0.5862806475945935,0.9398955666235461,0.0,0.7444619835221082,1,0.5,0.752751049506348,0.9334075356033389,False,236,59
afatinib,xgboost,4,ACH-000496,lung,0.945315285683362,0.88615882396698,0.7093513644525037,1.0629662834814564,0.0,0.3103903887406736,0,0.5,0.752751049506348,0.9334075356033389,False,236,59
afatinib,xgboost,4,ACH-000939,uterus,0.7356904777234735,0.9025014042854309,0.7256939447709546,1.0793088637999073,1.0,0.2893325803090739,0,0.5,0.752751049506348,0.9334075356033389,False,236,59
afatinib,xgboost,4,ACH-000307,pancreas,0.8178116397331996,0.6816489696502686,0.5048415101357923,0.8584564291647448,,0.7584049324183,1,0.5,0.752751049506348,0.9334075356033389,False,236,59
afatinib,xgboost,4,ACH-000595,cns/brain,0.9326751530237267,0.9199150800704956,0.7431076205560193,1.096722539584972,,0.26992442080918405,0,0.5,0.752751049506348,0.9334075356033389,False,236,59
afatinib,xgboost,4,ACH-000771,head and neck,0.47486471437966954,0.7581466436386108,0.5813391841241345,0.9349541031530871,1.0,0.7454085768609418,1,0.5,0.752751049506348,0.9334075356033389,False,236,59
afatinib,xgboost,4,ACH-000959,bowel,0.6721652585263639,0.7682292461395264,0.5914217866250501,0.9450367056540027,1.0,0.7052566492319385,1,0.5,0.752751049506348,0.9334075356033389,False,236,59
afatinib,xgboost,4,ACH-000097,breast,0.9075321698109904,0.7945833206176758,0.6177758611031995,0.9713907801321521,,0.39239260365413653,0,0.5,0.752751049506348,0.9334075356033389,False,236,59
afatinib,xgboost,4,ACH-000579,skin,1.3911539073426313,0.9179320931434631,0.7411246336289868,1.0947395526579395,0.0,0.29760273889545297,0,0.5,0.752751049506348,0.9334075356033389,False,236,59
afatinib,xgboost,4,ACH-000900,lung,0.8554392719653803,0.8115702271461487,0.6347627676316724,0.988377686660625,,0.3579609712203185,0,0.5,0.752751049506348,0.9334075356033389,False,236,59
afatinib,xgboost,4,ACH-000666,lung,0.9380444685557605,0.9376646280288696,0.7608571685143933,1.114472087543346,0.0,0.5360533978100605,1,0.5,0.752751049506348,0.9334075356033389,False,236,59
afatinib,xgboost,4,ACH-000968,skin,0.936363131726761,0.9262769818305969,0.7494695223161206,1.1030844413450733,0.0,0.31588319284521355,0,0.5,0.752751049506348,0.9334075356033389,False,236,59
afatinib,xgboost,4,ACH-000750,skin,0.8963099473839182,0.8811810612678528,0.7043736017533765,1.0579885207823292,,0.2727304446861147,0,0.5,0.752751049506348,0.9334075356033389,False,236,59
afatinib,lineage,5,ACH-000421,bowel,0.724211042162139,0.772824037673367,0.4974124278364498,1.0482356475102843,1.0,0.5606933951346641,1,0.5,0.754188920825374,0.9326692482329378,False,236,59
afatinib,lineage,5,ACH-000587,lung,0.8229100690346791,0.8463942897376924,0.5709826799007751,1.1218058995746096,,0.49222075711627283,0,0.5,0.754188920825374,0.9326692482329378,False,236,59
afatinib,lineage,5,ACH-000627,lung,0.9234791978381344,0.8463942897376924,0.5709826799007751,1.1218058995746096,,0.49222075711627283,0,0.5,0.754188920825374,0.9326692482329378,False,236,59
afatinib,lineage,5,ACH-000276,breast,0.7446475711219246,0.8363452580741457,0.5609336482372285,1.111756867911063,1.0,0.4889924168789388,0,0.5,0.754188920825374,0.9326692482329378,False,236,59
afatinib,lineage,5,ACH-000941,uterus,0.7709077075259394,0.7785335749169913,0.503121965080074,1.0539451847539085,,0.5431533245575179,1,0.5,0.754188920825374,0.9326692482329378,False,236,59
afatinib,lineage,5,ACH-000880,esophagus/stomach,0.744485197249643,0.7610164052470979,0.48560479541018065,1.0364280150840153,1.0,0.5659912074273146,1,0.5,0.754188920825374,0.9326692482329378,False,236,59
afatinib,lineage,5,ACH-000552,bowel,0.9364791718072095,0.772824037673367,0.4974124278364498,1.0482356475102843,0.0,0.5606933951346641,1,0.5,0.754188920825374,0.9326692482329378,False,236,59
afatinib,lineage,5,ACH-000222,pancreas,0.8681503624030273,0.872723630604443,0.5973120207675258,1.1481352404413603,,0.4764476998255782,0,0.5,0.754188920825374,0.9326692482329378,False,236,59
afatinib,lineage,5,ACH-000260,peripheral nervous system,0.9300222477242313,0.894456578566439,0.6190449687295217,1.1698681884033562,,0.4825611682195858,0,0.5,0.754188920825374,0.9326692482329378,False,236,59
afatinib,lineage,5,ACH-000848,liver,0.9282349224176121,0.8729688736362792,0.5975572637993619,1.1483804834731965,,0.4722672799847488,0,0.5,0.754188920825374,0.9326692482329378,False,236,59
afatinib,lineage,5,ACH-000331,pleura,0.9713139955436054,0.8384376759446561,0.5630260661077389,1.1138492857815734,0.0,0.5165808536485105,1,0.5,0.754188920825374,0.9326692482329378,False,236,59
afatinib,lineage,5,ACH-000429,kidney,1.0942199157144459,0.9506793570177878,0.6752677471808706,1.226090966854705,0.0,0.4081399128294822,0,0.5,0.754188920825374,0.9326692482329378,False,236,59
afatinib,lineage,5,ACH-000012,lung,0.2528816465819498,0.8463942897376924,0.5709826799007751,1.1218058995746096,1.0,0.49222075711627283,0,0.5,0.754188920825374,0.9326692482329378,False,236,59
afatinib,lineage,5,ACH-000231,cns/brain,1.0905042484229743,0.9288965003880335,0.6534848905511162,1.2043081102249507,0.0,0.3941642787289537,0,0.5,0.754188920825374,0.9326692482329378,False,236,59
afatinib,lineage,5,ACH-000662,lung,0.9445079458093928,0.8463942897376924,0.5709826799007751,1.1218058995746096,0.0,0.49222075711627283,0,0.5,0.754188920825374,0.9326692482329378,False,236,59
afatinib,lineage,5,ACH-000324,ovary/fallopian tube,0.5269442138042948,0.8266256917745235,0.5512140819376062,1.1020373016114409,1.0,0.5174045168017878,1,0.5,0.754188920825374,0.9326692482329378,False,236,59
afatinib,lineage,5,ACH-000484,kidney,0.9731326714682695,0.9506793570177878,0.6752677471808706,1.226090966854705,0.0,0.4081399128294822,0,0.5,0.754188920825374,0.9326692482329378,False,236,59
afatinib,lineage,5,ACH-000954,uterus,0.7948175539068495,0.7785335749169913,0.503121965080074,1.0539451847539085,,0.5431533245575179,1,0.5,0.754188920825374,0.9326692482329378,False,236,59
afatinib,lineage,5,ACH-000374,breast,0.8883856275658699,0.8363452580741457,0.5609336482372285,1.111756867911063,,0.4889924168789388,0,0.5,0.754188920825374,0.9326692482329378,False,236,59
afatinib,lineage,5,ACH-000040,cns/brain,0.9183481287495392,0.9288965003880335,0.6534848905511162,1.2043081102249507,,0.3941642787289537,0,0.5,0.754188920825374,0.9326692482329378,False,236,59
afatinib,lineage,5,ACH-000235,pancreas,0.8205536834725246,0.872723630604443,0.5973120207675258,1.1481352404413603,,0.4764476998255782,0,0.5,0.754188920825374,0.9326692482329378,False,236,59
afatinib,lineage,5,ACH-000273,cns/brain,0.8811748327342068,0.9288965003880335,0.6534848905511162,1.2043081102249507,,0.3941642787289537,0,0.5,0.754188920825374,0.9326692482329378,False,236,59
afatinib,lineage,5,ACH-000361,liver,0.8341252758628213,0.8729688736362792,0.5975572637993619,1.1483804834731965,,0.4722672799847488,0,0.5,0.754188920825374,0.9326692482329378,False,236,59
afatinib,lineage,5,ACH-000250,kidney,0.9393156942066696,0.9506793570177878,0.6752677471808706,1.226090966854705,0.0,0.4081399128294822,0,0.5,0.754188920825374,0.9326692482329378,False,236,59
afatinib,lineage,5,ACH-000476,liver,0.7547455965885792,0.8729688736362792,0.5975572637993619,1.1483804834731965,,0.4722672799847488,0,0.5,0.754188920825374,0.9326692482329378,False,236,59
afatinib,lineage,5,ACH-000270,pancreas,0.669622075625465,0.872723630604443,0.5973120207675258,1.1481352404413603,1.0,0.4764476998255782,0,0.5,0.754188920825374,0.9326692482329378,False,236,59
afatinib,lineage,5,ACH-000415,head and neck,0.8735196139149732,0.7179458899708976,0.44253428013398033,0.9933574998078148,,0.5735907030286876,1,0.5,0.754188920825374,0.9326692482329378,False,236,59
afatinib,lineage,5,ACH-000680,bowel,0.9255678316076347,0.772824037673367,0.4974124278364498,1.0482356475102843,,0.5606933951346641,1,0.5,0.754188920825374,0.9326692482329378,False,236,59
afatinib,lineage,5,ACH-000118,pancreas,0.8718758589940309,0.872723630604443,0.5973120207675258,1.1481352404413603,,0.4764476998255782,0,0.5,0.754188920825374,0.9326692482329378,False,236,59
afatinib,lineage,5,ACH-000855,esophagus/stomach,0.8974517117593438,0.7610164052470979,0.48560479541018065,1.0364280150840153,,0.5659912074273146,1,0.5,0.754188920825374,0.9326692482329378,False,236,59
afatinib,lineage,5,ACH-000359,bone,0.9183202519824505,0.8915320745705351,0.6161204647336178,1.1669436844074523,,0.4242254893939218,0,0.5,0.754188920825374,0.9326692482329378,False,236,59
afatinib,lineage,5,ACH-000716,thyroid,0.8796339802527973,0.9295817447802479,0.6541701349433307,1.2049933546171652,,0.4242254893939218,0,0.5,0.754188920825374,0.9326692482329378,False,236,59
afatinib,lineage,5,ACH-000397,uterus,0.887901608739012,0.7785335749169913,0.503121965080074,1.0539451847539085,,0.5431533245575179,1,0.5,0.754188920825374,0.9326692482329378,False,236,59
afatinib,lineage,5,ACH-000724,bladder/urinary tract,0.8892406085156597,0.753556451111318,0.4781448412744007,1.0289680609482352,,0.5677072057054595,1,0.5,0.754188920825374,0.9326692482329378,False,236,59
afatinib,lineage,5,ACH-000826,lung,0.6814005645022045,0.8463942897376924,0.5709826799007751,1.1218058995746096,1.0,0.49222075711627283,0,0.5,0.754188920825374,0.9326692482329378,False,236,59
afatinib,lineage,5,ACH-000092,pleura,1.092215475684558,0.8384376759446561,0.5630260661077389,1.1138492857815734,0.0,0.5165808536485105,1,0.5,0.754188920825374,0.9326692482329378,False,236,59
afatinib,lineage,5,ACH-000589,lung,0.9648460634014613,0.8463942897376924,0.5709826799007751,1.1218058995746096,0.0,0.49222075711627283,0,0.5,0.754188920825374,0.9326692482329378,False,236,59
afatinib,lineage,5,ACH-000809,esophagus/stomach,0.6939016684054318,0.7610164052470979,0.48560479541018065,1.0364280150840153,1.0,0.5659912074273146,1,0.5,0.754188920825374,0.9326692482329378,False,236,59
afatinib,lineage,5,ACH-000927,breast,0.5940767322366212,0.8363452580741457,0.5609336482372285,1.111756867911063,1.0,0.4889924168789388,0,0.5,0.754188920825374,0.9326692482329378,False,236,59
afatinib,lineage,5,ACH-000694,esophagus/stomach,0.624225679918489,0.7610164052470979,0.48560479541018065,1.0364280150840153,1.0,0.5659912074273146,1,0.5,0.754188920825374,0.9326692482329378,False,236,59
afatinib,lineage,5,ACH-000243,pancreas,0.7525708216213374,0.872723630604443,0.5973120207675258,1.1481352404413603,1.0,0.4764476998255782,0,0.5,0.754188920825374,0.9326692482329378,False,236,59
afatinib,lineage,5,ACH-000843,lung,0.6146887845635505,0.8463942897376924,0.5709826799007751,1.1218058995746096,1.0,0.49222075711627283,0,0.5,0.754188920825374,0.9326692482329378,False,236,59
afatinib,lineage,5,ACH-000822,skin,0.945338652612804,0.9515288002624918,0.6761171904255745,1.226940410099409,0.0,0.3856615735093747,0,0.5,0.754188920825374,0.9326692482329378,False,236,59
afatinib,lineage,5,ACH-000279,bone,1.0,0.8915320745705351,0.6161204647336178,1.1669436844074523,0.0,0.4242254893939218,0,0.5,0.754188920825374,0.9326692482329378,False,236,59
afatinib,lineage,5,ACH-000433,kidney,0.6038256918120259,0.9506793570177878,0.6752677471808706,1.226090966854705,1.0,0.4081399128294822,0,0.5,0.754188920825374,0.9326692482329378,False,236,59
afatinib,lineage,5,ACH-000747,lung,0.8775161241619933,0.8463942897376924,0.5709826799007751,1.1218058995746096,,0.49222075711627283,0,0.5,0.754188920825374,0.9326692482329378,False,236,59
afatinib,lineage,5,ACH-000417,pancreas,0.8772745264613545,0.872723630604443,0.5973120207675258,1.1481352404413603,,0.4764476998255782,0,0.5,0.754188920825374,0.9326692482329378,False,236,59
afatinib,lineage,5,ACH-000734,liver,0.4879426616922856,0.8729688736362792,0.5975572637993619,1.1483804834731965,1.0,0.4722672799847488,0,0.5,0.754188920825374,0.9326692482329378,False,236,59
afatinib,lineage,5,ACH-000802,bladder/urinary tract,0.504693995767806,0.753556451111318,0.4781448412744007,1.0289680609482352,1.0,0.5677072057054595,1,0.5,0.754188920825374,0.9326692482329378,False,236,59
afatinib,lineage,5,ACH-000921,lung,0.9505598060894591,0.8463942897376924,0.5709826799007751,1.1218058995746096,0.0,0.49222075711627283,0,0.5,0.754188920825374,0.9326692482329378,False,236,59
afatinib,lineage,5,ACH-000488,esophagus/stomach,0.7507704863433932,0.7610164052470979,0.48560479541018065,1.0364280150840153,1.0,0.5659912074273146,1,0.5,0.754188920825374,0.9326692482329378,False,236,59
afatinib,lineage,5,ACH-000450,skin,0.989949601744886,0.9515288002624918,0.6761171904255745,1.226940410099409,0.0,0.3856615735093747,0,0.5,0.754188920825374,0.9326692482329378,False,236,59
afatinib,lineage,5,ACH-000693,esophagus/stomach,0.8408803120073454,0.7610164052470979,0.48560479541018065,1.0364280150840153,,0.5659912074273146,1,0.5,0.754188920825374,0.9326692482329378,False,236,59
afatinib,lineage,5,ACH-000480,liver,0.8104131302132076,0.8729688736362792,0.5975572637993619,1.1483804834731965,,0.4722672799847488,0,0.5,0.754188920825374,0.9326692482329378,False,236,59
afatinib,lineage,5,ACH-000881,skin,0.8955500455446384,0.9515288002624918,0.6761171904255745,1.226940410099409,,0.3856615735093747,0,0.5,0.754188920825374,0.9326692482329378,False,236,59
afatinib,lineage,5,ACH-000221,liver,0.8093393187271457,0.8729688736362792,0.5975572637993619,1.1483804834731965,,0.4722672799847488,0,0.5,0.754188920825374,0.9326692482329378,False,236,59
afatinib,lineage,5,ACH-000477,skin,1.0,0.9515288002624918,0.6761171904255745,1.226940410099409,0.0,0.3856615735093747,0,0.5,0.754188920825374,0.9326692482329378,False,236,59
afatinib,lineage,5,ACH-000720,bladder/urinary tract,0.9356283025053311,0.753556451111318,0.4781448412744007,1.0289680609482352,0.0,0.5677072057054595,1,0.5,0.754188920825374,0.9326692482329378,False,236,59
afatinib,lineage,5,ACH-000062,lung,0.8652962525947611,0.8463942897376924,0.5709826799007751,1.1218058995746096,,0.49222075711627283,0,0.5,0.754188920825374,0.9326692482329378,False,236,59
afatinib,lineage,5,ACH-000211,cns/brain,0.8374501708000612,0.9288965003880335,0.6534848905511162,1.2043081102249507,,0.3941642787289537,0,0.5,0.754188920825374,0.9326692482329378,False,236,59
afatinib,lineage,5,ACH-000212,breast,1.0,0.8363452580741457,0.5609336482372285,1.111756867911063,0.0,0.4889924168789388,0,0.5,0.754188920825374,0.9326692482329378,False,236,59
afatinib,lineage,5,ACH-000833,soft tissue,0.8991814139010553,0.9268938585762472,0.6514822487393299,1.2023054684131644,,0.4544358262272257,0,0.5,0.754188920825374,0.9326692482329378,False,236,59
afatinib,lineage,5,ACH-000219,skin,0.9051829774685579,0.9515288002624918,0.6761171904255745,1.226940410099409,,0.3856615735093747,0,0.5,0.754188920825374,0.9326692482329378,False,236,59
afatinib,lineage,5,ACH-000091,ovary/fallopian tube,0.82735365891096,0.8266256917745235,0.5512140819376062,1.1020373016114409,,0.5174045168017878,1,0.5,0.754188920825374,0.9326692482329378,False,236,59
afatinib,lineage,5,ACH-000911,esophagus/stomach,0.36891910433814123,0.7610164052470979,0.48560479541018065,1.0364280150840153,1.0,0.5659912074273146,1,0.5,0.754188920825374,0.9326692482329378,False,236,59
afatinib,lineage,5,ACH-000869,lung,0.7603249567896002,0.8463942897376924,0.5709826799007751,1.1218058995746096,,0.49222075711627283,0,0.5,0.754188920825374,0.9326692482329378,False,236,59
afatinib,lineage,5,ACH-000281,pancreas,0.6205349305358926,0.872723630604443,0.5973120207675258,1.1481352404413603,1.0,0.4764476998255782,0,0.5,0.754188920825374,0.9326692482329378,False,236,59
afatinib,lineage,5,ACH-000510,lung,0.9836066377279334,0.8463942897376924,0.5709826799007751,1.1218058995746096,0.0,0.49222075711627283,0,0.5,0.754188920825374,0.9326692482329378,False,236,59
afatinib,lineage,5,ACH-000701,ovary/fallopian tube,0.8585556112936511,0.8266256917745235,0.5512140819376062,1.1020373016114409,,0.5174045168017878,1,0.5,0.754188920825374,0.9326692482329378,False,236,59
afatinib,lineage,5,ACH-000015,lung,0.8907316829437535,0.8463942897376924,0.5709826799007751,1.1218058995746096,,0.49222075711627283,0,0.5,0.754188920825374,0.9326692482329378,False,236,59
afatinib,lineage,5,ACH-000791,lung,0.8716261259319632,0.8463942897376924,0.5709826799007751,1.1218058995746096,,0.49222075711627283,0,0.5,0.754188920825374,0.9326692482329378,False,236,59
afatinib,lineage,5,ACH-001075,lung,0.6613875793835069,0.8463942897376924,0.5709826799007751,1.1218058995746096,1.0,0.49222075711627283,0,0.5,0.754188920825374,0.9326692482329378,False,236,59
afatinib,lineage,5,ACH-001128,soft tissue,1.0,0.9268938585762472,0.6514822487393299,1.2023054684131644,0.0,0.4544358262272257,0,0.5,0.754188920825374,0.9326692482329378,False,236,59
afatinib,elastic_net,5,ACH-000421,bowel,0.724211042162139,0.7678722771790539,0.5300655239499572,1.0056790304081507,1.0,0.7429831200127374,1,0.5,0.754188920825374,0.9326692482329378,False,236,59
afatinib,elastic_net,5,ACH-000587,lung,0.8229100690346791,0.8606404593751754,0.6228337061460787,1.0984472126042721,,0.4290089795057637,0,0.5,0.754188920825374,0.9326692482329378,False,236,59
afatinib,elastic_net,5,ACH-000627,lung,0.9234791978381344,0.9012500371829969,0.6634432839539002,1.1390567904120936,,0.2744643939029155,0,0.5,0.754188920825374,0.9326692482329378,False,236,59
afatinib,elastic_net,5,ACH-000276,breast,0.7446475711219246,0.8183182123179722,0.5805114590888754,1.056124965547069,1.0,0.4152340549767085,0,0.5,0.754188920825374,0.9326692482329378,False,236,59
afatinib,elastic_net,5,ACH-000941,uterus,0.7709077075259394,0.8236576994978835,0.5858509462687866,1.0614644527269803,,0.6491030064322129,1,0.5,0.754188920825374,0.9326692482329378,False,236,59
afatinib,elastic_net,5,ACH-000880,esophagus/stomach,0.744485197249643,0.8036485396155438,0.5658417863864471,1.0414552928446406,1.0,0.5562912718604126,1,0.5,0.754188920825374,0.9326692482329378,False,236,59
afatinib,elastic_net,5,ACH-000552,bowel,0.9364791718072095,0.8122264812489488,0.574419728019852,1.0500332344780456,0.0,0.7124973173530237,1,0.5,0.754188920825374,0.9326692482329378,False,236,59
afatinib,elastic_net,5,ACH-000222,pancreas,0.8681503624030273,0.8545786672125506,0.6167719139834538,1.0923854204416474,,0.7234756495394233,1,0.5,0.754188920825374,0.9326692482329378,False,236,59
afatinib,elastic_net,5,ACH-000260,peripheral nervous system,0.9300222477242313,0.932795951951314,0.6949891987222172,1.1706027051804109,,0.2727719794006738,0,0.5,0.754188920825374,0.9326692482329378,False,236,59
afatinib,elastic_net,5,ACH-000848,liver,0.9282349224176121,0.8437409512366609,0.6059341980075641,1.0815477044657578,,0.7025131051399445,1,0.5,0.754188920825374,0.9326692482329378,False,236,59
afatinib,elastic_net,5,ACH-000331,pleura,0.9713139955436054,0.8810252576954181,0.6432185044663212,1.118832010924515,0.0,0.28422727887204285,0,0.5,0.754188920825374,0.9326692482329378,False,236,59
afatinib,elastic_net,5,ACH-000429,kidney,1.0942199157144459,0.8562718639802445,0.6184651107511476,1.0940786172093413,0.0,0.3820040117270612,0,0.5,0.754188920825374,0.9326692482329378,False,236,59
afatinib,elastic_net,5,ACH-000012,lung,0.2528816465819498,0.795163011699017,0.5573562584699203,1.0329697649281138,1.0,0.7391814160119502,1,0.5,0.754188920825374,0.9326692482329378,False,236,59
afatinib,elastic_net,5,ACH-000231,cns/brain,1.0905042484229743,0.8977438670789407,0.659937113849844,1.1355506203080374,0.0,0.27733933132573235,0,0.5,0.754188920825374,0.9326692482329378,False,236,59
afatinib,elastic_net,5,ACH-000662,lung,0.9445079458093928,0.7611181895726471,0.5233114363435503,0.9989249428017439,0.0,0.7064492569192282,1,0.5,0.754188920825374,0.9326692482329378,False,236,59
afatinib,elastic_net,5,ACH-000324,ovary/fallopian tube,0.5269442138042948,0.8742237503173621,0.6364169970882654,1.1120305035464588,1.0,0.31079926993193924,0,0.5,0.754188920825374,0.9326692482329378,False,236,59
afatinib,elastic_net,5,ACH-000484,kidney,0.9731326714682695,0.8839171149146525,0.6461103616855557,1.1217238681437494,0.0,0.30393562933314217,0,0.5,0.754188920825374,0.9326692482329378,False,236,59
afatinib,elastic_net,5,ACH-000954,uterus,0.7948175539068495,0.7485525830269448,0.510745829797848,0.9863593362560417,,0.7421824479385662,1,0.5,0.754188920825374,0.9326692482329378,False,236,59
afatinib,elastic_net,5,ACH-000374,breast,0.8883856275658699,0.7849743672329156,0.5471676140038189,1.0227811204620123,,0.5591152148162811,1,0.5,0.754188920825374,0.9326692482329378,False,236,59
afatinib,elastic_net,5,ACH-000040,cns/brain,0.9183481287495392,0.9583652640562113,0.7205585108271144,1.196172017285308,,0.27240388031274226,0,0.5,0.754188920825374,0.9326692482329378,False,236,59
afatinib,elastic_net,5,ACH-000235,pancreas,0.8205536834725246,0.7730731026426517,0.535266349413555,1.0108798558717484,,0.7426573057064195,1,0.5,0.754188920825374,0.9326692482329378,False,236,59
afatinib,elastic_net,5,ACH-000273,cns/brain,0.8811748327342068,0.9208334026967433,0.6830266494676465,1.1586401559258401,,0.27235003438962396,0,0.5,0.754188920825374,0.9326692482329378,False,236,59
afatinib,elastic_net,5,ACH-000361,liver,0.8341252758628213,0.9222843636901853,0.6844776104610886,1.160091116919282,,0.2772883430780352,0,0.5,0.754188920825374,0.9326692482329378,False,236,59
afatinib,elastic_net,5,ACH-000250,kidney,0.9393156942066696,0.903497511500319,0.6656907582712221,1.1413042647294158,0.0,0.3015284961951408,0,0.5,0.754188920825374,0.9326692482329378,False,236,59
afatinib,elastic_net,5,ACH-000476,liver,0.7547455965885792,0.8912472504143881,0.6534404971852914,1.1290540036434848,,0.29075606734269427,0,0.5,0.754188920825374,0.9326692482329378,False,236,59
afatinib,elastic_net,5,ACH-000270,pancreas,0.669622075625465,0.7729062770503804,0.5350995238212837,1.0107130302794771,1.0,0.7423381004893513,1,0.5,0.754188920825374,0.9326692482329378,False,236,59
afatinib,elastic_net,5,ACH-000415,head and neck,0.8735196139149732,0.7278675674628319,0.4900608142337351,0.9656743206919287,,0.7487275101143149,1,0.5,0.754188920825374,0.9326692482329378,False,236,59
afatinib,elastic_net,5,ACH-000680,bowel,0.9255678316076347,0.7746306458014773,0.5368238925723805,1.0124373990305742,,0.7392873590715077,1,0.5,0.754188920825374,0.9326692482329378,False,236,59
afatinib,elastic_net,5,ACH-000118,pancreas,0.8718758589940309,0.8212073902474382,0.5834006370183413,1.059014143476535,,0.7260016878201365,1,0.5,0.754188920825374,0.9326692482329378,False,236,59
afatinib,elastic_net,5,ACH-000855,esophagus/stomach,0.8974517117593438,0.6975379418442281,0.45973118861513135,0.9353446950733248,,0.7448790538870437,1,0.5,0.754188920825374,0.9326692482329378,False,236,59
afatinib,elastic_net,5,ACH-000359,bone,0.9183202519824505,0.9261086506869504,0.6883018974578536,1.163915403916047,,0.27676195676330423,0,0.5,0.754188920825374,0.9326692482329378,False,236,59
afatinib,elastic_net,5,ACH-000716,thyroid,0.8796339802527973,0.9079739204944134,0.6701671672653167,1.1457806737235101,,0.2901424845474629,0,0.5,0.754188920825374,0.9326692482329378,False,236,59
afatinib,elastic_net,5,ACH-000397,uterus,0.887901608739012,0.7254478578797372,0.4876411046506404,0.963254611108834,,0.7463049742146582,1,0.5,0.754188920825374,0.9326692482329378,False,236,59
afatinib,elastic_net,5,ACH-000724,bladder/urinary tract,0.8892406085156597,0.6965197341310113,0.45871298090191454,0.934326487360108,,0.6941207074512916,1,0.5,0.754188920825374,0.9326692482329378,False,236,59
afatinib,elastic_net,5,ACH-000826,lung,0.6814005645022045,0.7920121062686981,0.5542053530396014,1.0298188594977948,1.0,0.6346688155680892,1,0.5,0.754188920825374,0.9326692482329378,False,236,59
afatinib,elastic_net,5,ACH-000092,pleura,1.092215475684558,0.8958486731185039,0.6580419198894072,1.1336554263476006,0.0,0.27652218707536885,0,0.5,0.754188920825374,0.9326692482329378,False,236,59
afatinib,elastic_net,5,ACH-000589,lung,0.9648460634014613,0.8132475149452835,0.5754407617161867,1.0510542681743802,0.0,0.6256354424236008,1,0.5,0.754188920825374,0.9326692482329378,False,236,59
afatinib,elastic_net,5,ACH-000809,esophagus/stomach,0.6939016684054318,0.6656623780466611,0.4278556248175643,0.9034691312757579,1.0,0.746846851039427,1,0.5,0.754188920825374,0.9326692482329378,False,236,59
afatinib,elastic_net,5,ACH-000927,breast,0.5940767322366212,0.7558874699696942,0.5180807167405974,0.9936942231987911,1.0,0.705558584851312,1,0.5,0.754188920825374,0.9326692482329378,False,236,59
afatinib,elastic_net,5,ACH-000694,esophagus/stomach,0.624225679918489,0.685091211935387,0.44728445870629024,0.9228979651644837,1.0,0.7491121519745914,1,0.5,0.754188920825374,0.9326692482329378,False,236,59
afatinib,elastic_net,5,ACH-000243,pancreas,0.7525708216213374,0.7653402912343008,0.527533538005204,1.0031470444633976,1.0,0.7438067171751869,1,0.5,0.754188920825374,0.9326692482329378,False,236,59
afatinib,elastic_net,5,ACH-000843,lung,0.6146887845635505,0.7191393949327322,0.4813326417036354,0.9569461481618289,1.0,0.7421991466632706,1,0.5,0.754188920825374,0.9326692482329378,False,236,59
afatinib,elastic_net,5,ACH-000822,skin,0.945338652612804,0.9351216372161494,0.6973148839870527,1.172928390445246,0.0,0.2749083904827075,0,0.5,0.754188920825374,0.9326692482329378,False,236,59
afatinib,elastic_net,5,ACH-000279,bone,1.0,0.9074511771886554,0.6696444239595587,1.1452579304177521,0.0,0.2993678422487586,0,0.5,0.754188920825374,0.9326692482329378,False,236,59
afatinib,elastic_net,5,ACH-000433,kidney,0.6038256918120259,0.8964978526122902,0.6586910993831934,1.134304605841387,1.0,0.5241778771940945,1,0.5,0.754188920825374,0.9326692482329378,False,236,59
afatinib,elastic_net,5,ACH-000747,lung,0.8775161241619933,0.8798099426129146,0.6420031893838178,1.1176166958420113,,0.2779091503874626,0,0.5,0.754188920825374,0.9326692482329378,False,236,59
afatinib,elastic_net,5,ACH-000417,pancreas,0.8772745264613545,0.8075048253872626,0.5696980721581659,1.0453115786163594,,0.7473358303996802,1,0.5,0.754188920825374,0.9326692482329378,False,236,59
afatinib,elastic_net,5,ACH-000734,liver,0.4879426616922856,0.8287043300786617,0.590897576849565,1.0665110833077585,1.0,0.7275611377090587,1,0.5,0.754188920825374,0.9326692482329378,False,236,59
afatinib,elastic_net,5,ACH-000802,bladder/urinary tract,0.504693995767806,0.7502470047373225,0.5124402515082258,0.9880537579664193,1.0,0.7488860114718908,1,0.5,0.754188920825374,0.9326692482329378,False,236,59
afatinib,elastic_net,5,ACH-000921,lung,0.9505598060894591,0.9169734953316314,0.6791667421025347,1.1547802485607281,0.0,0.2760244266840542,0,0.5,0.754188920825374,0.9326692482329378,False,236,59
afatinib,elastic_net,5,ACH-000488,esophagus/stomach,0.7507704863433932,0.6935483522340152,0.45574159900491845,0.931355105463112,1.0,0.7489495410344384,1,0.5,0.754188920825374,0.9326692482329378,False,236,59
afatinib,elastic_net,5,ACH-000450,skin,0.989949601744886,0.9336589057339945,0.6958521525048977,1.1714656589630912,0.0,0.2809024487689393,0,0.5,0.754188920825374,0.9326692482329378,False,236,59
afatinib,elastic_net,5,ACH-000693,esophagus/stomach,0.8408803120073454,0.6972859592453413,0.45947920601624453,0.9350927124744381,,0.7477611598425282,1,0.5,0.754188920825374,0.9326692482329378,False,236,59
afatinib,elastic_net,5,ACH-000480,liver,0.8104131302132076,0.8583869260994493,0.6205801728703526,1.096193679328546,,0.7254629642119798,1,0.5,0.754188920825374,0.9326692482329378,False,236,59
afatinib,elastic_net,5,ACH-000881,skin,0.8955500455446384,0.9345895650734093,0.6967828118443125,1.1723963183025061,,0.27286563325771923,0,0.5,0.754188920825374,0.9326692482329378,False,236,59
afatinib,elastic_net,5,ACH-000221,liver,0.8093393187271457,0.8525762639625961,0.6147695107334994,1.0903830171916928,,0.28540717454198855,0,0.5,0.754188920825374,0.9326692482329378,False,236,59
afatinib,elastic_net,5,ACH-000477,skin,1.0,0.9590217342014044,0.7212149809723076,1.196828487430501,0.0,0.2722830348318623,0,0.5,0.754188920825374,0.9326692482329378,False,236,59
afatinib,elastic_net,5,ACH-000720,bladder/urinary tract,0.9356283025053311,0.9070095418082366,0.6692027885791398,1.1448162950373333,0.0,0.28155244550078184,0,0.5,0.754188920825374,0.9326692482329378,False,236,59
afatinib,elastic_net,5,ACH-000062,lung,0.8652962525947611,0.9184698289840787,0.6806630757549819,1.1562765822131755,,0.27311579064628966,0,0.5,0.754188920825374,0.9326692482329378,False,236,59
afatinib,elastic_net,5,ACH-000211,cns/brain,0.8374501708000612,0.9152222314806682,0.6774154782515713,1.153028984709765,,0.2736457891253673,0,0.5,0.754188920825374,0.9326692482329378,False,236,59
afatinib,elastic_net,5,ACH-000212,breast,1.0,0.8214637025061251,0.5836569492770283,1.059270455735222,0.0,0.39226810046141425,0,0.5,0.754188920825374,0.9326692482329378,False,236,59
afatinib,elastic_net,5,ACH-000833,soft tissue,0.8991814139010553,0.9009671595913629,0.663160406362266,1.1387739128204597,,0.28158444484834694,0,0.5,0.754188920825374,0.9326692482329378,False,236,59
afatinib,elastic_net,5,ACH-000219,skin,0.9051829774685579,0.9151267816066151,0.6773200283775183,1.152933534835712,,0.27400735491086786,0,0.5,0.754188920825374,0.9326692482329378,False,236,59
afatinib,elastic_net,5,ACH-000091,ovary/fallopian tube,0.82735365891096,0.8730434357025305,0.6352366824734337,1.1108501889316273,,0.3345264787083042,0,0.5,0.754188920825374,0.9326692482329378,False,236,59
afatinib,elastic_net,5,ACH-000911,esophagus/stomach,0.36891910433814123,0.8310053879316194,0.5931986347025227,1.068812141160716,1.0,0.658352882666248,1,0.5,0.754188920825374,0.9326692482329378,False,236,59
afatinib,elastic_net,5,ACH-000869,lung,0.7603249567896002,0.7958228675218738,0.5580161142927771,1.0336296207509705,,0.7297195676808508,1,0.5,0.754188920825374,0.9326692482329378,False,236,59
afatinib,elastic_net,5,ACH-000281,pancreas,0.6205349305358926,0.7816345984577949,0.5438278452286982,1.0194413516868917,1.0,0.7446844721228716,1,0.5,0.754188920825374,0.9326692482329378,False,236,59
afatinib,elastic_net,5,ACH-000510,lung,0.9836066377279334,0.8721613205160642,0.6343545672869675,1.109968073745161,0.0,0.27715583817781814,0,0.5,0.754188920825374,0.9326692482329378,False,236,59
afatinib,elastic_net,5,ACH-000701,ovary/fallopian tube,0.8585556112936511,0.7231773353275361,0.48537058209843936,0.960984088556633,,0.7462551077127814,1,0.5,0.754188920825374,0.9326692482329378,False,236,59
afatinib,elastic_net,5,ACH-000015,lung,0.8907316829437535,0.8401038164619001,0.6022970632328033,1.077910569690997,,0.556667568428158,1,0.5,0.754188920825374,0.9326692482329378,False,236,59
afatinib,elastic_net,5,ACH-000791,lung,0.8716261259319632,0.7943533597950447,0.5565466065659479,1.0321601130241416,,0.7038503121655145,1,0.5,0.754188920825374,0.9326692482329378,False,236,59
afatinib,elastic_net,5,ACH-001075,lung,0.6613875793835069,0.7904674220212031,0.5526606687921063,1.0282741752503,1.0,0.7323649114809612,1,0.5,0.754188920825374,0.9326692482329378,False,236,59
afatinib,elastic_net,5,ACH-001128,soft tissue,1.0,0.8893382618400104,0.6515315086109137,1.1271450150691071,0.0,0.403726852264112,0,0.5,0.754188920825374,0.9326692482329378,False,236,59
afatinib,xgboost,5,ACH-000421,bowel,0.724211042162139,0.7981635332107544,0.542735046176713,1.0535920202447957,1.0,0.7495700396941254,1,0.5,0.754188920825374,0.9326692482329378,False,236,59
afatinib,xgboost,5,ACH-000587,lung,0.8229100690346791,0.8635936379432678,0.6081651509092264,1.1190221249773091,,0.6123747710622579,1,0.5,0.754188920825374,0.9326692482329378,False,236,59
afatinib,xgboost,5,ACH-000627,lung,0.9234791978381344,0.9493063688278198,0.6938778817937784,1.2047348558618611,,0.3373739138723902,0,0.5,0.754188920825374,0.9326692482329378,False,236,59
afatinib,xgboost,5,ACH-000276,breast,0.7446475711219246,0.8487632870674133,0.5933348000333719,1.1041917741014546,1.0,0.7347333746594715,1,0.5,0.754188920825374,0.9326692482329378,False,236,59
afatinib,xgboost,5,ACH-000941,uterus,0.7709077075259394,0.8427833318710327,0.5873548448369913,1.098211818905074,,0.3695590024314986,0,0.5,0.754188920825374,0.9326692482329378,False,236,59
afatinib,xgboost,5,ACH-000880,esophagus/stomach,0.744485197249643,0.7975234985351562,0.5420950115011148,1.0529519855691976,1.0,0.6410920894768616,1,0.5,0.754188920825374,0.9326692482329378,False,236,59
afatinib,xgboost,5,ACH-000552,bowel,0.9364791718072095,0.8025259971618652,0.5470975101278238,1.0579544841959065,0.0,0.7217600160024272,1,0.5,0.754188920825374,0.9326692482329378,False,236,59
afatinib,xgboost,5,ACH-000222,pancreas,0.8681503624030273,0.8502833247184753,0.5948548376844339,1.1057118117525166,,0.7243651888658567,1,0.5,0.754188920825374,0.9326692482329378,False,236,59
afatinib,xgboost,5,ACH-000260,peripheral nervous system,0.9300222477242313,0.9376266598701477,0.6821981728361063,1.193055146904189,,0.30046825308562697,0,0.5,0.754188920825374,0.9326692482329378,False,236,59
afatinib,xgboost,5,ACH-000848,liver,0.9282349224176121,0.8420621752738953,0.5866336882398538,1.0974906623079366,,0.4067016455474059,0,0.5,0.754188920825374,0.9326692482329378,False,236,59
afatinib,xgboost,5,ACH-000331,pleura,0.9713139955436054,0.9123542904853821,0.6569258034513407,1.1677827775194234,0.0,0.46791553651828066,0,0.5,0.754188920825374,0.9326692482329378,False,236,59
afatinib,xgboost,5,ACH-000429,kidney,1.0942199157144459,0.8792301416397095,0.623801654605668,1.1346586286737508,0.0,0.3368189477598146,0,0.5,0.754188920825374,0.9326692482329378,False,236,59
afatinib,xgboost,5,ACH-000012,lung,0.2528816465819498,0.8254308700561523,0.5700023830221109,1.0808593570901937,1.0,0.7201506936755301,1,0.5,0.754188920825374,0.9326692482329378,False,236,59
afatinib,xgboost,5,ACH-000231,cns/brain,1.0905042484229743,0.9087238311767578,0.6532953441427164,1.1641523182107991,0.0,0.30439524336734386,0,0.5,0.754188920825374,0.9326692482329378,False,236,59
afatinib,xgboost,5,ACH-000662,lung,0.9445079458093928,0.748294472694397,0.49286598566035555,1.0037229597284383,0.0,0.7460160898294186,1,0.5,0.754188920825374,0.9326692482329378,False,236,59
afatinib,xgboost,5,ACH-000324,ovary/fallopian tube,0.5269442138042948,0.8767621517181396,0.6213336646840982,1.132190638752181,1.0,0.36013541096619855,0,0.5,0.754188920825374,0.9326692482329378,False,236,59
afatinib,xgboost,5,ACH-000484,kidney,0.9731326714682695,0.9257598519325256,0.6703313648984842,1.181188338966567,0.0,0.4444213273681362,0,0.5,0.754188920825374,0.9326692482329378,False,236,59
afatinib,xgboost,5,ACH-000954,uterus,0.7948175539068495,0.8077993988990784,0.552370911865037,1.0632278859331197,,0.7308561155331527,1,0.5,0.754188920825374,0.9326692482329378,False,236,59
afatinib,xgboost,5,ACH-000374,breast,0.8883856275658699,0.777144193649292,0.5217157066152506,1.0325726806833333,,0.7314549116465131,1,0.5,0.754188920825374,0.9326692482329378,False,236,59
afatinib,xgboost,5,ACH-000040,cns/brain,0.9183481287495392,0.9355501532554626,0.6801216662214212,1.190978640289504,,0.29241362115216585,0,0.5,0.754188920825374,0.9326692482329378,False,236,59
afatinib,xgboost,5,ACH-000235,pancreas,0.8205536834725246,0.7914291620254517,0.5360006749914102,1.046857649059493,,0.7445539790990461,1,0.5,0.754188920825374,0.9326692482329378,False,236,59
afatinib,xgboost,5,ACH-000273,cns/brain,0.8811748327342068,0.9381403923034668,0.6827119052694254,1.193568879337508,,0.29546667510884694,0,0.5,0.754188920825374,0.9326692482329378,False,236,59
afatinib,xgboost,5,ACH-000361,liver,0.8341252758628213,0.9491957426071167,0.6937672555730753,1.204624229641158,,0.3355789932908659,0,0.5,0.754188920825374,0.9326692482329378,False,236,59
afatinib,xgboost,5,ACH-000250,kidney,0.9393156942066696,0.8911156058311462,0.6356871187971048,1.1465440928651875,0.0,0.33897150550113453,0,0.5,0.754188920825374,0.9326692482329378,False,236,59
afatinib,xgboost,5,ACH-000476,liver,0.7547455965885792,0.8969911932945251,0.6415627062604837,1.1524196803285665,,0.36746346407899766,0,0.5,0.754188920825374,0.9326692482329378,False,236,59
afatinib,xgboost,5,ACH-000270,pancreas,0.669622075625465,0.800727367401123,0.5452988803670816,1.0561558544351644,1.0,0.7502227009129868,1,0.5,0.754188920825374,0.9326692482329378,False,236,59
afatinib,xgboost,5,ACH-000415,head and neck,0.8735196139149732,0.6753002405166626,0.4198717534826212,0.930728727550704,,0.7542764469344712,1,0.5,0.754188920825374,0.9326692482329378,False,236,59
afatinib,xgboost,5,ACH-000680,bowel,0.9255678316076347,0.7926629781723022,0.5372344911382608,1.0480914652063436,,0.7501274709455351,1,0.5,0.754188920825374,0.9326692482329378,False,236,59
afatinib,xgboost,5,ACH-000118,pancreas,0.8718758589940309,0.7783725261688232,0.5229440391347818,1.0338010132028645,,0.7469256725179346,1,0.5,0.754188920825374,0.9326692482329378,False,236,59
afatinib,xgboost,5,ACH-000855,esophagus/stomach,0.8974517117593438,0.7670811414718628,0.5116526544378214,1.022509628505904,,0.7324853267791044,1,0.5,0.754188920825374,0.9326692482329378,False,236,59
afatinib,xgboost,5,ACH-000359,bone,0.9183202519824505,0.9522433876991272,0.6968149006650858,1.2076718747331685,,0.2976035179964153,0,0.5,0.754188920825374,0.9326692482329378,False,236,59
afatinib,xgboost,5,ACH-000716,thyroid,0.8796339802527973,0.9290477633476257,0.6736192763135843,1.184476250381667,,0.3150786196601371,0,0.5,0.754188920825374,0.9326692482329378,False,236,59
afatinib,xgboost,5,ACH-000397,uterus,0.887901608739012,0.6865531802177429,0.4311246931837015,0.9419816672517843,,0.7443109365574679,1,0.5,0.754188920825374,0.9326692482329378,False,236,59
afatinib,xgboost,5,ACH-000724,bladder/urinary tract,0.8892406085156597,0.7134066820144653,0.4579781949804239,0.9688351690485068,,0.7310866976268822,1,0.5,0.754188920825374,0.9326692482329378,False,236,59
afatinib,xgboost,5,ACH-000826,lung,0.6814005645022045,0.8267355561256409,0.5713070690915995,1.0821640431596822,1.0,0.6284359572425656,1,0.5,0.754188920825374,0.9326692482329378,False,236,59
afatinib,xgboost,5,ACH-000092,pleura,1.092215475684558,0.9268022775650024,0.671373790530961,1.1822307645990437,0.0,0.3344106054175835,0,0.5,0.754188920825374,0.9326692482329378,False,236,59
afatinib,xgboost,5,ACH-000589,lung,0.9648460634014613,0.8320649862289429,0.5766364991949015,1.0874934732629842,0.0,0.7130849386213151,1,0.5,0.754188920825374,0.9326692482329378,False,236,59
afatinib,xgboost,5,ACH-000809,esophagus/stomach,0.6939016684054318,0.6716307997703552,0.4162023127363138,0.9270592868043966,1.0,0.7560956603464075,1,0.5,0.754188920825374,0.9326692482329378,False,236,59
afatinib,xgboost,5,ACH-000927,breast,0.5940767322366212,0.8060985803604126,0.5506700933263712,1.061527067394454,1.0,0.5953660738876172,1,0.5,0.754188920825374,0.9326692482329378,False,236,59
afatinib,xgboost,5,ACH-000694,esophagus/stomach,0.624225679918489,0.6626125574111938,0.40718407037715243,0.9180410444452353,1.0,0.76622111926383,1,0.5,0.754188920825374,0.9326692482329378,False,236,59
afatinib,xgboost,5,ACH-000243,pancreas,0.7525708216213374,0.7995062470436096,0.5440777600095682,1.054934734077651,1.0,0.7429249927658605,1,0.5,0.754188920825374,0.9326692482329378,False,236,59
afatinib,xgboost,5,ACH-000843,lung,0.6146887845635505,0.7320585250854492,0.4766300380514078,0.9874870121194906,1.0,0.726940041656165,1,0.5,0.754188920825374,0.9326692482329378,False,236,59
afatinib,xgboost,5,ACH-000822,skin,0.945338652612804,0.9590860605239868,0.7036575734899454,1.2145145475580281,0.0,0.30145297915472163,0,0.5,0.754188920825374,0.9326692482329378,False,236,59
afatinib,xgboost,5,ACH-000279,bone,1.0,0.8822448253631592,0.6268163383291178,1.1376733123972005,0.0,0.3152749708938205,0,0.5,0.754188920825374,0.9326692482329378,False,236,59
afatinib,xgboost,5,ACH-000433,kidney,0.6038256918120259,0.8925400376319885,0.6371115505979471,1.1479685246660298,1.0,0.3526745648771704,0,0.5,0.754188920825374,0.9326692482329378,False,236,59
afatinib,xgboost,5,ACH-000747,lung,0.8775161241619933,0.8555492162704468,0.6001207292364054,1.110977703304488,,0.3166471088216231,0,0.5,0.754188920825374,0.9326692482329378,False,236,59
afatinib,xgboost,5,ACH-000417,pancreas,0.8772745264613545,0.826245129108429,0.5708166420743875,1.0816736161424703,,0.753725969584567,1,0.5,0.754188920825374,0.9326692482329378,False,236,59
afatinib,xgboost,5,ACH-000734,liver,0.4879426616922856,0.8049197196960449,0.5494912326620035,1.0603482067300862,1.0,0.6326000997021965,1,0.5,0.754188920825374,0.9326692482329378,False,236,59
afatinib,xgboost,5,ACH-000802,bladder/urinary tract,0.504693995767806,0.7137016654014587,0.4582731783674173,0.9691301524355002,1.0,0.7562720984033713,1,0.5,0.754188920825374,0.9326692482329378,False,236,59
afatinib,xgboost,5,ACH-000921,lung,0.9505598060894591,0.9253340363502502,0.6699055493162088,1.1807625233842916,0.0,0.32029345670281545,0,0.5,0.754188920825374,0.9326692482329378,False,236,59
afatinib,xgboost,5,ACH-000488,esophagus/stomach,0.7507704863433932,0.6534984707832336,0.3980699837491922,0.9089269578172751,1.0,0.7555568336671872,1,0.5,0.754188920825374,0.9326692482329378,False,236,59
afatinib,xgboost,5,ACH-000450,skin,0.989949601744886,0.9270222783088684,0.671593791274827,1.1824507653429097,0.0,0.35631012454710487,0,0.5,0.754188920825374,0.9326692482329378,False,236,59
afatinib,xgboost,5,ACH-000693,esophagus/stomach,0.8408803120073454,0.7536530494689941,0.4982245624349527,1.0090815365030354,,0.710734473809459,1,0.5,0.754188920825374,0.9326692482329378,False,236,59
afatinib,xgboost,5,ACH-000480,liver,0.8104131302132076,0.8521449565887451,0.5967164695547037,1.1075734436227864,,0.5446218818594353,1,0.5,0.754188920825374,0.9326692482329378,False,236,59
afatinib,xgboost,5,ACH-000881,skin,0.8955500455446384,0.8999857306480408,0.6445572436139994,1.155414217682082,,0.30020055883353697,0,0.5,0.754188920825374,0.9326692482329378,False,236,59
afatinib,xgboost,5,ACH-000221,liver,0.8093393187271457,0.8440188765525818,0.5885903895185404,1.099447363586623,,0.3110027740121019,0,0.5,0.754188920825374,0.9326692482329378,False,236,59
afatinib,xgboost,5,ACH-000477,skin,1.0,0.955750048160553,0.7003215611265116,1.2111785351945943,0.0,0.3802837553444519,0,0.5,0.754188920825374,0.9326692482329378,False,236,59
afatinib,xgboost,5,ACH-000720,bladder/urinary tract,0.9356283025053311,0.9131209254264832,0.6576924383924417,1.1685494124605245,0.0,0.31956709538057043,0,0.5,0.754188920825374,0.9326692482329378,False,236,59
afatinib,xgboost,5,ACH-000062,lung,0.8652962525947611,0.9500953555107117,0.6946668684766703,1.205523842544753,,0.32627479492653644,0,0.5,0.754188920825374,0.9326692482329378,False,236,59
afatinib,xgboost,5,ACH-000211,cns/brain,0.8374501708000612,0.9204263091087341,0.6649978220746927,1.1758547961427754,,0.30994878662949,0,0.5,0.754188920825374,0.9326692482329378,False,236,59
afatinib,xgboost,5,ACH-000212,breast,1.0,0.881589412689209,0.6261609256551676,1.1370178997232503,0.0,0.41276094175302647,0,0.5,0.754188920825374,0.9326692482329378,False,236,59
afatinib,xgboost,5,ACH-000833,soft tissue,0.8991814139010553,0.8949741721153259,0.6395456850812845,1.1504026591493672,,0.3125972169936962,0,0.5,0.754188920825374,0.9326692482329378,False,236,59
afatinib,xgboost,5,ACH-000219,skin,0.9051829774685579,0.8968241810798645,0.6413956940458231,1.1522526681139058,,0.3068950329964893,0,0.5,0.754188920825374,0.9326692482329378,False,236,59
afatinib,xgboost,5,ACH-000091,ovary/fallopian tube,0.82735365891096,0.8873408436775208,0.6319123566434793,1.142769330711562,,0.36065914693265,0,0.5,0.754188920825374,0.9326692482329378,False,236,59
afatinib,xgboost,5,ACH-000911,esophagus/stomach,0.36891910433814123,0.7538135051727295,0.4983850181386881,1.0092419922067708,1.0,0.7463144627873511,1,0.5,0.754188920825374,0.9326692482329378,False,236,59
afatinib,xgboost,5,ACH-000869,lung,0.7603249567896002,0.7680968642234802,0.5126683771894388,1.0235253512575215,,0.6544933212774401,1,0.5,0.754188920825374,0.9326692482329378,False,236,59
afatinib,xgboost,5,ACH-000281,pancreas,0.6205349305358926,0.7601796388626099,0.5047511518285684,1.0156081258966512,1.0,0.7227415480427827,1,0.5,0.754188920825374,0.9326692482329378,False,236,59
afatinib,xgboost,5,ACH-000510,lung,0.9836066377279334,0.899285078048706,0.6438565910146646,1.1547135650827474,0.0,0.3139454770654946,0,0.5,0.754188920825374,0.9326692482329378,False,236,59
afatinib,xgboost,5,ACH-000701,ovary/fallopian tube,0.8585556112936511,0.6998611688613892,0.44443268182734774,0.9552896558954306,,0.7379691604552121,1,0.5,0.754188920825374,0.9326692482329378,False,236,59
afatinib,xgboost,5,ACH-000015,lung,0.8907316829437535,0.8776165246963501,0.6221880376623087,1.1330450117303914,,0.3280099384356649,0,0.5,0.754188920825374,0.9326692482329378,False,236,59
afatinib,xgboost,5,ACH-000791,lung,0.8716261259319632,0.8232893943786621,0.5678609073446207,1.0787178814127034,,0.7101885733641803,1,0.5,0.754188920825374,0.9326692482329378,False,236,59
afatinib,xgboost,5,ACH-001075,lung,0.6613875793835069,0.7439873814582825,0.48855889442424105,0.9994158684923239,1.0,0.751604741005967,1,0.5,0.754188920825374,0.9326692482329378,False,236,59
afatinib,xgboost,5,ACH-001128,soft tissue,1.0,0.9152929186820984,0.659864431648057,1.1707214057161397,0.0,0.30807898392178545,0,0.5,0.754188920825374,0.9326692482329378,False,236,59
