drug,family,fold,model_id,lineage,true_auc,predicted_auc,interval_lower,interval_upper,true_sensitive,sensitivity_probability,predicted_sensitive,decision_threshold,sensitive_auc_max,resistant_auc_min,technical_eligibility,n_fit,n_calibration
gemcitabine,lineage,1,ACH-000313,kidney,0.112834159886351,0.21829471049905003,0.015556006221305763,0.4210334147767943,1.0,0.519632087829168,1,0.5,0.13574784670607976,0.314428874853682,False,190,48
gemcitabine,lineage,1,ACH-000383,esophagus/stomach,0.146899069648402,0.2498620719982937,0.047123367720549425,0.45260077627603795,,0.4740850545766446,0,0.5,0.13574784670607976,0.314428874853682,False,190,48
gemcitabine,lineage,1,ACH-000917,esophagus/stomach,0.193568089349458,0.2498620719982937,0.047123367720549425,0.45260077627603795,,0.4740850545766446,0,0.5,0.13574784670607976,0.314428874853682,False,190,48
gemcitabine,lineage,1,ACH-000117,breast,0.452370207132767,0.3114051936207112,0.10866648934296691,0.5141438978984554,0.0,0.45779771815995646,0,0.5,0.13574784670607976,0.314428874853682,False,190,48
gemcitabine,lineage,1,ACH-000322,skin,0.264768537603611,0.2560953506404566,0.05335664636271231,0.45883405491820084,,0.48901418245912937,0,0.5,0.13574784670607976,0.314428874853682,False,190,48
gemcitabine,lineage,1,ACH-000332,pancreas,0.266211318551093,0.26632468435602963,0.06358598007828536,0.4690633886337739,,0.48901418245912937,0,0.5,0.13574784670607976,0.314428874853682,False,190,48
gemcitabine,lineage,1,ACH-000848,liver,0.116449070065414,0.3260296018395843,0.12329089756184003,0.5287683061173285,1.0,0.504490254824359,1,0.5,0.13574784670607976,0.314428874853682,False,190,48
gemcitabine,lineage,1,ACH-000684,kidney,0.12661319144816,0.21829471049905003,0.015556006221305763,0.4210334147767943,1.0,0.519632087829168,1,0.5,0.13574784670607976,0.314428874853682,False,190,48
gemcitabine,lineage,1,ACH-000732,head and neck,0.0701991976207702,0.2208611238055497,0.01812241952780544,0.423599828083294,1.0,0.519632087829168,1,0.5,0.13574784670607976,0.314428874853682,False,190,48
gemcitabine,lineage,1,ACH-000896,bladder/urinary tract,0.146939419411222,0.1684953413747483,-0.034243362902995955,0.3712340456524926,,0.5299488484079066,1,0.5,0.13574784670607976,0.314428874853682,False,190,48
gemcitabine,lineage,1,ACH-000784,esophagus/stomach,0.539503519613251,0.2498620719982937,0.047123367720549425,0.45260077627603795,0.0,0.4740850545766446,0,0.5,0.13574784670607976,0.314428874853682,False,190,48
gemcitabine,lineage,1,ACH-000517,pancreas,0.205396054955735,0.26632468435602963,0.06358598007828536,0.4690633886337739,,0.48901418245912937,0,0.5,0.13574784670607976,0.314428874853682,False,190,48
gemcitabine,lineage,1,ACH-000108,pancreas,0.37772810609291,0.26632468435602963,0.06358598007828536,0.4690633886337739,0.0,0.48901418245912937,0,0.5,0.13574784670607976,0.314428874853682,False,190,48
gemcitabine,lineage,1,ACH-000866,lung,0.0260816167143128,0.21032854701494436,0.007589842737200092,0.4130672512926886,1.0,0.5281672129935321,1,0.5,0.13574784670607976,0.314428874853682,False,190,48
gemcitabine,lineage,1,ACH-000163,head and neck,0.120233378230922,0.2208611238055497,0.01812241952780544,0.423599828083294,1.0,0.519632087829168,1,0.5,0.13574784670607976,0.314428874853682,False,190,48
gemcitabine,lineage,1,ACH-000532,bowel,0.251184051125822,0.19991606060876888,-0.0028226436689753887,0.40265476488651314,,0.5199662556250999,1,0.5,0.13574784670607976,0.314428874853682,False,190,48
gemcitabine,lineage,1,ACH-000901,lung,0.297120905569749,0.21032854701494436,0.007589842737200092,0.4130672512926886,,0.5281672129935321,1,0.5,0.13574784670607976,0.314428874853682,False,190,48
gemcitabine,lineage,1,ACH-000671,liver,0.358289498211876,0.3260296018395843,0.12329089756184003,0.5287683061173285,0.0,0.504490254824359,1,0.5,0.13574784670607976,0.314428874853682,False,190,48
gemcitabine,lineage,1,ACH-000437,cns/brain,0.116120400976234,0.18172326634165725,-0.02101543793608701,0.3844619706194015,1.0,0.5255303405853573,1,0.5,0.13574784670607976,0.314428874853682,False,190,48
gemcitabine,lineage,1,ACH-000503,head and neck,0.284537641825616,0.2208611238055497,0.01812241952780544,0.423599828083294,,0.519632087829168,1,0.5,0.13574784670607976,0.314428874853682,False,190,48
gemcitabine,lineage,1,ACH-000361,liver,0.189981827783858,0.3260296018395843,0.12329089756184003,0.5287683061173285,,0.504490254824359,1,0.5,0.13574784670607976,0.314428874853682,False,190,48
gemcitabine,lineage,1,ACH-000407,uterus,0.105887242648371,0.29069674643891363,0.08795804216116937,0.4934354507166579,1.0,0.48901418245912937,0,0.5,0.13574784670607976,0.314428874853682,False,190,48
gemcitabine,lineage,1,ACH-000599,pancreas,0.271790631272004,0.26632468435602963,0.06358598007828536,0.4690633886337739,,0.48901418245912937,0,0.5,0.13574784670607976,0.314428874853682,False,190,48
gemcitabine,lineage,1,ACH-000476,liver,0.149212430749236,0.3260296018395843,0.12329089756184003,0.5287683061173285,,0.504490254824359,1,0.5,0.13574784670607976,0.314428874853682,False,190,48
gemcitabine,lineage,1,ACH-000270,pancreas,0.373206221076306,0.26632468435602963,0.06358598007828536,0.4690633886337739,0.0,0.48901418245912937,0,0.5,0.13574784670607976,0.314428874853682,False,190,48
gemcitabine,lineage,1,ACH-000118,pancreas,0.174779329127951,0.26632468435602963,0.06358598007828536,0.4690633886337739,,0.48901418245912937,0,0.5,0.13574784670607976,0.314428874853682,False,190,48
gemcitabine,lineage,1,ACH-000359,bone,0.088147751377425,0.31292199809137866,0.1101832938136344,0.5156607023691229,1.0,0.5044240122559374,1,0.5,0.13574784670607976,0.314428874853682,False,190,48
gemcitabine,lineage,1,ACH-000397,uterus,0.21934580887976,0.29069674643891363,0.08795804216116937,0.4934354507166579,,0.48901418245912937,0,0.5,0.13574784670607976,0.314428874853682,False,190,48
gemcitabine,lineage,1,ACH-000724,bladder/urinary tract,0.342882161764354,0.1684953413747483,-0.034243362902995955,0.3712340456524926,0.0,0.5299488484079066,1,0.5,0.13574784670607976,0.314428874853682,False,190,48
gemcitabine,lineage,1,ACH-000092,pleura,0.349388072712822,0.4375656857575734,0.2348269814798291,0.6403043900353176,0.0,0.4722606257162116,0,0.5,0.13574784670607976,0.314428874853682,False,190,48
gemcitabine,lineage,1,ACH-000628,lung,0.334179578159933,0.21032854701494436,0.007589842737200092,0.4130672512926886,0.0,0.5281672129935321,1,0.5,0.13574784670607976,0.314428874853682,False,190,48
gemcitabine,lineage,1,ACH-000060,pancreas,0.262877867820953,0.26632468435602963,0.06358598007828536,0.4690633886337739,,0.48901418245912937,0,0.5,0.13574784670607976,0.314428874853682,False,190,48
gemcitabine,lineage,1,ACH-000927,breast,0.642480421680889,0.3114051936207112,0.10866648934296691,0.5141438978984554,0.0,0.45779771815995646,0,0.5,0.13574784670607976,0.314428874853682,False,190,48
gemcitabine,lineage,1,ACH-000905,bladder/urinary tract,0.298128096332781,0.1684953413747483,-0.034243362902995955,0.3712340456524926,,0.5299488484079066,1,0.5,0.13574784670607976,0.314428874853682,False,190,48
gemcitabine,lineage,1,ACH-000822,skin,0.345857641932971,0.2560953506404566,0.05335664636271231,0.45883405491820084,0.0,0.48901418245912937,0,0.5,0.13574784670607976,0.314428874853682,False,190,48
gemcitabine,lineage,1,ACH-000411,kidney,0.14454201828427,0.21829471049905003,0.015556006221305763,0.4210334147767943,,0.519632087829168,1,0.5,0.13574784670607976,0.314428874853682,False,190,48
gemcitabine,lineage,1,ACH-000852,lung,0.330817995249277,0.21032854701494436,0.007589842737200092,0.4130672512926886,0.0,0.5281672129935321,1,0.5,0.13574784670607976,0.314428874853682,False,190,48
gemcitabine,lineage,1,ACH-000364,bone,0.1056231685176,0.31292199809137866,0.1101832938136344,0.5156607023691229,1.0,0.5044240122559374,1,0.5,0.13574784670607976,0.314428874853682,False,190,48
gemcitabine,lineage,1,ACH-000976,biliary tract,0.260053957980043,0.3091132965102382,0.10637459223249396,0.5118520007879825,,0.48884338871352395,0,0.5,0.13574784670607976,0.314428874853682,False,190,48
gemcitabine,lineage,1,ACH-000302,uterus,0.461892212968156,0.29069674643891363,0.08795804216116937,0.4934354507166579,0.0,0.48901418245912937,0,0.5,0.13574784670607976,0.314428874853682,False,190,48
gemcitabine,lineage,1,ACH-000965,uterus,0.229389741680772,0.29069674643891363,0.08795804216116937,0.4934354507166579,,0.48901418245912937,0,0.5,0.13574784670607976,0.314428874853682,False,190,48
gemcitabine,lineage,1,ACH-000693,esophagus/stomach,0.127510973768461,0.2498620719982937,0.047123367720549425,0.45260077627603795,1.0,0.4740850545766446,0,0.5,0.13574784670607976,0.314428874853682,False,190,48
gemcitabine,lineage,1,ACH-000811,ovary/fallopian tube,0.213350198242968,0.25213706940321473,0.04939836512547047,0.454875773680959,,0.504534140272632,1,0.5,0.13574784670607976,0.314428874853682,False,190,48
gemcitabine,lineage,1,ACH-000899,skin,0.468653855101075,0.2560953506404566,0.05335664636271231,0.45883405491820084,0.0,0.48901418245912937,0,0.5,0.13574784670607976,0.314428874853682,False,190,48
gemcitabine,lineage,1,ACH-000316,liver,0.220913062928368,0.3260296018395843,0.12329089756184003,0.5287683061173285,,0.504490254824359,1,0.5,0.13574784670607976,0.314428874853682,False,190,48
gemcitabine,lineage,1,ACH-000159,kidney,0.209749289723786,0.21829471049905003,0.015556006221305763,0.4210334147767943,,0.519632087829168,1,0.5,0.13574784670607976,0.314428874853682,False,190,48
gemcitabine,lineage,1,ACH-000622,cns/brain,0.549727940210543,0.18172326634165725,-0.02101543793608701,0.3844619706194015,0.0,0.5255303405853573,1,0.5,0.13574784670607976,0.314428874853682,False,190,48
gemcitabine,lineage,1,ACH-000335,pleura,0.12832990379445,0.4375656857575734,0.2348269814798291,0.6403043900353176,1.0,0.4722606257162116,0,0.5,0.13574784670607976,0.314428874853682,False,190,48
gemcitabine,lineage,1,ACH-000062,lung,0.112520574758247,0.21032854701494436,0.007589842737200092,0.4130672512926886,1.0,0.5281672129935321,1,0.5,0.13574784670607976,0.314428874853682,False,190,48
gemcitabine,lineage,1,ACH-000919,esophagus/stomach,0.246424375212456,0.2498620719982937,0.047123367720549425,0.45260077627603795,,0.4740850545766446,0,0.5,0.13574784670607976,0.314428874853682,False,190,48
gemcitabine,lineage,1,ACH-000682,head and neck,0.286552170674291,0.2208611238055497,0.01812241952780544,0.423599828083294,,0.519632087829168,1,0.5,0.13574784670607976,0.314428874853682,False,190,48
gemcitabine,lineage,1,ACH-000849,breast,0.156030147133263,0.3114051936207112,0.10866648934296691,0.5141438978984554,,0.45779771815995646,0,0.5,0.13574784670607976,0.314428874853682,False,190,48
gemcitabine,lineage,1,ACH-000219,skin,0.0769518953539225,0.2560953506404566,0.05335664636271231,0.45883405491820084,1.0,0.48901418245912937,0,0.5,0.13574784670607976,0.314428874853682,False,190,48
gemcitabine,lineage,1,ACH-000023,pancreas,0.125699249184404,0.26632468435602963,0.06358598007828536,0.4690633886337739,1.0,0.48901418245912937,0,0.5,0.13574784670607976,0.314428874853682,False,190,48
gemcitabine,lineage,1,ACH-000771,head and neck,0.269822757671834,0.2208611238055497,0.01812241952780544,0.423599828083294,,0.519632087829168,1,0.5,0.13574784670607976,0.314428874853682,False,190,48
gemcitabine,lineage,1,ACH-000500,head and neck,0.194761258343755,0.2208611238055497,0.01812241952780544,0.423599828083294,,0.519632087829168,1,0.5,0.13574784670607976,0.314428874853682,False,190,48
gemcitabine,lineage,1,ACH-000967,bowel,0.172122471086465,0.19991606060876888,-0.0028226436689753887,0.40265476488651314,,0.5199662556250999,1,0.5,0.13574784670607976,0.314428874853682,False,190,48
gemcitabine,lineage,1,ACH-000502,pancreas,0.32357950548111,0.26632468435602963,0.06358598007828536,0.4690633886337739,0.0,0.48901418245912937,0,0.5,0.13574784670607976,0.314428874853682,False,190,48
gemcitabine,lineage,1,ACH-001075,lung,0.298069110001581,0.21032854701494436,0.007589842737200092,0.4130672512926886,,0.5281672129935321,1,0.5,0.13574784670607976,0.314428874853682,False,190,48
gemcitabine,lineage,1,ACH-000505,soft tissue,0.243960800012334,0.16020265897325828,-0.042536045304485987,0.36294136325100257,,0.519632087829168,1,0.5,0.13574784670607976,0.314428874853682,False,190,48
gemcitabine,elastic_net,1,ACH-000313,kidney,0.112834159886351,0.2836468480882472,0.0641279432029895,0.5031657529735049,1.0,0.49072721794620866,0,0.5,0.13574784670607976,0.314428874853682,False,190,48
gemcitabine,elastic_net,1,ACH-000383,esophagus/stomach,0.146899069648402,0.20572614690382873,-0.013792757981428955,0.42524505178908645,,0.5004878107454201,1,0.5,0.13574784670607976,0.314428874853682,False,190,48
gemcitabine,elastic_net,1,ACH-000917,esophagus/stomach,0.193568089349458,0.20759567804518747,-0.011923226840070217,0.42711458293044513,,0.49440192986516157,0,0.5,0.13574784670607976,0.314428874853682,False,190,48
gemcitabine,elastic_net,1,ACH-000117,breast,0.452370207132767,0.28345572618893533,0.06393682130367764,0.502974631074193,0.0,0.48817570703565477,0,0.5,0.13574784670607976,0.314428874853682,False,190,48
gemcitabine,elastic_net,1,ACH-000322,skin,0.264768537603611,0.2751308936012605,0.055611988716002786,0.49464979848651813,,0.4900296157359894,0,0.5,0.13574784670607976,0.314428874853682,False,190,48
gemcitabine,elastic_net,1,ACH-000332,pancreas,0.266211318551093,0.2021709940453742,-0.01734791083988349,0.4216898989306319,,0.5082265588059972,1,0.5,0.13574784670607976,0.314428874853682,False,190,48
gemcitabine,elastic_net,1,ACH-000848,liver,0.116449070065414,0.2493225707721686,0.029803665886910913,0.4688414756574263,1.0,0.5125213312212833,1,0.5,0.13574784670607976,0.314428874853682,False,190,48
gemcitabine,elastic_net,1,ACH-000684,kidney,0.12661319144816,0.3008042647390047,0.08128535985374699,0.5203231696242624,1.0,0.49198647662854467,0,0.5,0.13574784670607976,0.314428874853682,False,190,48
gemcitabine,elastic_net,1,ACH-000732,head and neck,0.0701991976207702,0.2983179806151127,0.07879907572985503,0.5178368855003704,1.0,0.4979930107641347,0,0.5,0.13574784670607976,0.314428874853682,False,190,48
gemcitabine,elastic_net,1,ACH-000896,bladder/urinary tract,0.146939419411222,0.22534183623891366,0.005822931353655969,0.44486074112417134,,0.5093651436126705,1,0.5,0.13574784670607976,0.314428874853682,False,190,48
gemcitabine,elastic_net,1,ACH-000784,esophagus/stomach,0.539503519613251,0.34033318674391266,0.12081428185865498,0.5598520916291704,0.0,0.48817710263275105,0,0.5,0.13574784670607976,0.314428874853682,False,190,48
gemcitabine,elastic_net,1,ACH-000517,pancreas,0.205396054955735,0.169137975250428,-0.05038092963482968,0.38865688013568567,,0.5112427877158374,1,0.5,0.13574784670607976,0.314428874853682,False,190,48
gemcitabine,elastic_net,1,ACH-000108,pancreas,0.37772810609291,0.24467547921090205,0.02515657432564436,0.46419438409615976,0.0,0.4972634486882435,0,0.5,0.13574784670607976,0.314428874853682,False,190,48
gemcitabine,elastic_net,1,ACH-000866,lung,0.0260816167143128,0.2479065988458679,0.028387693960610222,0.46742550373112557,1.0,0.508630831795088,1,0.5,0.13574784670607976,0.314428874853682,False,190,48
gemcitabine,elastic_net,1,ACH-000163,head and neck,0.120233378230922,0.22487338738301565,0.0053544824977579675,0.44439229226827337,1.0,0.5073537716938331,1,0.5,0.13574784670607976,0.314428874853682,False,190,48
gemcitabine,elastic_net,1,ACH-000532,bowel,0.251184051125822,0.2547811015183625,0.035262196633104786,0.47430000640362013,,0.49133208615260165,0,0.5,0.13574784670607976,0.314428874853682,False,190,48
gemcitabine,elastic_net,1,ACH-000901,lung,0.297120905569749,0.18208190236330574,-0.03743700252195195,0.4016008072485634,,0.5005758119737207,1,0.5,0.13574784670607976,0.314428874853682,False,190,48
gemcitabine,elastic_net,1,ACH-000671,liver,0.358289498211876,0.3032044966954115,0.08368559181015381,0.5227234015806692,0.0,0.5109596506880003,1,0.5,0.13574784670607976,0.314428874853682,False,190,48
gemcitabine,elastic_net,1,ACH-000437,cns/brain,0.116120400976234,0.27516822567634625,0.05564932079108856,0.49468713056160396,1.0,0.5016146075875745,1,0.5,0.13574784670607976,0.314428874853682,False,190,48
gemcitabine,elastic_net,1,ACH-000503,head and neck,0.284537641825616,0.3256870976987068,0.10616819281344911,0.5452060025839645,,0.4882983285128985,0,0.5,0.13574784670607976,0.314428874853682,False,190,48
gemcitabine,elastic_net,1,ACH-000361,liver,0.189981827783858,0.3237203921923899,0.10420148730713222,0.5432392970776476,,0.4916469903064613,0,0.5,0.13574784670607976,0.314428874853682,False,190,48
gemcitabine,elastic_net,1,ACH-000407,uterus,0.105887242648371,0.2750215342183575,0.05550262933309982,0.4945404391036152,1.0,0.5017305630829969,1,0.5,0.13574784670607976,0.314428874853682,False,190,48
gemcitabine,elastic_net,1,ACH-000599,pancreas,0.271790631272004,0.1531215023993098,-0.06639740248594789,0.3726404072845675,,0.5123896962439057,1,0.5,0.13574784670607976,0.314428874853682,False,190,48
gemcitabine,elastic_net,1,ACH-000476,liver,0.149212430749236,0.1928540267086204,-0.02666487817663729,0.4123729315938781,,0.5111121723882123,1,0.5,0.13574784670607976,0.314428874853682,False,190,48
gemcitabine,elastic_net,1,ACH-000270,pancreas,0.373206221076306,0.2575603797184189,0.0380414748331612,0.47707928460367655,0.0,0.4884339138881369,0,0.5,0.13574784670607976,0.314428874853682,False,190,48
gemcitabine,elastic_net,1,ACH-000118,pancreas,0.174779329127951,0.1928132836729421,-0.026705621212315594,0.41233218855819975,,0.4978698448188959,0,0.5,0.13574784670607976,0.314428874853682,False,190,48
gemcitabine,elastic_net,1,ACH-000359,bone,0.088147751377425,0.23366964915420457,0.014150744268946885,0.45318855403946223,1.0,0.4897811143908491,0,0.5,0.13574784670607976,0.314428874853682,False,190,48
gemcitabine,elastic_net,1,ACH-000397,uterus,0.21934580887976,0.33609402421438406,0.11657511932912637,0.5556129290996418,,0.48856787306984717,0,0.5,0.13574784670607976,0.314428874853682,False,190,48
gemcitabine,elastic_net,1,ACH-000724,bladder/urinary tract,0.342882161764354,0.19363297248146707,-0.025885932403790612,0.41315187736672476,0.0,0.5116292521130793,1,0.5,0.13574784670607976,0.314428874853682,False,190,48
gemcitabine,elastic_net,1,ACH-000092,pleura,0.349388072712822,0.21492770875909312,-0.004591196126164571,0.4344466136443508,0.0,0.5121794735115449,1,0.5,0.13574784670607976,0.314428874853682,False,190,48
gemcitabine,elastic_net,1,ACH-000628,lung,0.334179578159933,0.24731469079738747,0.027795785912129778,0.46683359568264515,0.0,0.4900120995427715,0,0.5,0.13574784670607976,0.314428874853682,False,190,48
gemcitabine,elastic_net,1,ACH-000060,pancreas,0.262877867820953,0.19987040002387632,-0.019648504861381366,0.419389304909134,,0.5070113192314815,1,0.5,0.13574784670607976,0.314428874853682,False,190,48
gemcitabine,elastic_net,1,ACH-000927,breast,0.642480421680889,0.24853220827639355,0.029013303391135864,0.46805111316165127,0.0,0.49234726102806375,0,0.5,0.13574784670607976,0.314428874853682,False,190,48
gemcitabine,elastic_net,1,ACH-000905,bladder/urinary tract,0.298128096332781,0.2071888941619998,-0.0123300107232579,0.4267077990472575,,0.5101782927289893,1,0.5,0.13574784670607976,0.314428874853682,False,190,48
gemcitabine,elastic_net,1,ACH-000822,skin,0.345857641932971,0.2831391930347381,0.06362028814948043,0.5026580979199958,0.0,0.48931194746129725,0,0.5,0.13574784670607976,0.314428874853682,False,190,48
gemcitabine,elastic_net,1,ACH-000411,kidney,0.14454201828427,0.2843001744962325,0.06478126961097483,0.5038190793814902,,0.4982554878688356,0,0.5,0.13574784670607976,0.314428874853682,False,190,48
gemcitabine,elastic_net,1,ACH-000852,lung,0.330817995249277,0.14971701366385692,-0.06980189122140076,0.36923591854911464,0.0,0.5095477926213016,1,0.5,0.13574784670607976,0.314428874853682,False,190,48
gemcitabine,elastic_net,1,ACH-000364,bone,0.1056231685176,0.1833692355619877,-0.03614966932326999,0.4028881404472454,1.0,0.5097667308112843,1,0.5,0.13574784670607976,0.314428874853682,False,190,48
gemcitabine,elastic_net,1,ACH-000976,biliary tract,0.260053957980043,0.23970309703393702,0.020184192148679336,0.4592220019191947,,0.4967546133261583,0,0.5,0.13574784670607976,0.314428874853682,False,190,48
gemcitabine,elastic_net,1,ACH-000302,uterus,0.461892212968156,0.2722300091104085,0.05271110422515082,0.4917489139956662,0.0,0.4991318535483098,0,0.5,0.13574784670607976,0.314428874853682,False,190,48
gemcitabine,elastic_net,1,ACH-000965,uterus,0.229389741680772,0.2878919291920156,0.06837302430675793,0.5074108340772733,,0.49209118276492364,0,0.5,0.13574784670607976,0.314428874853682,False,190,48
gemcitabine,elastic_net,1,ACH-000693,esophagus/stomach,0.127510973768461,0.19926745367455329,-0.020251451210704402,0.41878635855981095,1.0,0.49528136580399984,0,0.5,0.13574784670607976,0.314428874853682,False,190,48
gemcitabine,elastic_net,1,ACH-000811,ovary/fallopian tube,0.213350198242968,0.3014812674953985,0.08196236261014081,0.5210001723806562,,0.48853018453904423,0,0.5,0.13574784670607976,0.314428874853682,False,190,48
gemcitabine,elastic_net,1,ACH-000899,skin,0.468653855101075,0.28140948105516594,0.06189057616990826,0.5009283859404237,0.0,0.49292389850422785,0,0.5,0.13574784670607976,0.314428874853682,False,190,48
gemcitabine,elastic_net,1,ACH-000316,liver,0.220913062928368,0.3599980616993933,0.14047915681413561,0.579516966584651,,0.49006559093514357,0,0.5,0.13574784670607976,0.314428874853682,False,190,48
gemcitabine,elastic_net,1,ACH-000159,kidney,0.209749289723786,0.2826963071373967,0.063177402252139,0.5022152120226544,,0.49395878638632607,0,0.5,0.13574784670607976,0.314428874853682,False,190,48
gemcitabine,elastic_net,1,ACH-000622,cns/brain,0.549727940210543,0.18560258306552133,-0.03391632181973636,0.405121487950779,0.0,0.5027729175108006,1,0.5,0.13574784670607976,0.314428874853682,False,190,48
gemcitabine,elastic_net,1,ACH-000335,pleura,0.12832990379445,0.1968194465249579,-0.022699458360299796,0.4163383514102156,1.0,0.5060937662698065,1,0.5,0.13574784670607976,0.314428874853682,False,190,48
gemcitabine,elastic_net,1,ACH-000062,lung,0.112520574758247,0.30685126087095005,0.08733235598569236,0.5263701657562078,1.0,0.48995461680522684,0,0.5,0.13574784670607976,0.314428874853682,False,190,48
gemcitabine,elastic_net,1,ACH-000919,esophagus/stomach,0.246424375212456,0.344487963111514,0.12496905822625629,0.5640068679967717,,0.49032636882604835,0,0.5,0.13574784670607976,0.314428874853682,False,190,48
gemcitabine,elastic_net,1,ACH-000682,head and neck,0.286552170674291,0.24580889695761127,0.02628999207235358,0.4653278018428689,,0.4918376830350883,0,0.5,0.13574784670607976,0.314428874853682,False,190,48
gemcitabine,elastic_net,1,ACH-000849,breast,0.156030147133263,0.30123186672060454,0.08171296183534685,0.5207507716058623,,0.48832297271264913,0,0.5,0.13574784670607976,0.314428874853682,False,190,48
gemcitabine,elastic_net,1,ACH-000219,skin,0.0769518953539225,0.23035750688474083,0.010838601999483138,0.4498764117699985,1.0,0.49966199535366806,0,0.5,0.13574784670607976,0.314428874853682,False,190,48
gemcitabine,elastic_net,1,ACH-000023,pancreas,0.125699249184404,0.19486578963421203,-0.02465311525104566,0.4143846945194697,1.0,0.5093138195415576,1,0.5,0.13574784670607976,0.314428874853682,False,190,48
gemcitabine,elastic_net,1,ACH-000771,head and neck,0.269822757671834,0.25468580211585473,0.035166897230597044,0.4742047070011124,,0.4986962920779053,0,0.5,0.13574784670607976,0.314428874853682,False,190,48
gemcitabine,elastic_net,1,ACH-000500,head and neck,0.194761258343755,0.2560452004998634,0.036526295614605714,0.47556410538512106,,0.4885493078522532,0,0.5,0.13574784670607976,0.314428874853682,False,190,48
gemcitabine,elastic_net,1,ACH-000967,bowel,0.172122471086465,0.26240816058427446,0.042889255699016776,0.4819270654695321,,0.4956342560640645,0,0.5,0.13574784670607976,0.314428874853682,False,190,48
gemcitabine,elastic_net,1,ACH-000502,pancreas,0.32357950548111,0.3015586110103034,0.08203970612504571,0.5210775158955611,0.0,0.49125718698482546,0,0.5,0.13574784670607976,0.314428874853682,False,190,48
gemcitabine,elastic_net,1,ACH-001075,lung,0.298069110001581,0.36162608727061535,0.14210718238535766,0.581144992155873,,0.48826591873504427,0,0.5,0.13574784670607976,0.314428874853682,False,190,48
gemcitabine,elastic_net,1,ACH-000505,soft tissue,0.243960800012334,0.18874030033260006,-0.03077860455265763,0.40825920521785775,,0.5098373702676803,1,0.5,0.13574784670607976,0.314428874853682,False,190,48
gemcitabine,xgboost,1,ACH-000313,kidney,0.112834159886351,0.25582119822502136,0.041198243701386306,0.4704441527486564,1.0,0.49852449500433443,0,0.5,0.13574784670607976,0.314428874853682,False,190,48
gemcitabine,xgboost,1,ACH-000383,esophagus/stomach,0.146899069648402,0.2395484745502472,0.024925520026612136,0.45417142907388225,,0.49911174809787345,0,0.5,0.13574784670607976,0.314428874853682,False,190,48
gemcitabine,xgboost,1,ACH-000917,esophagus/stomach,0.193568089349458,0.3253541588783264,0.11073120435469136,0.5399771134019615,,0.4993129653483077,0,0.5,0.13574784670607976,0.314428874853682,False,190,48
gemcitabine,xgboost,1,ACH-000117,breast,0.452370207132767,0.22826062142848969,0.013637666904854628,0.44288357595212474,0.0,0.4993160807325997,0,0.5,0.13574784670607976,0.314428874853682,False,190,48
gemcitabine,xgboost,1,ACH-000322,skin,0.264768537603611,0.3109514117240906,0.09632845720045552,0.5255743662477257,,0.4989181090908173,0,0.5,0.13574784670607976,0.314428874853682,False,190,48
gemcitabine,xgboost,1,ACH-000332,pancreas,0.266211318551093,0.2357889860868454,0.02116603156321034,0.45041194061048045,,0.4992960056018378,0,0.5,0.13574784670607976,0.314428874853682,False,190,48
gemcitabine,xgboost,1,ACH-000848,liver,0.116449070065414,0.25348255038261414,0.03885959585897908,0.4681055049062492,1.0,0.49973912280296984,0,0.5,0.13574784670607976,0.314428874853682,False,190,48
gemcitabine,xgboost,1,ACH-000684,kidney,0.12661319144816,0.2486574798822403,0.03403452535860524,0.46328043440587535,1.0,0.4987092446170621,0,0.5,0.13574784670607976,0.314428874853682,False,190,48
gemcitabine,xgboost,1,ACH-000732,head and neck,0.0701991976207702,0.2864222526550293,0.07179929813139424,0.5010452071786644,1.0,0.49991637264107075,0,0.5,0.13574784670607976,0.314428874853682,False,190,48
gemcitabine,xgboost,1,ACH-000896,bladder/urinary tract,0.146939419411222,0.25564345717430115,0.04102050265066609,0.4702664116979362,,0.5001591262071808,1,0.5,0.13574784670607976,0.314428874853682,False,190,48
gemcitabine,xgboost,1,ACH-000784,esophagus/stomach,0.539503519613251,0.3627749979496002,0.14815204342596516,0.5773979524732353,0.0,0.4992424308195416,0,0.5,0.13574784670607976,0.314428874853682,False,190,48
gemcitabine,xgboost,1,ACH-000517,pancreas,0.205396054955735,0.2829572856426239,0.06833433111898884,0.49758024016625896,,0.49831967729048676,0,0.5,0.13574784670607976,0.314428874853682,False,190,48
gemcitabine,xgboost,1,ACH-000108,pancreas,0.37772810609291,0.2017955631017685,-0.012827391421866563,0.41641851762540355,0.0,0.4998838900963456,0,0.5,0.13574784670607976,0.314428874853682,False,190,48
gemcitabine,xgboost,1,ACH-000866,lung,0.0260816167143128,0.1797724813222885,-0.034850473201346543,0.39439543584592357,1.0,0.5021239280897747,1,0.5,0.13574784670607976,0.314428874853682,False,190,48
gemcitabine,xgboost,1,ACH-000163,head and neck,0.120233378230922,0.2721331715583801,0.05751021703474507,0.4867561260820152,1.0,0.5009097773657266,1,0.5,0.13574784670607976,0.314428874853682,False,190,48
gemcitabine,xgboost,1,ACH-000532,bowel,0.251184051125822,0.23306643962860107,0.018443485104966018,0.44768939415223613,,0.49862923787656277,0,0.5,0.13574784670607976,0.314428874853682,False,190,48
gemcitabine,xgboost,1,ACH-000901,lung,0.297120905569749,0.2739669978618622,0.059344043338227126,0.48858995238549724,,0.49994446779874835,0,0.5,0.13574784670607976,0.314428874853682,False,190,48
gemcitabine,xgboost,1,ACH-000671,liver,0.358289498211876,0.3759080469608307,0.16128509243719563,0.5905310014844658,0.0,0.5009682072073961,1,0.5,0.13574784670607976,0.314428874853682,False,190,48
gemcitabine,xgboost,1,ACH-000437,cns/brain,0.116120400976234,0.2735525667667389,0.058929612243103835,0.48817552129037395,1.0,0.49974802602639967,0,0.5,0.13574784670607976,0.314428874853682,False,190,48
gemcitabine,xgboost,1,ACH-000503,head and neck,0.284537641825616,0.3566964864730835,0.14207353194944844,0.5713194409967186,,0.49810117196321857,0,0.5,0.13574784670607976,0.314428874853682,False,190,48
gemcitabine,xgboost,1,ACH-000361,liver,0.189981827783858,0.14883729815483093,-0.06578565636880412,0.363460252678466,,0.5014411234552183,1,0.5,0.13574784670607976,0.314428874853682,False,190,48
gemcitabine,xgboost,1,ACH-000407,uterus,0.105887242648371,0.23492330312728882,0.02030034860365376,0.4495462576509239,1.0,0.5012955336728544,1,0.5,0.13574784670607976,0.314428874853682,False,190,48
gemcitabine,xgboost,1,ACH-000599,pancreas,0.271790631272004,0.19562393426895142,-0.01899902025468364,0.4102468887925865,,0.5008808155459291,1,0.5,0.13574784670607976,0.314428874853682,False,190,48
gemcitabine,xgboost,1,ACH-000476,liver,0.149212430749236,0.24144336581230164,0.02682041128866658,0.4560663203359367,,0.5005969428235498,1,0.5,0.13574784670607976,0.314428874853682,False,190,48
gemcitabine,xgboost,1,ACH-000270,pancreas,0.373206221076306,0.2178264856338501,0.003203531110215041,0.43244944015748515,0.0,0.49883059670212726,0,0.5,0.13574784670607976,0.314428874853682,False,190,48
gemcitabine,xgboost,1,ACH-000118,pancreas,0.174779329127951,0.2706194221973419,0.05599646767370686,0.485242376720977,,0.49975794813616475,0,0.5,0.13574784670607976,0.314428874853682,False,190,48
gemcitabine,xgboost,1,ACH-000359,bone,0.088147751377425,0.2344432771205902,0.019820322596955153,0.44906623164422527,1.0,0.4995679541370563,0,0.5,0.13574784670607976,0.314428874853682,False,190,48
gemcitabine,xgboost,1,ACH-000397,uterus,0.21934580887976,0.3248870372772217,0.11026408275358662,0.5395099918008568,,0.49825160016634923,0,0.5,0.13574784670607976,0.314428874853682,False,190,48
gemcitabine,xgboost,1,ACH-000724,bladder/urinary tract,0.342882161764354,0.35933321714401245,0.1447102626203774,0.5739561716676476,0.0,0.5001731388303884,1,0.5,0.13574784670607976,0.314428874853682,False,190,48
gemcitabine,xgboost,1,ACH-000092,pleura,0.349388072712822,0.2141714096069336,-0.0004515449167014629,0.42879436413056865,0.0,0.5004339601993885,1,0.5,0.13574784670607976,0.314428874853682,False,190,48
gemcitabine,xgboost,1,ACH-000628,lung,0.334179578159933,0.3170486390590668,0.10242568453543172,0.5316715935827019,0.0,0.4981459208697512,0,0.5,0.13574784670607976,0.314428874853682,False,190,48
gemcitabine,xgboost,1,ACH-000060,pancreas,0.262877867820953,0.23311075568199158,0.01848780115835652,0.44773371020562663,,0.49929192172832076,0,0.5,0.13574784670607976,0.314428874853682,False,190,48
gemcitabine,xgboost,1,ACH-000927,breast,0.642480421680889,0.28756242990493774,0.07293947538130269,0.5021853844285729,0.0,0.49867679412112986,0,0.5,0.13574784670607976,0.314428874853682,False,190,48
gemcitabine,xgboost,1,ACH-000905,bladder/urinary tract,0.298128096332781,0.23934204876422882,0.024719094240593764,0.4539650032878639,,0.5002042144827109,1,0.5,0.13574784670607976,0.314428874853682,False,190,48
gemcitabine,xgboost,1,ACH-000822,skin,0.345857641932971,0.21947021782398224,0.004847263300347182,0.4340931723476173,0.0,0.49922443040888065,0,0.5,0.13574784670607976,0.314428874853682,False,190,48
gemcitabine,xgboost,1,ACH-000411,kidney,0.14454201828427,0.2829989492893219,0.06837599476568684,0.49762190381295696,,0.49876617685341357,0,0.5,0.13574784670607976,0.314428874853682,False,190,48
gemcitabine,xgboost,1,ACH-000852,lung,0.330817995249277,0.2798644006252289,0.06524144610159383,0.49448735514886394,0.0,0.5001235087600456,1,0.5,0.13574784670607976,0.314428874853682,False,190,48
gemcitabine,xgboost,1,ACH-000364,bone,0.1056231685176,0.2354298233985901,0.02080686887495503,0.45005277792222514,1.0,0.5002626441388088,1,0.5,0.13574784670607976,0.314428874853682,False,190,48
gemcitabine,xgboost,1,ACH-000976,biliary tract,0.260053957980043,0.1896553635597229,-0.024967590963912156,0.40427831808335796,,0.4995874164072288,0,0.5,0.13574784670607976,0.314428874853682,False,190,48
gemcitabine,xgboost,1,ACH-000302,uterus,0.461892212968156,0.23717841506004333,0.02255546053640828,0.4518013695836784,0.0,0.5007653387817529,1,0.5,0.13574784670607976,0.314428874853682,False,190,48
gemcitabine,xgboost,1,ACH-000965,uterus,0.229389741680772,0.2820097804069519,0.06738682588331685,0.49663273493058696,,0.49829416554245576,0,0.5,0.13574784670607976,0.314428874853682,False,190,48
gemcitabine,xgboost,1,ACH-000693,esophagus/stomach,0.127510973768461,0.21477271616458893,0.00014976164095387157,0.429395670688224,1.0,0.49983658292721134,0,0.5,0.13574784670607976,0.314428874853682,False,190,48
gemcitabine,xgboost,1,ACH-000811,ovary/fallopian tube,0.213350198242968,0.28322985768318176,0.0686069031595467,0.4978528122068168,,0.4984700418146687,0,0.5,0.13574784670607976,0.314428874853682,False,190,48
gemcitabine,xgboost,1,ACH-000899,skin,0.468653855101075,0.28215718269348145,0.06753422816984639,0.4967801372171165,0.0,0.4987843391810264,0,0.5,0.13574784670607976,0.314428874853682,False,190,48
gemcitabine,xgboost,1,ACH-000316,liver,0.220913062928368,0.33208417892456055,0.11746122440092549,0.5467071334481957,,0.49956568428414094,0,0.5,0.13574784670607976,0.314428874853682,False,190,48
gemcitabine,xgboost,1,ACH-000159,kidney,0.209749289723786,0.20989277958869934,-0.004730174934935716,0.4245157341123344,,0.4997327590273759,0,0.5,0.13574784670607976,0.314428874853682,False,190,48
gemcitabine,xgboost,1,ACH-000622,cns/brain,0.549727940210543,0.20777377486228943,-0.006849179661345628,0.4223967293859245,0.0,0.5015920502520493,1,0.5,0.13574784670607976,0.314428874853682,False,190,48
gemcitabine,xgboost,1,ACH-000335,pleura,0.12832990379445,0.18081694841384888,-0.03380600610978618,0.39543990293748393,1.0,0.5006911580214586,1,0.5,0.13574784670607976,0.314428874853682,False,190,48
gemcitabine,xgboost,1,ACH-000062,lung,0.112520574758247,0.2796515226364136,0.06502856811277852,0.49427447716004863,1.0,0.499068795679396,0,0.5,0.13574784670607976,0.314428874853682,False,190,48
gemcitabine,xgboost,1,ACH-000919,esophagus/stomach,0.246424375212456,0.24632924795150757,0.03170629342787251,0.4609522024751426,,0.49911990465787065,0,0.5,0.13574784670607976,0.314428874853682,False,190,48
gemcitabine,xgboost,1,ACH-000682,head and neck,0.286552170674291,0.2961883246898651,0.08156537016623006,0.5108112792135002,,0.49795559879458584,0,0.5,0.13574784670607976,0.314428874853682,False,190,48
gemcitabine,xgboost,1,ACH-000849,breast,0.156030147133263,0.3016428053379059,0.08701985081427083,0.516265759861541,,0.4979427157249785,0,0.5,0.13574784670607976,0.314428874853682,False,190,48
gemcitabine,xgboost,1,ACH-000219,skin,0.0769518953539225,0.18471790850162506,-0.029905046022009996,0.3993408630252601,1.0,0.5007830485690293,1,0.5,0.13574784670607976,0.314428874853682,False,190,48
gemcitabine,xgboost,1,ACH-000023,pancreas,0.125699249184404,0.2172437608242035,0.0026208063005684346,0.43186671534783855,1.0,0.5013864696730486,1,0.5,0.13574784670607976,0.314428874853682,False,190,48
gemcitabine,xgboost,1,ACH-000771,head and neck,0.269822757671834,0.2629200518131256,0.048297097289490554,0.47754300633676067,,0.4989460754818443,0,0.5,0.13574784670607976,0.314428874853682,False,190,48
gemcitabine,xgboost,1,ACH-000500,head and neck,0.194761258343755,0.23771162331104279,0.02308866878740773,0.45233457783467784,,0.49861370281863726,0,0.5,0.13574784670607976,0.314428874853682,False,190,48
gemcitabine,xgboost,1,ACH-000967,bowel,0.172122471086465,0.29860585927963257,0.08398290475599751,0.5132288138032677,,0.4980412111627071,0,0.5,0.13574784670607976,0.314428874853682,False,190,48
gemcitabine,xgboost,1,ACH-000502,pancreas,0.32357950548111,0.29138678312301636,0.0767638285993813,0.5060097376466515,0.0,0.4998384386340511,0,0.5,0.13574784670607976,0.314428874853682,False,190,48
gemcitabine,xgboost,1,ACH-001075,lung,0.298069110001581,0.3178587853908539,0.10323583086721883,0.532481739914489,,0.4994887231902114,0,0.5,0.13574784670607976,0.314428874853682,False,190,48
gemcitabine,xgboost,1,ACH-000505,soft tissue,0.243960800012334,0.189918652176857,-0.024704302346778062,0.40454160670049205,,0.5015055768392391,1,0.5,0.13574784670607976,0.314428874853682,False,190,48
gemcitabine,lineage,2,ACH-000792,kidney,0.282323375338729,0.1890748616875288,-0.05086441873212283,0.4290141421071804,,0.5195892990663253,1,0.5,0.135663416378636,0.314428874853682,False,190,48
gemcitabine,lineage,2,ACH-000941,uterus,0.373949584399331,0.2874838390011984,0.04754455858154677,0.5274231194208501,0.0,0.49639582664698056,0,0.5,0.135663416378636,0.314428874853682,False,190,48
gemcitabine,lineage,2,ACH-000376,cns/brain,0.152648870071503,0.17345700140752687,-0.06648227901212475,0.41339628182717847,,0.5187380756395402,1,0.5,0.135663416378636,0.314428874853682,False,190,48
gemcitabine,lineage,2,ACH-000880,esophagus/stomach,0.210696322848326,0.24679758145837927,0.006858301038727643,0.4867368618780309,,0.49639582664698056,0,0.5,0.135663416378636,0.314428874853682,False,190,48
gemcitabine,lineage,2,ACH-000805,skin,0.15810740130585,0.2592798091812332,0.0193405287615816,0.49921908960088485,,0.4887457332600215,0,0.5,0.135663416378636,0.314428874853682,False,190,48
gemcitabine,lineage,2,ACH-000331,pleura,0.394547510097204,0.2804585403062896,0.04051925988663796,0.5203978207259412,0.0,0.502369832943912,1,0.5,0.135663416378636,0.314428874853682,False,190,48
gemcitabine,lineage,2,ACH-000429,kidney,0.30616574610135,0.1890748616875288,-0.05086441873212283,0.4290141421071804,,0.5195892990663253,1,0.5,0.135663416378636,0.314428874853682,False,190,48
gemcitabine,lineage,2,ACH-000012,lung,0.126587378669683,0.22941403645846903,-0.010525243961182595,0.46935331687812065,1.0,0.5066996271203121,1,0.5,0.135663416378636,0.314428874853682,False,190,48
gemcitabine,lineage,2,ACH-000662,lung,0.223281332957621,0.22941403645846903,-0.010525243961182595,0.46935331687812065,,0.5066996271203121,1,0.5,0.135663416378636,0.314428874853682,False,190,48
gemcitabine,lineage,2,ACH-000943,bowel,0.199201813703958,0.1881152966020341,-0.05182398381761752,0.4280545770216857,,0.5190312621329839,1,0.5,0.135663416378636,0.314428874853682,False,190,48
gemcitabine,lineage,2,ACH-000153,pleura,0.321465617916453,0.2804585403062896,0.04051925988663796,0.5203978207259412,0.0,0.502369832943912,1,0.5,0.135663416378636,0.314428874853682,False,190,48
gemcitabine,lineage,2,ACH-000898,esophagus/stomach,0.227915694964798,0.24679758145837927,0.006858301038727643,0.4867368618780309,,0.49639582664698056,0,0.5,0.135663416378636,0.314428874853682,False,190,48
gemcitabine,lineage,2,ACH-000681,lung,0.349099091930933,0.22941403645846903,-0.010525243961182595,0.46935331687812065,0.0,0.5066996271203121,1,0.5,0.135663416378636,0.314428874853682,False,190,48
gemcitabine,lineage,2,ACH-000748,bone,0.596887885941498,0.21938925988108315,-0.02055002053856847,0.4593285403007348,0.0,0.5149544283730921,1,0.5,0.135663416378636,0.314428874853682,False,190,48
gemcitabine,lineage,2,ACH-000834,bladder/urinary tract,0.117357767089211,0.20644146947242528,-0.03349781094722634,0.4463807498920769,1.0,0.5017636190085135,1,0.5,0.135663416378636,0.314428874853682,False,190,48
gemcitabine,lineage,2,ACH-000318,esophagus/stomach,0.201611488102552,0.24679758145837927,0.006858301038727643,0.4867368618780309,,0.49639582664698056,0,0.5,0.135663416378636,0.314428874853682,False,190,48
gemcitabine,lineage,2,ACH-000139,pancreas,0.058846154540904,0.3068225377122795,0.0668832572926279,0.5467618181319311,1.0,0.47305041510533097,0,0.5,0.135663416378636,0.314428874853682,False,190,48
gemcitabine,lineage,2,ACH-000486,bladder/urinary tract,0.109564789187909,0.20644146947242528,-0.03349781094722634,0.4463807498920769,1.0,0.5017636190085135,1,0.5,0.135663416378636,0.314428874853682,False,190,48
gemcitabine,lineage,2,ACH-000415,head and neck,0.0660641590796608,0.20840348829823824,-0.031535792121413386,0.44834276871788986,1.0,0.5195892990663253,1,0.5,0.135663416378636,0.314428874853682,False,190,48
gemcitabine,lineage,2,ACH-000618,head and neck,0.249828585555092,0.20840348829823824,-0.031535792121413386,0.44834276871788986,,0.5195892990663253,1,0.5,0.135663416378636,0.314428874853682,False,190,48
gemcitabine,lineage,2,ACH-000756,cns/brain,0.0664740850795138,0.17345700140752687,-0.06648227901212475,0.41339628182717847,1.0,0.5187380756395402,1,0.5,0.135663416378636,0.314428874853682,False,190,48
gemcitabine,lineage,2,ACH-000265,pancreas,0.209875924722813,0.3068225377122795,0.0668832572926279,0.5467618181319311,,0.47305041510533097,0,0.5,0.135663416378636,0.314428874853682,False,190,48
gemcitabine,lineage,2,ACH-000906,ovary/fallopian tube,0.476465953235864,0.25094415352546173,0.011004873105810109,0.49088343394511336,0.0,0.5074944579739921,1,0.5,0.135663416378636,0.314428874853682,False,190,48
gemcitabine,lineage,2,ACH-000237,ovary/fallopian tube,0.15055295068594,0.25094415352546173,0.011004873105810109,0.49088343394511336,,0.5074944579739921,1,0.5,0.135663416378636,0.314428874853682,False,190,48
gemcitabine,lineage,2,ACH-000936,ovary/fallopian tube,0.253630680721432,0.25094415352546173,0.011004873105810109,0.49088343394511336,,0.5074944579739921,1,0.5,0.135663416378636,0.314428874853682,False,190,48
gemcitabine,lineage,2,ACH-000716,thyroid,0.0327628301265351,0.1980106512093449,-0.04192862921030671,0.43794993162899654,1.0,0.5133419313117715,1,0.5,0.135663416378636,0.314428874853682,False,190,48
gemcitabine,lineage,2,ACH-000504,cns/brain,0.282319398022187,0.17345700140752687,-0.06648227901212475,0.41339628182717847,,0.5187380756395402,1,0.5,0.135663416378636,0.314428874853682,False,190,48
gemcitabine,lineage,2,ACH-000572,skin,0.383482620934239,0.2592798091812332,0.0193405287615816,0.49921908960088485,0.0,0.4887457332600215,0,0.5,0.135663416378636,0.314428874853682,False,190,48
gemcitabine,lineage,2,ACH-000018,bladder/urinary tract,0.0757101554384452,0.20644146947242528,-0.03349781094722634,0.4463807498920769,1.0,0.5017636190085135,1,0.5,0.135663416378636,0.314428874853682,False,190,48
gemcitabine,lineage,2,ACH-000669,lung,0.202242161233541,0.22941403645846903,-0.010525243961182595,0.46935331687812065,,0.5066996271203121,1,0.5,0.135663416378636,0.314428874853682,False,190,48
gemcitabine,lineage,2,ACH-000648,pleura,0.503505596286504,0.2804585403062896,0.04051925988663796,0.5203978207259412,0.0,0.502369832943912,1,0.5,0.135663416378636,0.314428874853682,False,190,48
gemcitabine,lineage,2,ACH-000589,lung,0.136481085273125,0.22941403645846903,-0.010525243961182595,0.46935331687812065,,0.5066996271203121,1,0.5,0.135663416378636,0.314428874853682,False,190,48
gemcitabine,lineage,2,ACH-000279,bone,0.097917381994675,0.21938925988108315,-0.02055002053856847,0.4593285403007348,1.0,0.5149544283730921,1,0.5,0.135663416378636,0.314428874853682,False,190,48
gemcitabine,lineage,2,ACH-000021,lung,0.083933096420159,0.22941403645846903,-0.010525243961182595,0.46935331687812065,1.0,0.5066996271203121,1,0.5,0.135663416378636,0.314428874853682,False,190,48
gemcitabine,lineage,2,ACH-000573,breast,0.276229820518854,0.3242119821874364,0.08427270176778479,0.564151262607088,,0.46881650741880165,0,0.5,0.135663416378636,0.314428874853682,False,190,48
gemcitabine,lineage,2,ACH-001190,skin,0.128739496946168,0.2592798091812332,0.0193405287615816,0.49921908960088485,1.0,0.4887457332600215,0,0.5,0.135663416378636,0.314428874853682,False,190,48
gemcitabine,lineage,2,ACH-000766,lung,0.224962128296842,0.22941403645846903,-0.010525243961182595,0.46935331687812065,,0.5066996271203121,1,0.5,0.135663416378636,0.314428874853682,False,190,48
gemcitabine,lineage,2,ACH-000804,peripheral nervous system,0.201145397118304,0.19934625383853516,-0.040593026581116465,0.4392855342581868,,0.5133419313117715,1,0.5,0.135663416378636,0.314428874853682,False,190,48
gemcitabine,lineage,2,ACH-000921,lung,0.0152363212278731,0.22941403645846903,-0.010525243961182595,0.46935331687812065,1.0,0.5066996271203121,1,0.5,0.135663416378636,0.314428874853682,False,190,48
gemcitabine,lineage,2,ACH-000488,esophagus/stomach,0.356031755156877,0.24679758145837927,0.006858301038727643,0.4867368618780309,0.0,0.49639582664698056,0,0.5,0.135663416378636,0.314428874853682,False,190,48
gemcitabine,lineage,2,ACH-000835,soft tissue,0.287066510818247,0.18893667045823265,-0.051002609961418977,0.42887595087788427,,0.5195892990663253,1,0.5,0.135663416378636,0.314428874853682,False,190,48
gemcitabine,lineage,2,ACH-000480,liver,0.75445679756289,0.274105552772504,0.034166272352852356,0.5140448331921557,0.0,0.5013994384415715,1,0.5,0.135663416378636,0.314428874853682,False,190,48
gemcitabine,lineage,2,ACH-000292,lung,0.109538300556562,0.22941403645846903,-0.010525243961182595,0.46935331687812065,1.0,0.5066996271203121,1,0.5,0.135663416378636,0.314428874853682,False,190,48
gemcitabine,lineage,2,ACH-000601,pancreas,0.249737195190422,0.3068225377122795,0.0668832572926279,0.5467618181319311,,0.47305041510533097,0,0.5,0.135663416378636,0.314428874853682,False,190,48
gemcitabine,lineage,2,ACH-000244,cns/brain,0.327003516449987,0.17345700140752687,-0.06648227901212475,0.41339628182717847,0.0,0.5187380756395402,1,0.5,0.135663416378636,0.314428874853682,False,190,48
gemcitabine,lineage,2,ACH-000416,lung,0.155525060433737,0.22941403645846903,-0.010525243961182595,0.46935331687812065,,0.5066996271203121,1,0.5,0.135663416378636,0.314428874853682,False,190,48
gemcitabine,lineage,2,ACH-000207,head and neck,0.184180895534584,0.20840348829823824,-0.031535792121413386,0.44834276871788986,,0.5195892990663253,1,0.5,0.135663416378636,0.314428874853682,False,190,48
gemcitabine,lineage,2,ACH-000764,esophagus/stomach,0.142683299563831,0.24679758145837927,0.006858301038727643,0.4867368618780309,,0.49639582664698056,0,0.5,0.135663416378636,0.314428874853682,False,190,48
gemcitabine,lineage,2,ACH-000778,head and neck,0.264940936148524,0.20840348829823824,-0.031535792121413386,0.44834276871788986,,0.5195892990663253,1,0.5,0.135663416378636,0.314428874853682,False,190,48
gemcitabine,lineage,2,ACH-000174,thyroid,0.145923726447716,0.1980106512093449,-0.04192862921030671,0.43794993162899654,,0.5133419313117715,1,0.5,0.135663416378636,0.314428874853682,False,190,48
gemcitabine,lineage,2,ACH-000776,cns/brain,0.349290729231202,0.17345700140752687,-0.06648227901212475,0.41339628182717847,0.0,0.5187380756395402,1,0.5,0.135663416378636,0.314428874853682,False,190,48
gemcitabine,lineage,2,ACH-000521,lung,0.134813791642225,0.22941403645846903,-0.010525243961182595,0.46935331687812065,1.0,0.5066996271203121,1,0.5,0.135663416378636,0.314428874853682,False,190,48
gemcitabine,lineage,2,ACH-000347,pancreas,0.326528988615553,0.3068225377122795,0.0668832572926279,0.5467618181319311,0.0,0.47305041510533097,0,0.5,0.135663416378636,0.314428874853682,False,190,48
gemcitabine,lineage,2,ACH-000097,breast,0.227430810647586,0.3242119821874364,0.08427270176778479,0.564151262607088,,0.46881650741880165,0,0.5,0.135663416378636,0.314428874853682,False,190,48
gemcitabine,lineage,2,ACH-000977,prostate,0.225025401354518,0.17808139198919862,-0.061857888430453006,0.4180206724088502,,0.5035803442135071,1,0.5,0.135663416378636,0.314428874853682,False,190,48
gemcitabine,lineage,2,ACH-000788,skin,0.336670564138324,0.2592798091812332,0.0193405287615816,0.49921908960088485,0.0,0.4887457332600215,0,0.5,0.135663416378636,0.314428874853682,False,190,48
gemcitabine,lineage,2,ACH-000015,lung,0.20292847480008,0.22941403645846903,-0.010525243961182595,0.46935331687812065,,0.5066996271203121,1,0.5,0.135663416378636,0.314428874853682,False,190,48
gemcitabine,lineage,2,ACH-000791,lung,0.296399494912836,0.22941403645846903,-0.010525243961182595,0.46935331687812065,,0.5066996271203121,1,0.5,0.135663416378636,0.314428874853682,False,190,48
gemcitabine,lineage,2,ACH-000217,liver,0.0921605394823099,0.274105552772504,0.034166272352852356,0.5140448331921557,1.0,0.5013994384415715,1,0.5,0.135663416378636,0.314428874853682,False,190,48
gemcitabine,lineage,2,ACH-000968,skin,0.378216909730387,0.2592798091812332,0.0193405287615816,0.49921908960088485,0.0,0.4887457332600215,0,0.5,0.135663416378636,0.314428874853682,False,190,48
gemcitabine,elastic_net,2,ACH-000792,kidney,0.282323375338729,0.2689062519206269,0.012648413104848932,0.5251640907364048,,0.4863361083192281,0,0.5,0.135663416378636,0.314428874853682,False,190,48
gemcitabine,elastic_net,2,ACH-000941,uterus,0.373949584399331,0.2061132519998734,-0.05014458681590456,0.46237109081565136,0.0,0.4472000334482331,0,0.5,0.135663416378636,0.314428874853682,False,190,48
gemcitabine,elastic_net,2,ACH-000376,cns/brain,0.152648870071503,0.21574740163335288,-0.040510437182425085,0.47200524044913084,,0.5593031880386754,1,0.5,0.135663416378636,0.314428874853682,False,190,48
gemcitabine,elastic_net,2,ACH-000880,esophagus/stomach,0.210696322848326,0.23804374402864104,-0.018214094787136925,0.494301582844419,,0.5293201740177774,1,0.5,0.135663416378636,0.314428874853682,False,190,48
gemcitabine,elastic_net,2,ACH-000805,skin,0.15810740130585,0.20166163150639496,-0.054596207309383,0.45791947032217295,,0.5058077054960846,1,0.5,0.135663416378636,0.314428874853682,False,190,48
gemcitabine,elastic_net,2,ACH-000331,pleura,0.394547510097204,0.178170109933578,-0.07808772888219995,0.434427948749356,0.0,0.5593715040654046,1,0.5,0.135663416378636,0.314428874853682,False,190,48
gemcitabine,elastic_net,2,ACH-000429,kidney,0.30616574610135,0.19028326021581182,-0.06597457859996614,0.4465410990315898,,0.5798220320400485,1,0.5,0.135663416378636,0.314428874853682,False,190,48
gemcitabine,elastic_net,2,ACH-000012,lung,0.126587378669683,0.07701597081555595,-0.17924186800022202,0.3332738096313339,1.0,0.5869154822345557,1,0.5,0.135663416378636,0.314428874853682,False,190,48
gemcitabine,elastic_net,2,ACH-000662,lung,0.223281332957621,0.2121339860381912,-0.044123852777586764,0.46839182485396913,,0.5705855638421938,1,0.5,0.135663416378636,0.314428874853682,False,190,48
gemcitabine,elastic_net,2,ACH-000943,bowel,0.199201813703958,0.20996045343245648,-0.04629738538332148,0.4662182922482344,,0.5872673668183004,1,0.5,0.135663416378636,0.314428874853682,False,190,48
gemcitabine,elastic_net,2,ACH-000153,pleura,0.321465617916453,0.26324613672361596,0.006988297907838004,0.519503975539394,0.0,0.48667310233446015,0,0.5,0.135663416378636,0.314428874853682,False,190,48
gemcitabine,elastic_net,2,ACH-000898,esophagus/stomach,0.227915694964798,0.24247141453265628,-0.013786424283121684,0.4987292533484342,,0.534000486036349,1,0.5,0.135663416378636,0.314428874853682,False,190,48
gemcitabine,elastic_net,2,ACH-000681,lung,0.349099091930933,0.24599913664362824,-0.01025870217214972,0.5022569754594062,0.0,0.4756938236531762,0,0.5,0.135663416378636,0.314428874853682,False,190,48
gemcitabine,elastic_net,2,ACH-000748,bone,0.596887885941498,0.16192756523214652,-0.09433027358363144,0.4181854040479245,0.0,0.5737913815155535,1,0.5,0.135663416378636,0.314428874853682,False,190,48
gemcitabine,elastic_net,2,ACH-000834,bladder/urinary tract,0.117357767089211,0.3034561206604075,0.04719828184462954,0.5597139594761855,1.0,0.43545305121690586,0,0.5,0.135663416378636,0.314428874853682,False,190,48
gemcitabine,elastic_net,2,ACH-000318,esophagus/stomach,0.201611488102552,0.2787504015510376,0.022492562735259625,0.5350082403668155,,0.4658649083949525,0,0.5,0.135663416378636,0.314428874853682,False,190,48
gemcitabine,elastic_net,2,ACH-000139,pancreas,0.058846154540904,0.18409993422381382,-0.07215790459196414,0.4403577730395918,1.0,0.5506718075208139,1,0.5,0.135663416378636,0.314428874853682,False,190,48
gemcitabine,elastic_net,2,ACH-000486,bladder/urinary tract,0.109564789187909,0.2123719331596135,-0.04388590565616446,0.46862977197539146,1.0,0.5754894660065301,1,0.5,0.135663416378636,0.314428874853682,False,190,48
gemcitabine,elastic_net,2,ACH-000415,head and neck,0.0660641590796608,0.3072803910016386,0.05102255218586066,0.5635382298174165,1.0,0.4270563095445806,0,0.5,0.135663416378636,0.314428874853682,False,190,48
gemcitabine,elastic_net,2,ACH-000618,head and neck,0.249828585555092,0.2771730497494273,0.020915210933649342,0.5334308885652053,,0.5279851580833371,1,0.5,0.135663416378636,0.314428874853682,False,190,48
gemcitabine,elastic_net,2,ACH-000756,cns/brain,0.0664740850795138,0.20546498926117612,-0.05079284955460184,0.4617228280769541,1.0,0.49753497612188363,0,0.5,0.135663416378636,0.314428874853682,False,190,48
gemcitabine,elastic_net,2,ACH-000265,pancreas,0.209875924722813,0.1781325912894117,-0.07812524752636626,0.43439043010518963,,0.5789949979764065,1,0.5,0.135663416378636,0.314428874853682,False,190,48
gemcitabine,elastic_net,2,ACH-000906,ovary/fallopian tube,0.476465953235864,0.17295672344134475,-0.08330111537443322,0.42921456225712273,0.0,0.5825329974557563,1,0.5,0.135663416378636,0.314428874853682,False,190,48
gemcitabine,elastic_net,2,ACH-000237,ovary/fallopian tube,0.15055295068594,0.3535723246127534,0.09731448579697544,0.6098301634285314,,0.424304537419679,0,0.5,0.135663416378636,0.314428874853682,False,190,48
gemcitabine,elastic_net,2,ACH-000936,ovary/fallopian tube,0.253630680721432,0.2499129965101082,-0.006344842305669757,0.5061708353258861,,0.4322811343857916,0,0.5,0.135663416378636,0.314428874853682,False,190,48
gemcitabine,elastic_net,2,ACH-000716,thyroid,0.0327628301265351,0.22810603770081045,-0.028151801114967512,0.4843638765165884,1.0,0.5804455524795434,1,0.5,0.135663416378636,0.314428874853682,False,190,48
gemcitabine,elastic_net,2,ACH-000504,cns/brain,0.282319398022187,0.2674387537012075,0.01118091488542955,0.5236965925169854,,0.4368021693868914,0,0.5,0.135663416378636,0.314428874853682,False,190,48
gemcitabine,elastic_net,2,ACH-000572,skin,0.383482620934239,0.2417853281653097,-0.014472510650468257,0.49804316698108764,0.0,0.4717574860702165,0,0.5,0.135663416378636,0.314428874853682,False,190,48
gemcitabine,elastic_net,2,ACH-000018,bladder/urinary tract,0.0757101554384452,0.19406799337252353,-0.06218984544325443,0.45032583218830147,1.0,0.5867267339120875,1,0.5,0.135663416378636,0.314428874853682,False,190,48
gemcitabine,elastic_net,2,ACH-000669,lung,0.202242161233541,0.15674688169039108,-0.09951095712538688,0.41300472050616904,,0.57368370360125,1,0.5,0.135663416378636,0.314428874853682,False,190,48
gemcitabine,elastic_net,2,ACH-000648,pleura,0.503505596286504,0.21389384156688485,-0.042363997248893115,0.4701516803826628,0.0,0.4493456274044473,0,0.5,0.135663416378636,0.314428874853682,False,190,48
gemcitabine,elastic_net,2,ACH-000589,lung,0.136481085273125,0.3059529255809017,0.04969508676512374,0.5622107643966796,,0.43395964534363063,0,0.5,0.135663416378636,0.314428874853682,False,190,48
gemcitabine,elastic_net,2,ACH-000279,bone,0.097917381994675,0.17067604489397728,-0.08558179392180068,0.42693388370975527,1.0,0.5856989948116272,1,0.5,0.135663416378636,0.314428874853682,False,190,48
gemcitabine,elastic_net,2,ACH-000021,lung,0.083933096420159,0.17190004579882578,-0.08435779301695218,0.42815788461460375,1.0,0.5522975689449409,1,0.5,0.135663416378636,0.314428874853682,False,190,48
gemcitabine,elastic_net,2,ACH-000573,breast,0.276229820518854,0.2152200966622656,-0.04103774215351236,0.47147793547804356,,0.5650681589628218,1,0.5,0.135663416378636,0.314428874853682,False,190,48
gemcitabine,elastic_net,2,ACH-001190,skin,0.128739496946168,0.2235621465980306,-0.032695692217747374,0.47981998541380855,1.0,0.4487527086399851,0,0.5,0.135663416378636,0.314428874853682,False,190,48
gemcitabine,elastic_net,2,ACH-000766,lung,0.224962128296842,0.2483580311731289,-0.007899807642649054,0.5046158699889068,,0.4498241215968449,0,0.5,0.135663416378636,0.314428874853682,False,190,48
gemcitabine,elastic_net,2,ACH-000804,peripheral nervous system,0.201145397118304,0.21002537966229845,-0.04623245915347951,0.4662832184780764,,0.5206131826183715,1,0.5,0.135663416378636,0.314428874853682,False,190,48
gemcitabine,elastic_net,2,ACH-000921,lung,0.0152363212278731,0.21486712498594007,-0.04139071382983789,0.47112496380171803,1.0,0.5799227593930615,1,0.5,0.135663416378636,0.314428874853682,False,190,48
gemcitabine,elastic_net,2,ACH-000488,esophagus/stomach,0.356031755156877,0.26870281163968834,0.012444972823910383,0.5249606504554662,0.0,0.4518481544646402,0,0.5,0.135663416378636,0.314428874853682,False,190,48
gemcitabine,elastic_net,2,ACH-000835,soft tissue,0.287066510818247,0.20748997700194083,-0.04876786181383713,0.4637478158177188,,0.5772625417859599,1,0.5,0.135663416378636,0.314428874853682,False,190,48
gemcitabine,elastic_net,2,ACH-000480,liver,0.75445679756289,0.21326246797136247,-0.04299537084441549,0.4695203067871404,0.0,0.5815308731164807,1,0.5,0.135663416378636,0.314428874853682,False,190,48
gemcitabine,elastic_net,2,ACH-000292,lung,0.109538300556562,0.1568000865032073,-0.09945775231257067,0.4130579253189852,1.0,0.5851320865848425,1,0.5,0.135663416378636,0.314428874853682,False,190,48
gemcitabine,elastic_net,2,ACH-000601,pancreas,0.249737195190422,0.2200732224837382,-0.03618461633203976,0.4763310612995162,,0.57233081764262,1,0.5,0.135663416378636,0.314428874853682,False,190,48
gemcitabine,elastic_net,2,ACH-000244,cns/brain,0.327003516449987,0.2685954665698099,0.012337627754031966,0.5248533053855879,0.0,0.520756869426265,1,0.5,0.135663416378636,0.314428874853682,False,190,48
gemcitabine,elastic_net,2,ACH-000416,lung,0.155525060433737,0.26696601087748606,0.010708172061708099,0.523223849693264,,0.4425118471409484,0,0.5,0.135663416378636,0.314428874853682,False,190,48
gemcitabine,elastic_net,2,ACH-000207,head and neck,0.184180895534584,0.2664850190178404,0.010227180202062425,0.5227428578336184,,0.48401082259125444,0,0.5,0.135663416378636,0.314428874853682,False,190,48
gemcitabine,elastic_net,2,ACH-000764,esophagus/stomach,0.142683299563831,0.2696022156969951,0.013344376881217146,0.5258600545127731,,0.5704696178390318,1,0.5,0.135663416378636,0.314428874853682,False,190,48
gemcitabine,elastic_net,2,ACH-000778,head and neck,0.264940936148524,0.17552203914983386,-0.0807357996659441,0.4317798779656118,,0.5683903994013926,1,0.5,0.135663416378636,0.314428874853682,False,190,48
gemcitabine,elastic_net,2,ACH-000174,thyroid,0.145923726447716,0.20561768999369268,-0.050640148822085285,0.46187552880947064,,0.5809073825288458,1,0.5,0.135663416378636,0.314428874853682,False,190,48
gemcitabine,elastic_net,2,ACH-000776,cns/brain,0.349290729231202,0.28383070952126865,0.027572870705490693,0.5400885483370466,0.0,0.44643844891706475,0,0.5,0.135663416378636,0.314428874853682,False,190,48
gemcitabine,elastic_net,2,ACH-000521,lung,0.134813791642225,0.23814498668299805,-0.01811285213277991,0.494402825498776,1.0,0.5737970981051672,1,0.5,0.135663416378636,0.314428874853682,False,190,48
gemcitabine,elastic_net,2,ACH-000347,pancreas,0.326528988615553,0.22414873468504595,-0.03210910413073201,0.48040657350082394,0.0,0.5521171548471355,1,0.5,0.135663416378636,0.314428874853682,False,190,48
gemcitabine,elastic_net,2,ACH-000097,breast,0.227430810647586,0.26688921119266157,0.010631372376883608,0.5231470500084395,,0.480204459337109,0,0.5,0.135663416378636,0.314428874853682,False,190,48
gemcitabine,elastic_net,2,ACH-000977,prostate,0.225025401354518,0.22919050682602346,-0.0270673319897545,0.4854483456418014,,0.47949787888345374,0,0.5,0.135663416378636,0.314428874853682,False,190,48
gemcitabine,elastic_net,2,ACH-000788,skin,0.336670564138324,0.2153986504672562,-0.04085918834852176,0.47165648928303416,0.0,0.5251491206353313,1,0.5,0.135663416378636,0.314428874853682,False,190,48
gemcitabine,elastic_net,2,ACH-000015,lung,0.20292847480008,0.1932554765341344,-0.06300236228164355,0.44951331534991235,,0.5773472971091766,1,0.5,0.135663416378636,0.314428874853682,False,190,48
gemcitabine,elastic_net,2,ACH-000791,lung,0.296399494912836,0.13614225794976959,-0.12011558086600838,0.39240009676554755,,0.5799523358817144,1,0.5,0.135663416378636,0.314428874853682,False,190,48
gemcitabine,elastic_net,2,ACH-000217,liver,0.0921605394823099,0.3794944521067326,0.12323661329095464,0.6357522909225106,1.0,0.4254565557082036,0,0.5,0.135663416378636,0.314428874853682,False,190,48
gemcitabine,elastic_net,2,ACH-000968,skin,0.378216909730387,0.23766278493868062,-0.01859505387709734,0.49392062375445855,0.0,0.4677427608496225,0,0.5,0.135663416378636,0.314428874853682,False,190,48
gemcitabine,xgboost,2,ACH-000792,kidney,0.282323375338729,0.263713538646698,0.01992928448725706,0.5074977928061389,,0.5239106730997076,1,0.5,0.135663416378636,0.314428874853682,False,190,48
gemcitabine,xgboost,2,ACH-000941,uterus,0.373949584399331,0.2567238211631775,0.012939567003736552,0.5005080753226184,0.0,0.521532290247135,1,0.5,0.135663416378636,0.314428874853682,False,190,48
gemcitabine,xgboost,2,ACH-000376,cns/brain,0.152648870071503,0.18948020040988922,-0.05430405374955172,0.43326445456933016,,0.5416474852385823,1,0.5,0.135663416378636,0.314428874853682,False,190,48
gemcitabine,xgboost,2,ACH-000880,esophagus/stomach,0.210696322848326,0.20741747319698334,-0.0363667809624576,0.4512017273564243,,0.47900541079226877,0,0.5,0.135663416378636,0.314428874853682,False,190,48
gemcitabine,xgboost,2,ACH-000805,skin,0.15810740130585,0.24827006459236145,0.004485810432920512,0.4920543187518024,,0.5354192623234401,1,0.5,0.135663416378636,0.314428874853682,False,190,48
gemcitabine,xgboost,2,ACH-000331,pleura,0.394547510097204,0.2240387499332428,-0.01974550422619814,0.46782300409268374,0.0,0.4975605362230834,0,0.5,0.135663416378636,0.314428874853682,False,190,48
gemcitabine,xgboost,2,ACH-000429,kidney,0.30616574610135,0.2648204267024994,0.02103617254305845,0.5086046808619403,,0.5269855022779879,1,0.5,0.135663416378636,0.314428874853682,False,190,48
gemcitabine,xgboost,2,ACH-000012,lung,0.126587378669683,0.2219322919845581,-0.021851962174882833,0.46571654614399904,1.0,0.4854804729201473,0,0.5,0.135663416378636,0.314428874853682,False,190,48
gemcitabine,xgboost,2,ACH-000662,lung,0.223281332957621,0.26103612780570984,0.0172518736462689,0.5048203819651508,,0.46381377837028387,0,0.5,0.135663416378636,0.314428874853682,False,190,48
gemcitabine,xgboost,2,ACH-000943,bowel,0.199201813703958,0.23149946331977844,-0.012284790839662496,0.4752837174792194,,0.542613973589133,1,0.5,0.135663416378636,0.314428874853682,False,190,48
gemcitabine,xgboost,2,ACH-000153,pleura,0.321465617916453,0.2505874037742615,0.006803149614820536,0.4943716579337024,0.0,0.49363050420239585,0,0.5,0.135663416378636,0.314428874853682,False,190,48
gemcitabine,xgboost,2,ACH-000898,esophagus/stomach,0.227915694964798,0.28469762206077576,0.04091336790133482,0.5284818762202167,,0.4872360445551296,0,0.5,0.135663416378636,0.314428874853682,False,190,48
gemcitabine,xgboost,2,ACH-000681,lung,0.349099091930933,0.23135358095169067,-0.012430673207750265,0.4751378351111316,0.0,0.5144944094691732,1,0.5,0.135663416378636,0.314428874853682,False,190,48
gemcitabine,xgboost,2,ACH-000748,bone,0.596887885941498,0.1684713363647461,-0.07531291779469484,0.41225559052418703,0.0,0.54860320223063,1,0.5,0.135663416378636,0.314428874853682,False,190,48
gemcitabine,xgboost,2,ACH-000834,bladder/urinary tract,0.117357767089211,0.34115108847618103,0.09736683431674009,0.584935342635622,1.0,0.4510758576883281,0,0.5,0.135663416378636,0.314428874853682,False,190,48
gemcitabine,xgboost,2,ACH-000318,esophagus/stomach,0.201611488102552,0.30197373032569885,0.058189476166257914,0.5457579844851398,,0.4806789275911882,0,0.5,0.135663416378636,0.314428874853682,False,190,48
gemcitabine,xgboost,2,ACH-000139,pancreas,0.058846154540904,0.24486826360225677,0.0010840094428158364,0.4886525177616977,1.0,0.4671511410382823,0,0.5,0.135663416378636,0.314428874853682,False,190,48
gemcitabine,xgboost,2,ACH-000486,bladder/urinary tract,0.109564789187909,0.27742457389831543,0.03364031973887449,0.5212088280577564,1.0,0.4981983126377345,0,0.5,0.135663416378636,0.314428874853682,False,190,48
gemcitabine,xgboost,2,ACH-000415,head and neck,0.0660641590796608,0.27887144684791565,0.03508719268847471,0.5226557010073566,1.0,0.4603416530108397,0,0.5,0.135663416378636,0.314428874853682,False,190,48
gemcitabine,xgboost,2,ACH-000618,head and neck,0.249828585555092,0.3017575144767761,0.057973260317335185,0.5455417686362171,,0.45610747665096735,0,0.5,0.135663416378636,0.314428874853682,False,190,48
gemcitabine,xgboost,2,ACH-000756,cns/brain,0.0664740850795138,0.23367741703987122,-0.010106837119569723,0.47746167119931215,1.0,0.5092807914837267,1,0.5,0.135663416378636,0.314428874853682,False,190,48
gemcitabine,xgboost,2,ACH-000265,pancreas,0.209875924722813,0.1951141357421875,-0.04867011841725344,0.43889838990162844,,0.554306228943304,1,0.5,0.135663416378636,0.314428874853682,False,190,48
gemcitabine,xgboost,2,ACH-000906,ovary/fallopian tube,0.476465953235864,0.2570100426673889,0.013225788507947978,0.5007942968268299,0.0,0.5454402083671015,1,0.5,0.135663416378636,0.314428874853682,False,190,48
gemcitabine,xgboost,2,ACH-000237,ovary/fallopian tube,0.15055295068594,0.2388915866613388,-0.004892667498102132,0.48267584082077974,,0.4973044768460738,0,0.5,0.135663416378636,0.314428874853682,False,190,48
gemcitabine,xgboost,2,ACH-000936,ovary/fallopian tube,0.253630680721432,0.25844132900238037,0.014657074842939433,0.5022255831618213,,0.47100622537898207,0,0.5,0.135663416378636,0.314428874853682,False,190,48
gemcitabine,xgboost,2,ACH-000716,thyroid,0.0327628301265351,0.2730325162410736,0.02924826208163267,0.5168167704005145,1.0,0.5295714183946387,1,0.5,0.135663416378636,0.314428874853682,False,190,48
gemcitabine,xgboost,2,ACH-000504,cns/brain,0.282319398022187,0.20594753324985504,-0.0378367209095859,0.449731787409296,,0.5266586254821405,1,0.5,0.135663416378636,0.314428874853682,False,190,48
gemcitabine,xgboost,2,ACH-000572,skin,0.383482620934239,0.18885381519794464,-0.0549304389614963,0.4326380693573856,0.0,0.5378337408018534,1,0.5,0.135663416378636,0.314428874853682,False,190,48
gemcitabine,xgboost,2,ACH-000018,bladder/urinary tract,0.0757101554384452,0.16371427476406097,-0.08006997939537996,0.4074985289235019,1.0,0.5604243669546226,1,0.5,0.135663416378636,0.314428874853682,False,190,48
gemcitabine,xgboost,2,ACH-000669,lung,0.202242161233541,0.25314727425575256,0.009363020096311625,0.4969315284151935,,0.5027474428806815,1,0.5,0.135663416378636,0.314428874853682,False,190,48
gemcitabine,xgboost,2,ACH-000648,pleura,0.503505596286504,0.21389591693878174,-0.0298883372206592,0.4576801710982227,0.0,0.5536721849466969,1,0.5,0.135663416378636,0.314428874853682,False,190,48
gemcitabine,xgboost,2,ACH-000589,lung,0.136481085273125,0.3188222646713257,0.07503801051188475,0.5626065188307666,,0.4476664263743584,0,0.5,0.135663416378636,0.314428874853682,False,190,48
gemcitabine,xgboost,2,ACH-000279,bone,0.097917381994675,0.20725034177303314,-0.036533912386407796,0.4510345959324741,1.0,0.565820666152145,1,0.5,0.135663416378636,0.314428874853682,False,190,48
gemcitabine,xgboost,2,ACH-000021,lung,0.083933096420159,0.19978581368923187,-0.043998440470209066,0.4435700678486728,1.0,0.5446271843706147,1,0.5,0.135663416378636,0.314428874853682,False,190,48
gemcitabine,xgboost,2,ACH-000573,breast,0.276229820518854,0.223249614238739,-0.020534639920701925,0.46703386839817995,,0.47434859438146953,0,0.5,0.135663416378636,0.314428874853682,False,190,48
gemcitabine,xgboost,2,ACH-001190,skin,0.128739496946168,0.2895723879337311,0.04578813377429014,0.533356642093172,1.0,0.5133623352818943,1,0.5,0.135663416378636,0.314428874853682,False,190,48
gemcitabine,xgboost,2,ACH-000766,lung,0.224962128296842,0.2166312336921692,-0.02715302046727175,0.46041548785161013,,0.5217010377467174,1,0.5,0.135663416378636,0.314428874853682,False,190,48
gemcitabine,xgboost,2,ACH-000804,peripheral nervous system,0.201145397118304,0.18867479264736176,-0.05510946151207918,0.4324590468068027,,0.5493974344977814,1,0.5,0.135663416378636,0.314428874853682,False,190,48
gemcitabine,xgboost,2,ACH-000921,lung,0.0152363212278731,0.2086876779794693,-0.03509657617997164,0.45247193213891024,1.0,0.509244449499206,1,0.5,0.135663416378636,0.314428874853682,False,190,48
gemcitabine,xgboost,2,ACH-000488,esophagus/stomach,0.356031755156877,0.27012357115745544,0.026339316998014506,0.5139078253168964,0.0,0.4788613222054618,0,0.5,0.135663416378636,0.314428874853682,False,190,48
gemcitabine,xgboost,2,ACH-000835,soft tissue,0.287066510818247,0.20627079904079437,-0.037513455118646566,0.4500550532002353,,0.5490527775541089,1,0.5,0.135663416378636,0.314428874853682,False,190,48
gemcitabine,xgboost,2,ACH-000480,liver,0.75445679756289,0.25964534282684326,0.015861088667402323,0.5034295969862842,0.0,0.5164078567350893,1,0.5,0.135663416378636,0.314428874853682,False,190,48
gemcitabine,xgboost,2,ACH-000292,lung,0.109538300556562,0.1784319132566452,-0.06535234090279574,0.42221616741608614,1.0,0.5739557500061463,1,0.5,0.135663416378636,0.314428874853682,False,190,48
gemcitabine,xgboost,2,ACH-000601,pancreas,0.249737195190422,0.17439411580562592,-0.06939013835381502,0.41817836996506685,,0.5413088988823171,1,0.5,0.135663416378636,0.314428874853682,False,190,48
gemcitabine,xgboost,2,ACH-000244,cns/brain,0.327003516449987,0.19629280269145966,-0.04749145146798128,0.4400770568509006,0.0,0.5506951777522237,1,0.5,0.135663416378636,0.314428874853682,False,190,48
gemcitabine,xgboost,2,ACH-000416,lung,0.155525060433737,0.25218313932418823,0.008398885164747294,0.49596739348362917,,0.5107855719101235,1,0.5,0.135663416378636,0.314428874853682,False,190,48
gemcitabine,xgboost,2,ACH-000207,head and neck,0.184180895534584,0.2528647482395172,0.009080494080076273,0.49664900239895815,,0.47083569305505496,0,0.5,0.135663416378636,0.314428874853682,False,190,48
gemcitabine,xgboost,2,ACH-000764,esophagus/stomach,0.142683299563831,0.24366487562656403,-0.00011937853287691258,0.48744912978600496,,0.5000999640590827,1,0.5,0.135663416378636,0.314428874853682,False,190,48
gemcitabine,xgboost,2,ACH-000778,head and neck,0.264940936148524,0.1928369104862213,-0.050947343673219625,0.43662116464566225,,0.5521871819783474,1,0.5,0.135663416378636,0.314428874853682,False,190,48
gemcitabine,xgboost,2,ACH-000174,thyroid,0.145923726447716,0.16555428504943848,-0.07822996911000246,0.4093385392088794,,0.5619725470423047,1,0.5,0.135663416378636,0.314428874853682,False,190,48
gemcitabine,xgboost,2,ACH-000776,cns/brain,0.349290729231202,0.21275177597999573,-0.03103247817944521,0.45653603013943667,0.0,0.5290085581321098,1,0.5,0.135663416378636,0.314428874853682,False,190,48
gemcitabine,xgboost,2,ACH-000521,lung,0.134813791642225,0.21968597173690796,-0.02409828242253298,0.4634702258963489,1.0,0.4986402073444566,0,0.5,0.135663416378636,0.314428874853682,False,190,48
gemcitabine,xgboost,2,ACH-000347,pancreas,0.326528988615553,0.2553146779537201,0.011530423794279154,0.49909893211316103,0.0,0.5405226215032067,1,0.5,0.135663416378636,0.314428874853682,False,190,48
gemcitabine,xgboost,2,ACH-000097,breast,0.227430810647586,0.3405279219150543,0.09674366775561338,0.5843121760744953,,0.4502412435442095,0,0.5,0.135663416378636,0.314428874853682,False,190,48
gemcitabine,xgboost,2,ACH-000977,prostate,0.225025401354518,0.25188425183296204,0.008099997673521098,0.495668505992403,,0.5334217699881936,1,0.5,0.135663416378636,0.314428874853682,False,190,48
gemcitabine,xgboost,2,ACH-000788,skin,0.336670564138324,0.1972103714942932,-0.046573882665147726,0.44099462565373415,0.0,0.532246722831912,1,0.5,0.135663416378636,0.314428874853682,False,190,48
gemcitabine,xgboost,2,ACH-000015,lung,0.20292847480008,0.15041011571884155,-0.09337413844059939,0.3941943698782825,,0.5722960572717498,1,0.5,0.135663416378636,0.314428874853682,False,190,48
gemcitabine,xgboost,2,ACH-000791,lung,0.296399494912836,0.24351799488067627,-0.00026625927876466893,0.4873022490401172,,0.5090358822220982,1,0.5,0.135663416378636,0.314428874853682,False,190,48
gemcitabine,xgboost,2,ACH-000217,liver,0.0921605394823099,0.21790669858455658,-0.02587755557488436,0.4616909527439975,1.0,0.5047192817866404,1,0.5,0.135663416378636,0.314428874853682,False,190,48
gemcitabine,xgboost,2,ACH-000968,skin,0.378216909730387,0.2296941727399826,-0.014090081419458333,0.47347842689942354,0.0,0.5075739277840884,1,0.5,0.135663416378636,0.314428874853682,False,190,48
gemcitabine,lineage,3,ACH-000351,esophagus/stomach,0.139941549210348,0.23919086398492678,0.0534102480332132,0.42497147993664036,,0.5349154906367699,1,0.5,0.1367333718566325,0.31380516175547124,False,190,48
gemcitabine,lineage,3,ACH-000678,esophagus/stomach,0.373218197475433,0.23919086398492678,0.0534102480332132,0.42497147993664036,0.0,0.5349154906367699,1,0.5,0.1367333718566325,0.31380516175547124,False,190,48
gemcitabine,lineage,3,ACH-000587,lung,0.0829806281372028,0.21619800370573597,0.03041738775402239,0.4019786196574495,1.0,0.5779514450659758,1,0.5,0.1367333718566325,0.31380516175547124,False,190,48
gemcitabine,lineage,3,ACH-000856,breast,0.381406999252348,0.3222765203003236,0.13649590434861003,0.5080571362520372,0.0,0.4856651457235278,0,0.5,0.1367333718566325,0.31380516175547124,False,190,48
gemcitabine,lineage,3,ACH-000223,breast,0.348455171885318,0.3222765203003236,0.13649590434861003,0.5080571362520372,0.0,0.4856651457235278,0,0.5,0.1367333718566325,0.31380516175547124,False,190,48
gemcitabine,lineage,3,ACH-000481,lung,0.0804735567819656,0.21619800370573597,0.03041738775402239,0.4019786196574495,1.0,0.5779514450659758,1,0.5,0.1367333718566325,0.31380516175547124,False,190,48
gemcitabine,lineage,3,ACH-000545,bladder/urinary tract,0.243770762969564,0.18396323168905743,-0.001817384262656152,0.369743847640771,,0.5713571992887444,1,0.5,0.1367333718566325,0.31380516175547124,False,190,48
gemcitabine,lineage,3,ACH-000484,kidney,0.297165161358843,0.22442732121939943,0.03864670526768585,0.41020793717111304,,0.5699235943399715,1,0.5,0.1367333718566325,0.31380516175547124,False,190,48
gemcitabine,lineage,3,ACH-000997,bowel,0.0803766372894693,0.21495983598003554,0.02917922002832196,0.4007404519317491,1.0,0.5477629437769226,1,0.5,0.1367333718566325,0.31380516175547124,False,190,48
gemcitabine,lineage,3,ACH-000758,esophagus/stomach,0.436338538320533,0.23919086398492678,0.0534102480332132,0.42497147993664036,0.0,0.5349154906367699,1,0.5,0.1367333718566325,0.31380516175547124,False,190,48
gemcitabine,lineage,3,ACH-000954,uterus,0.153510583454312,0.3602455064175254,0.17446489046581182,0.546026122369239,,0.5093520307655675,1,0.5,0.1367333718566325,0.31380516175547124,False,190,48
gemcitabine,lineage,3,ACH-000836,head and neck,0.313576807890764,0.21383680994308446,0.02805619399137088,0.39961742589479804,,0.5851748023182819,1,0.5,0.1367333718566325,0.31380516175547124,False,190,48
gemcitabine,lineage,3,ACH-000890,lung,0.179540107755145,0.21619800370573597,0.03041738775402239,0.4019786196574495,,0.5779514450659758,1,0.5,0.1367333718566325,0.31380516175547124,False,190,48
gemcitabine,lineage,3,ACH-000037,soft tissue,0.301355720714038,0.2147073877885125,0.028926771836798926,0.4004880037402261,,0.5699235943399715,1,0.5,0.1367333718566325,0.31380516175547124,False,190,48
gemcitabine,lineage,3,ACH-000420,liver,0.31330378344877,0.23063167730340683,0.044851061351693255,0.4164122932551204,,0.5713571992887444,1,0.5,0.1367333718566325,0.31380516175547124,False,190,48
gemcitabine,lineage,3,ACH-000679,esophagus/stomach,0.165065428391163,0.23919086398492678,0.0534102480332132,0.42497147993664036,,0.5349154906367699,1,0.5,0.1367333718566325,0.31380516175547124,False,190,48
gemcitabine,lineage,3,ACH-000853,lung,0.165466974106756,0.21619800370573597,0.03041738775402239,0.4019786196574495,,0.5779514450659758,1,0.5,0.1367333718566325,0.31380516175547124,False,190,48
gemcitabine,lineage,3,ACH-000155,pancreas,0.138771172192288,0.2567404470454314,0.07095983109371784,0.442521062997145,,0.5213952926831957,1,0.5,0.1367333718566325,0.31380516175547124,False,190,48
gemcitabine,lineage,3,ACH-000188,head and neck,0.254013982017606,0.21383680994308446,0.02805619399137088,0.39961742589479804,,0.5851748023182819,1,0.5,0.1367333718566325,0.31380516175547124,False,190,48
gemcitabine,lineage,3,ACH-000680,bowel,0.28906118029659,0.21495983598003554,0.02917922002832196,0.4007404519317491,,0.5477629437769226,1,0.5,0.1367333718566325,0.31380516175547124,False,190,48
gemcitabine,lineage,3,ACH-000614,skin,0.254605246495663,0.2627325113056361,0.0769518953539225,0.44851312725734965,,0.5246932834536392,1,0.5,0.1367333718566325,0.31380516175547124,False,190,48
gemcitabine,lineage,3,ACH-000637,esophagus/stomach,0.229639950003765,0.23919086398492678,0.0534102480332132,0.42497147993664036,,0.5349154906367699,1,0.5,0.1367333718566325,0.31380516175547124,False,190,48
gemcitabine,lineage,3,ACH-000855,esophagus/stomach,0.127921039422961,0.23919086398492678,0.0534102480332132,0.42497147993664036,1.0,0.5349154906367699,1,0.5,0.1367333718566325,0.31380516175547124,False,190,48
gemcitabine,lineage,3,ACH-000393,liver,0.0666590861842881,0.23063167730340683,0.044851061351693255,0.4164122932551204,1.0,0.5713571992887444,1,0.5,0.1367333718566325,0.31380516175547124,False,190,48
gemcitabine,lineage,3,ACH-000277,breast,0.428539573481136,0.3222765203003236,0.13649590434861003,0.5080571362520372,0.0,0.4856651457235278,0,0.5,0.1367333718566325,0.31380516175547124,False,190,48
gemcitabine,lineage,3,ACH-000803,lung,0.109035747569581,0.21619800370573597,0.03041738775402239,0.4019786196574495,1.0,0.5779514450659758,1,0.5,0.1367333718566325,0.31380516175547124,False,190,48
gemcitabine,lineage,3,ACH-000537,liver,0.743069557477641,0.23063167730340683,0.044851061351693255,0.4164122932551204,0.0,0.5713571992887444,1,0.5,0.1367333718566325,0.31380516175547124,False,190,48
gemcitabine,lineage,3,ACH-000735,head and neck,0.185952258658633,0.21383680994308446,0.02805619399137088,0.39961742589479804,,0.5851748023182819,1,0.5,0.1367333718566325,0.31380516175547124,False,190,48
gemcitabine,lineage,3,ACH-000882,skin,0.476094478179144,0.2627325113056361,0.0769518953539225,0.44851312725734965,0.0,0.5246932834536392,1,0.5,0.1367333718566325,0.31380516175547124,False,190,48
gemcitabine,lineage,3,ACH-000605,esophagus/stomach,0.222875479477739,0.23919086398492678,0.0534102480332132,0.42497147993664036,,0.5349154906367699,1,0.5,0.1367333718566325,0.31380516175547124,False,190,48
gemcitabine,lineage,3,ACH-000688,ovary/fallopian tube,0.463374293398112,0.2451032062163659,0.05932259026465231,0.43088382216807947,0.0,0.5477629437769226,1,0.5,0.1367333718566325,0.31380516175547124,False,190,48
gemcitabine,lineage,3,ACH-000367,pleura,0.301509313113493,0.4922267738098066,0.30644615785809304,0.6780073897615202,,0.49888415317194906,0,0.5,0.1367333718566325,0.31380516175547124,False,190,48
gemcitabine,lineage,3,ACH-000099,peripheral nervous system,0.0443161422408268,0.24308683487564917,0.05730621892393559,0.4288674508273628,1.0,0.5460346161263618,1,0.5,0.1367333718566325,0.31380516175547124,False,190,48
gemcitabine,lineage,3,ACH-000086,pleura,0.456236993894971,0.4922267738098066,0.30644615785809304,0.6780073897615202,0.0,0.49888415317194906,0,0.5,0.1367333718566325,0.31380516175547124,False,190,48
gemcitabine,lineage,3,ACH-000843,lung,0.42129446881269,0.21619800370573597,0.03041738775402239,0.4019786196574495,0.0,0.5779514450659758,1,0.5,0.1367333718566325,0.31380516175547124,False,190,48
gemcitabine,lineage,3,ACH-000433,kidney,0.293667398400633,0.22442732121939943,0.03864670526768585,0.41020793717111304,,0.5699235943399715,1,0.5,0.1367333718566325,0.31380516175547124,False,190,48
gemcitabine,lineage,3,ACH-001307,thyroid,0.225764983975928,0.1774412551236006,-0.008339360828112985,0.3632218710753142,,0.5699235943399715,1,0.5,0.1367333718566325,0.31380516175547124,False,190,48
gemcitabine,lineage,3,ACH-000535,pancreas,0.528965272710553,0.2567404470454314,0.07095983109371784,0.442521062997145,0.0,0.5213952926831957,1,0.5,0.1367333718566325,0.31380516175547124,False,190,48
gemcitabine,lineage,3,ACH-000759,breast,0.564151262607088,0.3222765203003236,0.13649590434861003,0.5080571362520372,0.0,0.4856651457235278,0,0.5,0.1367333718566325,0.31380516175547124,False,190,48
gemcitabine,lineage,3,ACH-000450,skin,0.186865135873409,0.2627325113056361,0.0769518953539225,0.44851312725734965,,0.5246932834536392,1,0.5,0.1367333718566325,0.31380516175547124,False,190,48
gemcitabine,lineage,3,ACH-000913,uterus,0.314335800310552,0.3602455064175254,0.17446489046581182,0.546026122369239,0.0,0.5093520307655675,1,0.5,0.1367333718566325,0.31380516175547124,False,190,48
gemcitabine,lineage,3,ACH-000189,kidney,0.141022739501959,0.22442732121939943,0.03864670526768585,0.41020793717111304,,0.5699235943399715,1,0.5,0.1367333718566325,0.31380516175547124,False,190,48
gemcitabine,lineage,3,ACH-000308,ovary/fallopian tube,0.0971224801361597,0.2451032062163659,0.05932259026465231,0.43088382216807947,1.0,0.5477629437769226,1,0.5,0.1367333718566325,0.31380516175547124,False,190,48
gemcitabine,lineage,3,ACH-000445,cns/brain,0.0799036583695822,0.20596868401352467,0.020188068061811087,0.3917492999652382,1.0,0.5632345017898454,1,0.5,0.1367333718566325,0.31380516175547124,False,190,48
gemcitabine,lineage,3,ACH-000048,ovary/fallopian tube,0.0577265766913873,0.2451032062163659,0.05932259026465231,0.43088382216807947,1.0,0.5477629437769226,1,0.5,0.1367333718566325,0.31380516175547124,False,190,48
gemcitabine,lineage,3,ACH-000133,fibroblast,0.241036766290808,0.2538910196932238,0.06811040374151023,0.4396716356449374,,0.5460346161263618,1,0.5,0.1367333718566325,0.31380516175547124,False,190,48
gemcitabine,lineage,3,ACH-000493,liver,0.147393147630257,0.23063167730340683,0.044851061351693255,0.4164122932551204,,0.5713571992887444,1,0.5,0.1367333718566325,0.31380516175547124,False,190,48
gemcitabine,lineage,3,ACH-000841,lung,0.0326215456770952,0.21619800370573597,0.03041738775402239,0.4019786196574495,1.0,0.5779514450659758,1,0.5,0.1367333718566325,0.31380516175547124,False,190,48
gemcitabine,lineage,3,ACH-000720,bladder/urinary tract,0.167652255116577,0.18396323168905743,-0.001817384262656152,0.369743847640771,,0.5713571992887444,1,0.5,0.1367333718566325,0.31380516175547124,False,190,48
gemcitabine,lineage,3,ACH-000948,esophagus/stomach,0.0784250994562386,0.23919086398492678,0.0534102480332132,0.42497147993664036,1.0,0.5349154906367699,1,0.5,0.1367333718566325,0.31380516175547124,False,190,48
gemcitabine,lineage,3,ACH-000939,uterus,0.0197461109678377,0.3602455064175254,0.17446489046581182,0.546026122369239,1.0,0.5093520307655675,1,0.5,0.1367333718566325,0.31380516175547124,False,190,48
gemcitabine,lineage,3,ACH-000961,uterus,0.227203993647563,0.3602455064175254,0.17446489046581182,0.546026122369239,,0.5093520307655675,1,0.5,0.1367333718566325,0.31380516175547124,False,190,48
gemcitabine,lineage,3,ACH-000228,head and neck,0.187789526901895,0.21383680994308446,0.02805619399137088,0.39961742589479804,,0.5851748023182819,1,0.5,0.1367333718566325,0.31380516175547124,False,190,48
gemcitabine,lineage,3,ACH-000620,liver,0.539309287803498,0.23063167730340683,0.044851061351693255,0.4164122932551204,0.0,0.5713571992887444,1,0.5,0.1367333718566325,0.31380516175547124,False,190,48
gemcitabine,lineage,3,ACH-000281,pancreas,0.373509480296563,0.2567404470454314,0.07095983109371784,0.442521062997145,0.0,0.5213952926831957,1,0.5,0.1367333718566325,0.31380516175547124,False,190,48
gemcitabine,lineage,3,ACH-000959,bowel,0.144720197330232,0.21495983598003554,0.02917922002832196,0.4007404519317491,,0.5477629437769226,1,0.5,0.1367333718566325,0.31380516175547124,False,190,48
gemcitabine,lineage,3,ACH-000579,skin,0.112689558792417,0.2627325113056361,0.0769518953539225,0.44851312725734965,1.0,0.5246932834536392,1,0.5,0.1367333718566325,0.31380516175547124,False,190,48
gemcitabine,lineage,3,ACH-000781,lung,0.216829376873948,0.21619800370573597,0.03041738775402239,0.4019786196574495,,0.5779514450659758,1,0.5,0.1367333718566325,0.31380516175547124,False,190,48
gemcitabine,lineage,3,ACH-001128,soft tissue,0.0896976605123013,0.2147073877885125,0.028926771836798926,0.4004880037402261,1.0,0.5699235943399715,1,0.5,0.1367333718566325,0.31380516175547124,False,190,48
gemcitabine,lineage,3,ACH-000052,bone,0.405431583120881,0.2786571061368001,0.09287649018508654,0.4644377220885137,0.0,0.5609457943560175,1,0.5,0.1367333718566325,0.31380516175547124,False,190,48
gemcitabine,elastic_net,3,ACH-000351,esophagus/stomach,0.139941549210348,0.24098960277134884,0.023488426008132834,0.45849077953456485,,0.5521754380500049,1,0.5,0.1367333718566325,0.31380516175547124,False,190,48
gemcitabine,elastic_net,3,ACH-000678,esophagus/stomach,0.373218197475433,0.24846385615212918,0.030962679388913172,0.4659650329153452,0.0,0.5302632321872518,1,0.5,0.1367333718566325,0.31380516175547124,False,190,48
gemcitabine,elastic_net,3,ACH-000587,lung,0.0829806281372028,0.1917750667564204,-0.025726110006795616,0.40927624351963643,1.0,0.5365338401617072,1,0.5,0.1367333718566325,0.31380516175547124,False,190,48
gemcitabine,elastic_net,3,ACH-000856,breast,0.381406999252348,0.23579320898414674,0.018292032220930732,0.45329438574736275,0.0,0.537421031036871,1,0.5,0.1367333718566325,0.31380516175547124,False,190,48
gemcitabine,elastic_net,3,ACH-000223,breast,0.348455171885318,0.234125652176771,0.016624475413554995,0.451626828939987,0.0,0.522935966892779,1,0.5,0.1367333718566325,0.31380516175547124,False,190,48
gemcitabine,elastic_net,3,ACH-000481,lung,0.0804735567819656,0.24837225743826022,0.03087108067504421,0.4658734342014762,1.0,0.528645283080509,1,0.5,0.1367333718566325,0.31380516175547124,False,190,48
gemcitabine,elastic_net,3,ACH-000545,bladder/urinary tract,0.243770762969564,0.2646372773581742,0.04713610059495821,0.4821384541213902,,0.5228976582475168,1,0.5,0.1367333718566325,0.31380516175547124,False,190,48
gemcitabine,elastic_net,3,ACH-000484,kidney,0.297165161358843,0.2340615353061428,0.016560358542926784,0.45156271206935883,,0.5414804384870372,1,0.5,0.1367333718566325,0.31380516175547124,False,190,48
gemcitabine,elastic_net,3,ACH-000997,bowel,0.0803766372894693,0.22602030903947878,0.008519132276262775,0.4435214858026948,1.0,0.5460145801136604,1,0.5,0.1367333718566325,0.31380516175547124,False,190,48
gemcitabine,elastic_net,3,ACH-000758,esophagus/stomach,0.436338538320533,0.2860038366481109,0.0685026598848949,0.5035050134113269,0.0,0.5222085814324101,1,0.5,0.1367333718566325,0.31380516175547124,False,190,48
gemcitabine,elastic_net,3,ACH-000954,uterus,0.153510583454312,0.2353590994519677,0.017857922688751693,0.4528602762151837,,0.5297851059125183,1,0.5,0.1367333718566325,0.31380516175547124,False,190,48
gemcitabine,elastic_net,3,ACH-000836,head and neck,0.313576807890764,0.22497351420725425,0.007472337444038246,0.44247469097047026,,0.5453857627777242,1,0.5,0.1367333718566325,0.31380516175547124,False,190,48
gemcitabine,elastic_net,3,ACH-000890,lung,0.179540107755145,0.2093919570003678,-0.008109219762848202,0.42689313376358384,,0.5558603823014473,1,0.5,0.1367333718566325,0.31380516175547124,False,190,48
gemcitabine,elastic_net,3,ACH-000037,soft tissue,0.301355720714038,0.21405805604442293,-0.0034431207187930746,0.43155923280763897,,0.5548647504783446,1,0.5,0.1367333718566325,0.31380516175547124,False,190,48
gemcitabine,elastic_net,3,ACH-000420,liver,0.31330378344877,0.29260267377838,0.075101497015164,0.510103850541596,,0.524754939814512,1,0.5,0.1367333718566325,0.31380516175547124,False,190,48
gemcitabine,elastic_net,3,ACH-000679,esophagus/stomach,0.165065428391163,0.30856110088598676,0.09105992412277075,0.5260622776492028,,0.5210107309153111,1,0.5,0.1367333718566325,0.31380516175547124,False,190,48
gemcitabine,elastic_net,3,ACH-000853,lung,0.165466974106756,0.24687469862259465,0.029373521859378637,0.46437587538581065,,0.5349771166852477,1,0.5,0.1367333718566325,0.31380516175547124,False,190,48
gemcitabine,elastic_net,3,ACH-000155,pancreas,0.138771172192288,0.3085557828418969,0.09105460607868088,0.5260569596051129,,0.5382111616201471,1,0.5,0.1367333718566325,0.31380516175547124,False,190,48
gemcitabine,elastic_net,3,ACH-000188,head and neck,0.254013982017606,0.24097155982329463,0.02347038306007862,0.45847273658651067,,0.5481619111186835,1,0.5,0.1367333718566325,0.31380516175547124,False,190,48
gemcitabine,elastic_net,3,ACH-000680,bowel,0.28906118029659,0.24553711239765125,0.02803593563443524,0.46303828916086726,,0.5412044468682184,1,0.5,0.1367333718566325,0.31380516175547124,False,190,48
gemcitabine,elastic_net,3,ACH-000614,skin,0.254605246495663,0.30613519328173966,0.08863401651852365,0.5236363700449557,,0.5212894968318759,1,0.5,0.1367333718566325,0.31380516175547124,False,190,48
gemcitabine,elastic_net,3,ACH-000637,esophagus/stomach,0.229639950003765,0.2938110401811511,0.07630986341793511,0.5113122169443671,,0.5213945095802107,1,0.5,0.1367333718566325,0.31380516175547124,False,190,48
gemcitabine,elastic_net,3,ACH-000855,esophagus/stomach,0.127921039422961,0.2235144086077387,0.006013231844522682,0.4410155853709547,1.0,0.5274839150549449,1,0.5,0.1367333718566325,0.31380516175547124,False,190,48
gemcitabine,elastic_net,3,ACH-000393,liver,0.0666590861842881,0.1904464476018261,-0.0270547291613899,0.4079476243650421,1.0,0.5558408226660309,1,0.5,0.1367333718566325,0.31380516175547124,False,190,48
gemcitabine,elastic_net,3,ACH-000277,breast,0.428539573481136,0.33118540112539063,0.11368422436217462,0.5486865778886066,0.0,0.5210048031256237,1,0.5,0.1367333718566325,0.31380516175547124,False,190,48
gemcitabine,elastic_net,3,ACH-000803,lung,0.109035747569581,0.2682425359436781,0.050741359180462076,0.4857437127068941,1.0,0.5320688614575515,1,0.5,0.1367333718566325,0.31380516175547124,False,190,48
gemcitabine,elastic_net,3,ACH-000537,liver,0.743069557477641,0.29029003426964406,0.07278885750642805,0.5077912110328601,0.0,0.5507365547179479,1,0.5,0.1367333718566325,0.31380516175547124,False,190,48
gemcitabine,elastic_net,3,ACH-000735,head and neck,0.185952258658633,0.2669853696019747,0.04948419283875871,0.48448654636519073,,0.5262817383259533,1,0.5,0.1367333718566325,0.31380516175547124,False,190,48
gemcitabine,elastic_net,3,ACH-000882,skin,0.476094478179144,0.24441300647282962,0.026911829709613616,0.4619141832360456,0.0,0.5377841659132807,1,0.5,0.1367333718566325,0.31380516175547124,False,190,48
gemcitabine,elastic_net,3,ACH-000605,esophagus/stomach,0.222875479477739,0.3370586423402263,0.1195574655770103,0.5545598191034423,,0.5240869265816994,1,0.5,0.1367333718566325,0.31380516175547124,False,190,48
gemcitabine,elastic_net,3,ACH-000688,ovary/fallopian tube,0.463374293398112,0.24790858619229397,0.030407409429077964,0.46540976295550995,0.0,0.543907210141637,1,0.5,0.1367333718566325,0.31380516175547124,False,190,48
gemcitabine,elastic_net,3,ACH-000367,pleura,0.301509313113493,0.30929865112482824,0.09179747436161223,0.5267998278880442,,0.530710088287174,1,0.5,0.1367333718566325,0.31380516175547124,False,190,48
gemcitabine,elastic_net,3,ACH-000099,peripheral nervous system,0.0443161422408268,0.2802580523990144,0.0627568756357984,0.4977592291622304,1.0,0.5375009625789552,1,0.5,0.1367333718566325,0.31380516175547124,False,190,48
gemcitabine,elastic_net,3,ACH-000086,pleura,0.456236993894971,0.17955262754682738,-0.03794854921638863,0.3970538043100434,0.0,0.551165843799052,1,0.5,0.1367333718566325,0.31380516175547124,False,190,48
gemcitabine,elastic_net,3,ACH-000843,lung,0.42129446881269,0.1693789841232791,-0.04812219263993692,0.38688016088649513,0.0,0.5489094103656238,1,0.5,0.1367333718566325,0.31380516175547124,False,190,48
gemcitabine,elastic_net,3,ACH-000433,kidney,0.293667398400633,0.22910814567430238,0.011606968911086368,0.4466093224375184,,0.5312465891022082,1,0.5,0.1367333718566325,0.31380516175547124,False,190,48
gemcitabine,elastic_net,3,ACH-001307,thyroid,0.225764983975928,0.2023023763291185,-0.01519880043409752,0.4198035530923345,,0.5409755606625088,1,0.5,0.1367333718566325,0.31380516175547124,False,190,48
gemcitabine,elastic_net,3,ACH-000535,pancreas,0.528965272710553,0.23779181157181567,0.02029063480859966,0.4552929883350317,0.0,0.521790433691495,1,0.5,0.1367333718566325,0.31380516175547124,False,190,48
gemcitabine,elastic_net,3,ACH-000759,breast,0.564151262607088,0.30590442840327575,0.08840325164005974,0.5234056051664917,0.0,0.5214012139474433,1,0.5,0.1367333718566325,0.31380516175547124,False,190,48
gemcitabine,elastic_net,3,ACH-000450,skin,0.186865135873409,0.21023279462073138,-0.007268382142484625,0.4277339713839474,,0.5481362388585224,1,0.5,0.1367333718566325,0.31380516175547124,False,190,48
gemcitabine,elastic_net,3,ACH-000913,uterus,0.314335800310552,0.1771208331238395,-0.04038034363937651,0.39462200988705554,0.0,0.5311403027505697,1,0.5,0.1367333718566325,0.31380516175547124,False,190,48
gemcitabine,elastic_net,3,ACH-000189,kidney,0.141022739501959,0.2372325673921374,0.019731390628921402,0.4547337441553534,,0.5489980640475203,1,0.5,0.1367333718566325,0.31380516175547124,False,190,48
gemcitabine,elastic_net,3,ACH-000308,ovary/fallopian tube,0.0971224801361597,0.28013052588541965,0.06262934912220364,0.49763170264863565,1.0,0.5217841062499197,1,0.5,0.1367333718566325,0.31380516175547124,False,190,48
gemcitabine,elastic_net,3,ACH-000445,cns/brain,0.0799036583695822,0.18802908559972636,-0.029472091163489644,0.4055302623629424,1.0,0.5537450809305371,1,0.5,0.1367333718566325,0.31380516175547124,False,190,48
gemcitabine,elastic_net,3,ACH-000048,ovary/fallopian tube,0.0577265766913873,0.21048295485555615,-0.007018221907659855,0.42798413161877213,1.0,0.5544891106778324,1,0.5,0.1367333718566325,0.31380516175547124,False,190,48
gemcitabine,elastic_net,3,ACH-000133,fibroblast,0.241036766290808,0.27474430879614614,0.05724313203293013,0.49224548555936215,,0.5495696278081083,1,0.5,0.1367333718566325,0.31380516175547124,False,190,48
gemcitabine,elastic_net,3,ACH-000493,liver,0.147393147630257,0.2628197346579697,0.0453185578947537,0.4803209114211857,,0.5490631662098426,1,0.5,0.1367333718566325,0.31380516175547124,False,190,48
gemcitabine,elastic_net,3,ACH-000841,lung,0.0326215456770952,0.20971312484874277,-0.007788051914473237,0.4272143016119588,1.0,0.543089412825646,1,0.5,0.1367333718566325,0.31380516175547124,False,190,48
gemcitabine,elastic_net,3,ACH-000720,bladder/urinary tract,0.167652255116577,0.2588593869716531,0.04135821020843711,0.4763605637348691,,0.5327895089065218,1,0.5,0.1367333718566325,0.31380516175547124,False,190,48
gemcitabine,elastic_net,3,ACH-000948,esophagus/stomach,0.0784250994562386,0.2644030719125543,0.04690189514933829,0.4819042486757703,1.0,0.5213788885167701,1,0.5,0.1367333718566325,0.31380516175547124,False,190,48
gemcitabine,elastic_net,3,ACH-000939,uterus,0.0197461109678377,0.24563387733977388,0.028132700576557867,0.4631350541029899,1.0,0.5466050227650987,1,0.5,0.1367333718566325,0.31380516175547124,False,190,48
gemcitabine,elastic_net,3,ACH-000961,uterus,0.227203993647563,0.20843370324352342,-0.009067473519692587,0.4259348800067394,,0.5248943328461358,1,0.5,0.1367333718566325,0.31380516175547124,False,190,48
gemcitabine,elastic_net,3,ACH-000228,head and neck,0.187789526901895,0.2723146814534035,0.054813504690187476,0.4898158582166195,,0.521372379218348,1,0.5,0.1367333718566325,0.31380516175547124,False,190,48
gemcitabine,elastic_net,3,ACH-000620,liver,0.539309287803498,0.3017247307529182,0.08422355398970222,0.5192259075161343,0.0,0.5219213164182755,1,0.5,0.1367333718566325,0.31380516175547124,False,190,48
gemcitabine,elastic_net,3,ACH-000281,pancreas,0.373509480296563,0.17387367888128624,-0.043627497881929767,0.39137485564450225,0.0,0.5355076892991801,1,0.5,0.1367333718566325,0.31380516175547124,False,190,48
gemcitabine,elastic_net,3,ACH-000959,bowel,0.144720197330232,0.2778775166958883,0.060376339932672274,0.4953786934591043,,0.5230619564789366,1,0.5,0.1367333718566325,0.31380516175547124,False,190,48
gemcitabine,elastic_net,3,ACH-000579,skin,0.112689558792417,0.24003738650545414,0.022536209742238134,0.45753856326867015,1.0,0.538127565851116,1,0.5,0.1367333718566325,0.31380516175547124,False,190,48
gemcitabine,elastic_net,3,ACH-000781,lung,0.216829376873948,0.21255218025628744,-0.004948996506928566,0.4300533570195034,,0.5276503484575895,1,0.5,0.1367333718566325,0.31380516175547124,False,190,48
gemcitabine,elastic_net,3,ACH-001128,soft tissue,0.0896976605123013,0.22121261961174032,0.0037114428485243156,0.43871379637495633,1.0,0.5383698339512899,1,0.5,0.1367333718566325,0.31380516175547124,False,190,48
gemcitabine,elastic_net,3,ACH-000052,bone,0.405431583120881,0.26888229814686027,0.05138112138364426,0.4863834749100763,0.0,0.5528927012861681,1,0.5,0.1367333718566325,0.31380516175547124,False,190,48
gemcitabine,xgboost,3,ACH-000351,esophagus/stomach,0.139941549210348,0.23538388311862946,0.047740956158530634,0.4230268100787283,,0.5340815201458743,1,0.5,0.1367333718566325,0.31380516175547124,False,190,48
gemcitabine,xgboost,3,ACH-000678,esophagus/stomach,0.373218197475433,0.27726244926452637,0.08961952230442755,0.4649053762246252,0.0,0.5378860071577859,1,0.5,0.1367333718566325,0.31380516175547124,False,190,48
gemcitabine,xgboost,3,ACH-000587,lung,0.0829806281372028,0.22982348501682281,0.042180558056723993,0.41746641197692164,1.0,0.5385646385907058,1,0.5,0.1367333718566325,0.31380516175547124,False,190,48
gemcitabine,xgboost,3,ACH-000856,breast,0.381406999252348,0.20727866888046265,0.019635741920363825,0.39492159584056147,0.0,0.5375593770604005,1,0.5,0.1367333718566325,0.31380516175547124,False,190,48
gemcitabine,xgboost,3,ACH-000223,breast,0.348455171885318,0.26516053080558777,0.07751760384548895,0.4528034577656866,0.0,0.532767892338553,1,0.5,0.1367333718566325,0.31380516175547124,False,190,48
gemcitabine,xgboost,3,ACH-000481,lung,0.0804735567819656,0.21687427163124084,0.029231344671142023,0.40451719859133967,1.0,0.5382519675347172,1,0.5,0.1367333718566325,0.31380516175547124,False,190,48
gemcitabine,xgboost,3,ACH-000545,bladder/urinary tract,0.243770762969564,0.23764804005622864,0.050005113096129816,0.42529096701632746,,0.5367540532772196,1,0.5,0.1367333718566325,0.31380516175547124,False,190,48
gemcitabine,xgboost,3,ACH-000484,kidney,0.297165161358843,0.23108628392219543,0.04344335696209661,0.41872921088229426,,0.5338686377882177,1,0.5,0.1367333718566325,0.31380516175547124,False,190,48
gemcitabine,xgboost,3,ACH-000997,bowel,0.0803766372894693,0.166606143116951,-0.021036783843147833,0.3542490700770498,1.0,0.5369810308576443,1,0.5,0.1367333718566325,0.31380516175547124,False,190,48
gemcitabine,xgboost,3,ACH-000758,esophagus/stomach,0.436338538320533,0.23912356793880463,0.051480640978705805,0.42676649489890345,0.0,0.5354276278776994,1,0.5,0.1367333718566325,0.31380516175547124,False,190,48
gemcitabine,xgboost,3,ACH-000954,uterus,0.153510583454312,0.237046480178833,0.049403553218734186,0.42468940713893183,,0.5384701052045782,1,0.5,0.1367333718566325,0.31380516175547124,False,190,48
gemcitabine,xgboost,3,ACH-000836,head and neck,0.313576807890764,0.20030176639556885,0.012658839435470026,0.38794469335566767,,0.5405651966748936,1,0.5,0.1367333718566325,0.31380516175547124,False,190,48
gemcitabine,xgboost,3,ACH-000890,lung,0.179540107755145,0.16276246309280396,-0.024880463867294866,0.3504053900529028,,0.546904198678263,1,0.5,0.1367333718566325,0.31380516175547124,False,190,48
gemcitabine,xgboost,3,ACH-000037,soft tissue,0.301355720714038,0.24767351150512695,0.06003058454502813,0.4353164384652258,,0.5420682039059529,1,0.5,0.1367333718566325,0.31380516175547124,False,190,48
gemcitabine,xgboost,3,ACH-000420,liver,0.31330378344877,0.34982141852378845,0.16217849156368963,0.5374643454838872,,0.5342956595281044,1,0.5,0.1367333718566325,0.31380516175547124,False,190,48
gemcitabine,xgboost,3,ACH-000679,esophagus/stomach,0.165065428391163,0.26500779390335083,0.07736486694325201,0.45265072086344965,,0.53365668952404,1,0.5,0.1367333718566325,0.31380516175547124,False,190,48
gemcitabine,xgboost,3,ACH-000853,lung,0.165466974106756,0.21087603271007538,0.023233105749976557,0.3985189596701742,,0.5455018610854899,1,0.5,0.1367333718566325,0.31380516175547124,False,190,48
gemcitabine,xgboost,3,ACH-000155,pancreas,0.138771172192288,0.1965339630842209,0.008891036124122065,0.3841768900443197,,0.5364038943356787,1,0.5,0.1367333718566325,0.31380516175547124,False,190,48
gemcitabine,xgboost,3,ACH-000188,head and neck,0.254013982017606,0.2955644428730011,0.10792151591290228,0.4832073698330999,,0.5366359453091141,1,0.5,0.1367333718566325,0.31380516175547124,False,190,48
gemcitabine,xgboost,3,ACH-000680,bowel,0.28906118029659,0.19664742052555084,0.00900449356545202,0.38429034748564966,,0.5367370312353167,1,0.5,0.1367333718566325,0.31380516175547124,False,190,48
gemcitabine,xgboost,3,ACH-000614,skin,0.254605246495663,0.2762165069580078,0.08857357999790899,0.46385943391810663,,0.5343838596234161,1,0.5,0.1367333718566325,0.31380516175547124,False,190,48
gemcitabine,xgboost,3,ACH-000637,esophagus/stomach,0.229639950003765,0.2824670076370239,0.0948240806769251,0.47010993459712275,,0.5365547259311929,1,0.5,0.1367333718566325,0.31380516175547124,False,190,48
gemcitabine,xgboost,3,ACH-000855,esophagus/stomach,0.127921039422961,0.24510307610034943,0.057460149140250605,0.43274600306044825,1.0,0.5387730322017525,1,0.5,0.1367333718566325,0.31380516175547124,False,190,48
gemcitabine,xgboost,3,ACH-000393,liver,0.0666590861842881,0.19274784624576569,0.005104919285666865,0.3803907732058645,1.0,0.546310020273616,1,0.5,0.1367333718566325,0.31380516175547124,False,190,48
gemcitabine,xgboost,3,ACH-000277,breast,0.428539573481136,0.4399052858352661,0.2522623588751673,0.6275482127953649,0.0,0.5313451725531125,1,0.5,0.1367333718566325,0.31380516175547124,False,190,48
gemcitabine,xgboost,3,ACH-000803,lung,0.109035747569581,0.2447577565908432,0.05711482963074438,0.432400683550942,1.0,0.5323092853358278,1,0.5,0.1367333718566325,0.31380516175547124,False,190,48
gemcitabine,xgboost,3,ACH-000537,liver,0.743069557477641,0.2722971439361572,0.0846542169760584,0.45994007089625605,0.0,0.5359458248084741,1,0.5,0.1367333718566325,0.31380516175547124,False,190,48
gemcitabine,xgboost,3,ACH-000735,head and neck,0.185952258658633,0.27123162150382996,0.08358869454373113,0.4588745484639288,,0.534283857137901,1,0.5,0.1367333718566325,0.31380516175547124,False,190,48
gemcitabine,xgboost,3,ACH-000882,skin,0.476094478179144,0.25340282917022705,0.06575990221012823,0.44104575613032587,0.0,0.5424813277482713,1,0.5,0.1367333718566325,0.31380516175547124,False,190,48
gemcitabine,xgboost,3,ACH-000605,esophagus/stomach,0.222875479477739,0.275540292263031,0.08789736530293218,0.4631832192231298,,0.5337762072996906,1,0.5,0.1367333718566325,0.31380516175547124,False,190,48
gemcitabine,xgboost,3,ACH-000688,ovary/fallopian tube,0.463374293398112,0.22522728145122528,0.03758435449112646,0.4128702084113241,0.0,0.5393430852600792,1,0.5,0.1367333718566325,0.31380516175547124,False,190,48
gemcitabine,xgboost,3,ACH-000367,pleura,0.301509313113493,0.310344934463501,0.12270200750340216,0.4979878614235998,,0.5385499853231436,1,0.5,0.1367333718566325,0.31380516175547124,False,190,48
gemcitabine,xgboost,3,ACH-000099,peripheral nervous system,0.0443161422408268,0.3081510663032532,0.12050813934315435,0.495793993263352,1.0,0.5375733610427641,1,0.5,0.1367333718566325,0.31380516175547124,False,190,48
gemcitabine,xgboost,3,ACH-000086,pleura,0.456236993894971,0.2008974850177765,0.013254558057677668,0.3885404119778753,0.0,0.5425449502710595,1,0.5,0.1367333718566325,0.31380516175547124,False,190,48
gemcitabine,xgboost,3,ACH-000843,lung,0.42129446881269,0.19128094613552094,0.0036380191754221136,0.37892387309561976,0.0,0.5408607896597509,1,0.5,0.1367333718566325,0.31380516175547124,False,190,48
gemcitabine,xgboost,3,ACH-000433,kidney,0.293667398400633,0.25551536679267883,0.06787243983258001,0.44315829375277765,,0.5388579471530401,1,0.5,0.1367333718566325,0.31380516175547124,False,190,48
gemcitabine,xgboost,3,ACH-001307,thyroid,0.225764983975928,0.19731439650058746,0.009671469540488642,0.3849573234606863,,0.5420384761464934,1,0.5,0.1367333718566325,0.31380516175547124,False,190,48
gemcitabine,xgboost,3,ACH-000535,pancreas,0.528965272710553,0.25440162420272827,0.06675869724262945,0.4420445511628271,0.0,0.5352470966148556,1,0.5,0.1367333718566325,0.31380516175547124,False,190,48
gemcitabine,xgboost,3,ACH-000759,breast,0.564151262607088,0.33047232031822205,0.14282939335812322,0.5181152472783208,0.0,0.5305346641816499,1,0.5,0.1367333718566325,0.31380516175547124,False,190,48
gemcitabine,xgboost,3,ACH-000450,skin,0.186865135873409,0.22084946930408478,0.033206542343985956,0.4084923962641836,,0.5394994301388649,1,0.5,0.1367333718566325,0.31380516175547124,False,190,48
gemcitabine,xgboost,3,ACH-000913,uterus,0.314335800310552,0.1932968646287918,0.005653937668692988,0.38093979158889063,0.0,0.5398793160769675,1,0.5,0.1367333718566325,0.31380516175547124,False,190,48
gemcitabine,xgboost,3,ACH-000189,kidney,0.141022739501959,0.2171938717365265,0.029550944776427668,0.4048367986966253,,0.5344338860646711,1,0.5,0.1367333718566325,0.31380516175547124,False,190,48
gemcitabine,xgboost,3,ACH-000308,ovary/fallopian tube,0.0971224801361597,0.2630220651626587,0.07537913820255987,0.4506649921227575,1.0,0.532700702552672,1,0.5,0.1367333718566325,0.31380516175547124,False,190,48
gemcitabine,xgboost,3,ACH-000445,cns/brain,0.0799036583695822,0.17092077434062958,-0.016722152619469244,0.3585637013007284,1.0,0.5404276899513788,1,0.5,0.1367333718566325,0.31380516175547124,False,190,48
gemcitabine,xgboost,3,ACH-000048,ovary/fallopian tube,0.0577265766913873,0.2085644006729126,0.020921473712813776,0.3962073276330114,1.0,0.5445786686753236,1,0.5,0.1367333718566325,0.31380516175547124,False,190,48
gemcitabine,xgboost,3,ACH-000133,fibroblast,0.241036766290808,0.2808396518230438,0.093196724862945,0.46848257878314264,,0.5392095196594432,1,0.5,0.1367333718566325,0.31380516175547124,False,190,48
gemcitabine,xgboost,3,ACH-000493,liver,0.147393147630257,0.1945381462574005,0.006895219297301691,0.38218107321749933,,0.5432978268030649,1,0.5,0.1367333718566325,0.31380516175547124,False,190,48
gemcitabine,xgboost,3,ACH-000841,lung,0.0326215456770952,0.26932090520858765,0.08167797824848883,0.45696383216868647,1.0,0.5356276069384334,1,0.5,0.1367333718566325,0.31380516175547124,False,190,48
gemcitabine,xgboost,3,ACH-000720,bladder/urinary tract,0.167652255116577,0.2252078354358673,0.03756490847576849,0.41285076239596613,,0.5368076964590923,1,0.5,0.1367333718566325,0.31380516175547124,False,190,48
gemcitabine,xgboost,3,ACH-000948,esophagus/stomach,0.0784250994562386,0.27968642115592957,0.09204349419583074,0.4673293481160284,1.0,0.5305115696731968,1,0.5,0.1367333718566325,0.31380516175547124,False,190,48
gemcitabine,xgboost,3,ACH-000939,uterus,0.0197461109678377,0.2833595275878906,0.0957166006277918,0.47100245454798945,1.0,0.5423308511116164,1,0.5,0.1367333718566325,0.31380516175547124,False,190,48
gemcitabine,xgboost,3,ACH-000961,uterus,0.227203993647563,0.16849403083324432,-0.019148896126854498,0.35613695779334315,,0.5366281520179306,1,0.5,0.1367333718566325,0.31380516175547124,False,190,48
gemcitabine,xgboost,3,ACH-000228,head and neck,0.187789526901895,0.23215346038341522,0.0445105334233164,0.41979638734351404,,0.5318001154021065,1,0.5,0.1367333718566325,0.31380516175547124,False,190,48
gemcitabine,xgboost,3,ACH-000620,liver,0.539309287803498,0.3000391721725464,0.11239624521244757,0.4876820991326452,0.0,0.5331469365222009,1,0.5,0.1367333718566325,0.31380516175547124,False,190,48
gemcitabine,xgboost,3,ACH-000281,pancreas,0.373509480296563,0.23281075060367584,0.04516782364357702,0.42045367756377466,0.0,0.5336641297547576,1,0.5,0.1367333718566325,0.31380516175547124,False,190,48
gemcitabine,xgboost,3,ACH-000959,bowel,0.144720197330232,0.24588459730148315,0.05824167034138433,0.433527524261582,,0.5324389703541184,1,0.5,0.1367333718566325,0.31380516175547124,False,190,48
gemcitabine,xgboost,3,ACH-000579,skin,0.112689558792417,0.16264928877353668,-0.02499363818656214,0.3502922157336355,1.0,0.5406913377686383,1,0.5,0.1367333718566325,0.31380516175547124,False,190,48
gemcitabine,xgboost,3,ACH-000781,lung,0.216829376873948,0.2111896276473999,0.02354670068730108,0.3988325546074987,,0.538448407514017,1,0.5,0.1367333718566325,0.31380516175547124,False,190,48
gemcitabine,xgboost,3,ACH-001128,soft tissue,0.0896976605123013,0.22074542939662933,0.03310250243653051,0.40838835635672815,1.0,0.5418534513603549,1,0.5,0.1367333718566325,0.31380516175547124,False,190,48
gemcitabine,xgboost,3,ACH-000052,bone,0.405431583120881,0.16510313749313354,-0.022539789466965277,0.35274606445323237,0.0,0.5436804958648742,1,0.5,0.1367333718566325,0.31380516175547124,False,190,48
gemcitabine,lineage,4,ACH-000008,skin,0.168457996697261,0.27851941509407346,0.06572460649250442,0.4913142236956425,,0.4765586672034371,0,0.5,0.135823398906874,0.31388184157508103,False,191,48
gemcitabine,lineage,4,ACH-000627,lung,0.0753012737989057,0.20324670350918034,-0.009548105092388709,0.41604151211074936,1.0,0.484603404533737,0,0.5,0.135823398906874,0.31388184157508103,False,191,48
gemcitabine,lineage,4,ACH-000704,ovary/fallopian tube,0.284073000124992,0.2151821448637949,0.002387336262225842,0.4279769534653639,,0.4844680665913221,0,0.5,0.135823398906874,0.31388184157508103,False,191,48
gemcitabine,lineage,4,ACH-000552,bowel,0.186343910575424,0.20415201425855545,-0.008642794343013599,0.4169468228601245,,0.4834436910755038,0,0.5,0.135823398906874,0.31388184157508103,False,191,48
gemcitabine,lineage,4,ACH-000858,lung,0.218222998596871,0.20324670350918034,-0.009548105092388709,0.41604151211074936,,0.484603404533737,0,0.5,0.135823398906874,0.31388184157508103,False,191,48
gemcitabine,lineage,4,ACH-000544,esophagus/stomach,0.262576635954963,0.2298103915080905,0.017015582906521443,0.44260520010965954,,0.4759269589285768,0,0.5,0.135823398906874,0.31388184157508103,False,191,48
gemcitabine,lineage,4,ACH-000643,breast,0.330445712902858,0.33580980808475563,0.12301499948318659,0.5486046166863247,0.0,0.4671831047371859,0,0.5,0.135823398906874,0.31388184157508103,False,191,48
gemcitabine,lineage,4,ACH-000261,lung,0.280933505229296,0.20324670350918034,-0.009548105092388709,0.41604151211074936,,0.484603404533737,0,0.5,0.135823398906874,0.31388184157508103,False,191,48
gemcitabine,lineage,4,ACH-000164,pancreas,0.37202370984714,0.26467267242906445,0.0518778638274954,0.4774674810306335,0.0,0.47398450567573774,0,0.5,0.135823398906874,0.31388184157508103,False,191,48
gemcitabine,lineage,4,ACH-000814,skin,0.32571644179717,0.27851941509407346,0.06572460649250442,0.4913142236956425,0.0,0.4765586672034371,0,0.5,0.135823398906874,0.31388184157508103,False,191,48
gemcitabine,lineage,4,ACH-000842,bowel,0.0711394618543853,0.20415201425855545,-0.008642794343013599,0.4169468228601245,1.0,0.4834436910755038,0,0.5,0.135823398906874,0.31388184157508103,False,191,48
gemcitabine,lineage,4,ACH-000087,bone,0.106766484636049,0.2611813465966132,0.04838653799504414,0.47397615519818226,1.0,0.48263198422134157,0,0.5,0.135823398906874,0.31388184157508103,False,191,48
gemcitabine,lineage,4,ACH-000403,bowel,0.335028559364872,0.20415201425855545,-0.008642794343013599,0.4169468228601245,0.0,0.4834436910755038,0,0.5,0.135823398906874,0.31388184157508103,False,191,48
gemcitabine,lineage,4,ACH-000924,lung,0.311840947917709,0.20324670350918034,-0.009548105092388709,0.41604151211074936,,0.484603404533737,0,0.5,0.135823398906874,0.31388184157508103,False,191,48
gemcitabine,lineage,4,ACH-000273,cns/brain,0.037001302916602,0.26967972994158784,0.056884921340018796,0.4824745385431569,1.0,0.47435238788395534,0,0.5,0.135823398906874,0.31388184157508103,False,191,48
gemcitabine,lineage,4,ACH-000479,cns/brain,0.208351139293534,0.26967972994158784,0.056884921340018796,0.4824745385431569,,0.47435238788395534,0,0.5,0.135823398906874,0.31388184157508103,False,191,48
gemcitabine,lineage,4,ACH-000988,uterus,0.353144163293416,0.2593738647520317,0.04657905615046268,0.4721686733536008,0.0,0.4834436910755038,0,0.5,0.135823398906874,0.31388184157508103,False,191,48
gemcitabine,lineage,4,ACH-000956,prostate,0.140423185875336,0.2344209889161997,0.02162618031463065,0.44721579751776874,,0.480878106291095,0,0.5,0.135823398906874,0.31388184157508103,False,191,48
gemcitabine,lineage,4,ACH-000007,bowel,0.222469904047124,0.20415201425855545,-0.008642794343013599,0.4169468228601245,,0.4834436910755038,0,0.5,0.135823398906874,0.31388184157508103,False,191,48
gemcitabine,lineage,4,ACH-001239,skin,0.168246967558674,0.27851941509407346,0.06572460649250442,0.4913142236956425,,0.4765586672034371,0,0.5,0.135823398906874,0.31388184157508103,False,191,48
gemcitabine,lineage,4,ACH-000592,cns/brain,0.198756754884115,0.26967972994158784,0.056884921340018796,0.4824745385431569,,0.47435238788395534,0,0.5,0.135823398906874,0.31388184157508103,False,191,48
gemcitabine,lineage,4,ACH-000667,lung,0.26912141220492,0.20324670350918034,-0.009548105092388709,0.41604151211074936,,0.484603404533737,0,0.5,0.135823398906874,0.31388184157508103,False,191,48
gemcitabine,lineage,4,ACH-000524,ovary/fallopian tube,0.242640569660137,0.2151821448637949,0.002387336262225842,0.4279769534653639,,0.4844680665913221,0,0.5,0.135823398906874,0.31388184157508103,False,191,48
gemcitabine,lineage,4,ACH-000747,lung,0.0075898427372001,0.20324670350918034,-0.009548105092388709,0.41604151211074936,1.0,0.484603404533737,0,0.5,0.135823398906874,0.31388184157508103,False,191,48
gemcitabine,lineage,4,ACH-000417,pancreas,0.271562458267321,0.26467267242906445,0.0518778638274954,0.4774674810306335,,0.47398450567573774,0,0.5,0.135823398906874,0.31388184157508103,False,191,48
gemcitabine,lineage,4,ACH-000839,bladder/urinary tract,0.352907053295182,0.17033241774252753,-0.04246239085904152,0.38312722634409657,0.0,0.48920874112403934,0,0.5,0.135823398906874,0.31388184157508103,False,191,48
gemcitabine,lineage,4,ACH-000730,skin,0.326594070800292,0.27851941509407346,0.06572460649250442,0.4913142236956425,0.0,0.4765586672034371,0,0.5,0.135823398906874,0.31388184157508103,False,191,48
gemcitabine,lineage,4,ACH-000661,skin,0.21296155038756,0.27851941509407346,0.06572460649250442,0.4913142236956425,,0.4765586672034371,0,0.5,0.135823398906874,0.31388184157508103,False,191,48
gemcitabine,lineage,4,ACH-000979,prostate,0.15734481630977,0.2344209889161997,0.02162618031463065,0.44721579751776874,,0.480878106291095,0,0.5,0.135823398906874,0.31388184157508103,False,191,48
gemcitabine,lineage,4,ACH-000343,lung,0.242957921921342,0.20324670350918034,-0.009548105092388709,0.41604151211074936,,0.484603404533737,0,0.5,0.135823398906874,0.31388184157508103,False,191,48
gemcitabine,lineage,4,ACH-000994,uterus,0.370999714175511,0.2593738647520317,0.04657905615046268,0.4721686733536008,0.0,0.4834436910755038,0,0.5,0.135823398906874,0.31388184157508103,False,191,48
gemcitabine,lineage,4,ACH-000738,cns/brain,0.0965979491807171,0.26967972994158784,0.056884921340018796,0.4824745385431569,1.0,0.47435238788395534,0,0.5,0.135823398906874,0.31388184157508103,False,191,48
gemcitabine,lineage,4,ACH-000082,bone,0.516544140568399,0.2611813465966132,0.04838653799504414,0.47397615519818226,0.0,0.48263198422134157,0,0.5,0.135823398906874,0.31388184157508103,False,191,48
gemcitabine,lineage,4,ACH-000879,uterus,0.0742326042935137,0.2593738647520317,0.04657905615046268,0.4721686733536008,1.0,0.4834436910755038,0,0.5,0.135823398906874,0.31388184157508103,False,191,48
gemcitabine,lineage,4,ACH-000137,cns/brain,0.0501199985600135,0.26967972994158784,0.056884921340018796,0.4824745385431569,1.0,0.47435238788395534,0,0.5,0.135823398906874,0.31388184157508103,False,191,48
gemcitabine,lineage,4,ACH-000147,breast,0.227809880144422,0.33580980808475563,0.12301499948318659,0.5486046166863247,,0.4671831047371859,0,0.5,0.135823398906874,0.31388184157508103,False,191,48
gemcitabine,lineage,4,ACH-001318,liver,0.0786915525885623,0.2684443179367534,0.05564950933518434,0.48123912653832246,1.0,0.48263198422134157,0,0.5,0.135823398906874,0.31388184157508103,False,191,48
gemcitabine,lineage,4,ACH-000447,lung,0.291157103805532,0.20324670350918034,-0.009548105092388709,0.41604151211074936,,0.484603404533737,0,0.5,0.135823398906874,0.31388184157508103,False,191,48
gemcitabine,lineage,4,ACH-000319,pleura,0.862122406546678,0.3356302159401369,0.12283540733856788,0.5484250245417059,0.0,0.4731964464461107,0,0.5,0.135823398906874,0.31388184157508103,False,191,48
gemcitabine,lineage,4,ACH-000221,liver,0.245489426149089,0.2684443179367534,0.05564950933518434,0.48123912653832246,,0.48263198422134157,0,0.5,0.135823398906874,0.31388184157508103,False,191,48
gemcitabine,lineage,4,ACH-000457,kidney,0.141899242762391,0.1999106675174907,-0.012884141084078343,0.4127054761190597,,0.48920874112403934,0,0.5,0.135823398906874,0.31388184157508103,False,191,48
gemcitabine,lineage,4,ACH-000352,breast,0.36147909493483,0.33580980808475563,0.12301499948318659,0.5486046166863247,0.0,0.4671831047371859,0,0.5,0.135823398906874,0.31388184157508103,False,191,48
gemcitabine,lineage,4,ACH-000468,pancreas,0.395422989833848,0.26467267242906445,0.0518778638274954,0.4774674810306335,0.0,0.47398450567573774,0,0.5,0.135823398906874,0.31388184157508103,False,191,48
gemcitabine,lineage,4,ACH-000827,skin,0.22682841380823,0.27851941509407346,0.06572460649250442,0.4913142236956425,,0.4765586672034371,0,0.5,0.135823398906874,0.31388184157508103,False,191,48
gemcitabine,lineage,4,ACH-000833,soft tissue,0.073911220630245,0.23317945370696036,0.020384645105391314,0.44597426230852943,1.0,0.4848697349004516,0,0.5,0.135823398906874,0.31388184157508103,False,191,48
gemcitabine,lineage,4,ACH-000013,ovary/fallopian tube,0.0703750055857409,0.2151821448637949,0.002387336262225842,0.4279769534653639,1.0,0.4844680665913221,0,0.5,0.135823398906874,0.31388184157508103,False,191,48
gemcitabine,lineage,4,ACH-000777,esophagus/stomach,0.104646686762716,0.2298103915080905,0.017015582906521443,0.44260520010965954,1.0,0.4759269589285768,0,0.5,0.135823398906874,0.31388184157508103,False,191,48
gemcitabine,lineage,4,ACH-000312,peripheral nervous system,0.217972014320295,0.24810029398898648,0.03530548538741743,0.46089510259055555,,0.480878106291095,0,0.5,0.135823398906874,0.31388184157508103,False,191,48
gemcitabine,lineage,4,ACH-000869,lung,0.109567057781624,0.20324670350918034,-0.009548105092388709,0.41604151211074936,1.0,0.484603404533737,0,0.5,0.135823398906874,0.31388184157508103,False,191,48
gemcitabine,lineage,4,ACH-000582,skin,0.307946458129356,0.27851941509407346,0.06572460649250442,0.4913142236956425,,0.4765586672034371,0,0.5,0.135823398906874,0.31388184157508103,False,191,48
gemcitabine,lineage,4,ACH-000471,liver,0.0448891065440814,0.2684443179367534,0.05564950933518434,0.48123912653832246,1.0,0.48263198422134157,0,0.5,0.135823398906874,0.31388184157508103,False,191,48
gemcitabine,lineage,4,ACH-000888,lung,0.591373049311943,0.20324670350918034,-0.009548105092388709,0.41604151211074936,0.0,0.484603404533737,0,0.5,0.135823398906874,0.31388184157508103,False,191,48
gemcitabine,lineage,4,ACH-000796,ovary/fallopian tube,0.196667742922263,0.2151821448637949,0.002387336262225842,0.4279769534653639,,0.4844680665913221,0,0.5,0.135823398906874,0.31388184157508103,False,191,48
gemcitabine,lineage,4,ACH-000469,cns/brain,0.237571894754756,0.26967972994158784,0.056884921340018796,0.4824745385431569,,0.47435238788395534,0,0.5,0.135823398906874,0.31388184157508103,False,191,48
gemcitabine,lineage,4,ACH-000701,ovary/fallopian tube,0.534897503354179,0.2151821448637949,0.002387336262225842,0.4279769534653639,0.0,0.4844680665913221,0,0.5,0.135823398906874,0.31388184157508103,False,191,48
gemcitabine,lineage,4,ACH-000542,ovary/fallopian tube,0.285830161959186,0.2151821448637949,0.002387336262225842,0.4279769534653639,,0.4844680665913221,0,0.5,0.135823398906874,0.31388184157508103,False,191,48
gemcitabine,lineage,4,ACH-000996,uterus,0.219279580396865,0.2593738647520317,0.04657905615046268,0.4721686733536008,,0.4834436910755038,0,0.5,0.135823398906874,0.31388184157508103,False,191,48
gemcitabine,lineage,4,ACH-000973,bladder/urinary tract,0.0345058505848264,0.17033241774252753,-0.04246239085904152,0.38312722634409657,1.0,0.48920874112403934,0,0.5,0.135823398906874,0.31388184157508103,False,191,48
gemcitabine,lineage,4,ACH-000750,skin,0.378025660901177,0.27851941509407346,0.06572460649250442,0.4913142236956425,0.0,0.4765586672034371,0,0.5,0.135823398906874,0.31388184157508103,False,191,48
gemcitabine,elastic_net,4,ACH-000008,skin,0.168457996697261,0.23495235178878182,-0.007721131017791594,0.47762583459535524,,0.48743134845870695,0,0.5,0.135823398906874,0.31388184157508103,False,191,48
gemcitabine,elastic_net,4,ACH-000627,lung,0.0753012737989057,0.21463925459175254,-0.028034228214820878,0.45731273739832595,1.0,0.4887914494487873,0,0.5,0.135823398906874,0.31388184157508103,False,191,48
gemcitabine,elastic_net,4,ACH-000704,ovary/fallopian tube,0.284073000124992,0.2690327808307594,0.026359298024185962,0.5117062636373328,,0.47931242421197057,0,0.5,0.135823398906874,0.31388184157508103,False,191,48
gemcitabine,elastic_net,4,ACH-000552,bowel,0.186343910575424,0.2859889009018182,0.043315418095244806,0.5286623837083917,,0.47102814028782686,0,0.5,0.135823398906874,0.31388184157508103,False,191,48
gemcitabine,elastic_net,4,ACH-000858,lung,0.218222998596871,0.24306829477214917,0.00039481196557575315,0.4857417775787226,,0.48225646575997444,0,0.5,0.135823398906874,0.31388184157508103,False,191,48
gemcitabine,elastic_net,4,ACH-000544,esophagus/stomach,0.262576635954963,0.2515034981708841,0.008830015364310662,0.4941769809774575,,0.47186555221256793,0,0.5,0.135823398906874,0.31388184157508103,False,191,48
gemcitabine,elastic_net,4,ACH-000643,breast,0.330445712902858,0.27370749804259664,0.031034015236023227,0.5163809808491701,0.0,0.466170244778394,0,0.5,0.135823398906874,0.31388184157508103,False,191,48
gemcitabine,elastic_net,4,ACH-000261,lung,0.280933505229296,0.2647048628079899,0.022031380001416467,0.5073783456145633,,0.4801448639154184,0,0.5,0.135823398906874,0.31388184157508103,False,191,48
gemcitabine,elastic_net,4,ACH-000164,pancreas,0.37202370984714,0.2189339471789656,-0.023739535627607805,0.46160742998553905,0.0,0.48712676481478334,0,0.5,0.135823398906874,0.31388184157508103,False,191,48
gemcitabine,elastic_net,4,ACH-000814,skin,0.32571644179717,0.23998229795937112,-0.0026911848472022937,0.4826557807659445,0.0,0.4804468655613189,0,0.5,0.135823398906874,0.31388184157508103,False,191,48
gemcitabine,elastic_net,4,ACH-000842,bowel,0.0711394618543853,0.24160412986013804,-0.0010693529464353702,0.48427761266671143,1.0,0.4869030165614639,0,0.5,0.135823398906874,0.31388184157508103,False,191,48
gemcitabine,elastic_net,4,ACH-000087,bone,0.106766484636049,0.2166213549158023,-0.026052127890771104,0.4592948377223757,1.0,0.4911501917258371,0,0.5,0.135823398906874,0.31388184157508103,False,191,48
gemcitabine,elastic_net,4,ACH-000403,bowel,0.335028559364872,0.2599543593334652,0.01728087652689181,0.5026278421400386,0.0,0.4775741137394337,0,0.5,0.135823398906874,0.31388184157508103,False,191,48
gemcitabine,elastic_net,4,ACH-000924,lung,0.311840947917709,0.2935651556991414,0.05089167289256796,0.5362386385057147,,0.46634686169488615,0,0.5,0.135823398906874,0.31388184157508103,False,191,48
gemcitabine,elastic_net,4,ACH-000273,cns/brain,0.037001302916602,0.1575367442155931,-0.08513673859098031,0.4002102270221665,1.0,0.49259405865302264,0,0.5,0.135823398906874,0.31388184157508103,False,191,48
gemcitabine,elastic_net,4,ACH-000479,cns/brain,0.208351139293534,0.26011034968411306,0.017436866877539647,0.5027838324906865,,0.4775879796634153,0,0.5,0.135823398906874,0.31388184157508103,False,191,48
gemcitabine,elastic_net,4,ACH-000988,uterus,0.353144163293416,0.19691840065257182,-0.04575508215400159,0.43959188345914524,0.0,0.48838091755225893,0,0.5,0.135823398906874,0.31388184157508103,False,191,48
gemcitabine,elastic_net,4,ACH-000956,prostate,0.140423185875336,0.2147673100313997,-0.02790617277517371,0.4574407928379731,,0.4771271082136085,0,0.5,0.135823398906874,0.31388184157508103,False,191,48
gemcitabine,elastic_net,4,ACH-000007,bowel,0.222469904047124,0.27900932493705216,0.036335842130478746,0.5216828077436255,,0.46753224716866587,0,0.5,0.135823398906874,0.31388184157508103,False,191,48
gemcitabine,elastic_net,4,ACH-001239,skin,0.168246967558674,0.25165576555656316,0.008982282749989745,0.4943292483631366,,0.467955183674808,0,0.5,0.135823398906874,0.31388184157508103,False,191,48
gemcitabine,elastic_net,4,ACH-000592,cns/brain,0.198756754884115,0.2651406062763375,0.022467123469764094,0.5078140890829109,,0.4702035066187133,0,0.5,0.135823398906874,0.31388184157508103,False,191,48
gemcitabine,elastic_net,4,ACH-000667,lung,0.26912141220492,0.21532721983303268,-0.02734626297354073,0.4580007026396061,,0.4902248549400913,0,0.5,0.135823398906874,0.31388184157508103,False,191,48
gemcitabine,elastic_net,4,ACH-000524,ovary/fallopian tube,0.242640569660137,0.21434442502739467,-0.02832905777917874,0.4570179078339681,,0.48353081965116673,0,0.5,0.135823398906874,0.31388184157508103,False,191,48
gemcitabine,elastic_net,4,ACH-000747,lung,0.0075898427372001,0.21158489948968276,-0.031088583316890656,0.45425838229625615,1.0,0.4916839617752279,0,0.5,0.135823398906874,0.31388184157508103,False,191,48
gemcitabine,elastic_net,4,ACH-000417,pancreas,0.271562458267321,0.27892509914308683,0.036251616336513415,0.5215985819496602,,0.4679252502801298,0,0.5,0.135823398906874,0.31388184157508103,False,191,48
gemcitabine,elastic_net,4,ACH-000839,bladder/urinary tract,0.352907053295182,0.25127330447457263,0.008599821667999219,0.49394678728114605,0.0,0.49087751048032996,0,0.5,0.135823398906874,0.31388184157508103,False,191,48
gemcitabine,elastic_net,4,ACH-000730,skin,0.326594070800292,0.27703459749184367,0.034361114685270255,0.5197080802984171,0.0,0.46859369703243464,0,0.5,0.135823398906874,0.31388184157508103,False,191,48
gemcitabine,elastic_net,4,ACH-000661,skin,0.21296155038756,0.27956508985479445,0.03689160704822103,0.5222385726613679,,0.4666317302869997,0,0.5,0.135823398906874,0.31388184157508103,False,191,48
gemcitabine,elastic_net,4,ACH-000979,prostate,0.15734481630977,0.2669410547835475,0.0242675719769741,0.5096145375901209,,0.4856468847631728,0,0.5,0.135823398906874,0.31388184157508103,False,191,48
gemcitabine,elastic_net,4,ACH-000343,lung,0.242957921921342,0.21710918956963984,-0.025564293236933572,0.4597826723762133,,0.48946935524660545,0,0.5,0.135823398906874,0.31388184157508103,False,191,48
gemcitabine,elastic_net,4,ACH-000994,uterus,0.370999714175511,0.2906758498456533,0.048002367039079896,0.5333493326522267,0.0,0.46745393168446175,0,0.5,0.135823398906874,0.31388184157508103,False,191,48
gemcitabine,elastic_net,4,ACH-000738,cns/brain,0.0965979491807171,0.22210336732209782,-0.0205701154844756,0.4647768501286712,1.0,0.48447947615201126,0,0.5,0.135823398906874,0.31388184157508103,False,191,48
gemcitabine,elastic_net,4,ACH-000082,bone,0.516544140568399,0.23872185924963096,-0.003951623556942452,0.4813953420562044,0.0,0.47572662296240326,0,0.5,0.135823398906874,0.31388184157508103,False,191,48
gemcitabine,elastic_net,4,ACH-000879,uterus,0.0742326042935137,0.24367532349323426,0.0010018406866608431,0.4863488062998077,1.0,0.48936896623902393,0,0.5,0.135823398906874,0.31388184157508103,False,191,48
gemcitabine,elastic_net,4,ACH-000137,cns/brain,0.0501199985600135,0.14290565085382564,-0.09976783195274777,0.3855791336603991,1.0,0.4924027167381355,0,0.5,0.135823398906874,0.31388184157508103,False,191,48
gemcitabine,elastic_net,4,ACH-000147,breast,0.227809880144422,0.3398911652745431,0.09721768246796969,0.5825646480811165,,0.4658915147376949,0,0.5,0.135823398906874,0.31388184157508103,False,191,48
gemcitabine,elastic_net,4,ACH-001318,liver,0.0786915525885623,0.1974726125894519,-0.04520087021712152,0.44014609539602534,1.0,0.4813455253991847,0,0.5,0.135823398906874,0.31388184157508103,False,191,48
gemcitabine,elastic_net,4,ACH-000447,lung,0.291157103805532,0.24650077921320696,0.00382729640663354,0.48917426201978037,,0.4778903136130481,0,0.5,0.135823398906874,0.31388184157508103,False,191,48
gemcitabine,elastic_net,4,ACH-000319,pleura,0.862122406546678,0.24026695271159057,-0.002406530094982845,0.482940435518164,0.0,0.48631615463753597,0,0.5,0.135823398906874,0.31388184157508103,False,191,48
gemcitabine,elastic_net,4,ACH-000221,liver,0.245489426149089,0.2388617342581847,-0.003811748548388727,0.4815352170647581,,0.489832829827163,0,0.5,0.135823398906874,0.31388184157508103,False,191,48
gemcitabine,elastic_net,4,ACH-000457,kidney,0.141899242762391,0.21097972813744803,-0.031693754669125385,0.45365321094402145,,0.4828259739870266,0,0.5,0.135823398906874,0.31388184157508103,False,191,48
gemcitabine,elastic_net,4,ACH-000352,breast,0.36147909493483,0.20695945958860912,-0.0357140232179643,0.44963294239518253,0.0,0.4699734364454618,0,0.5,0.135823398906874,0.31388184157508103,False,191,48
gemcitabine,elastic_net,4,ACH-000468,pancreas,0.395422989833848,0.23327738032097836,-0.009396102485595054,0.47595086312755175,0.0,0.4873979249833505,0,0.5,0.135823398906874,0.31388184157508103,False,191,48
gemcitabine,elastic_net,4,ACH-000827,skin,0.22682841380823,0.2886688473003879,0.04599536449381447,0.5313423301069613,,0.483690464645104,0,0.5,0.135823398906874,0.31388184157508103,False,191,48
gemcitabine,elastic_net,4,ACH-000833,soft tissue,0.073911220630245,0.20465206386098858,-0.038021418945584834,0.44732554666756197,1.0,0.489718290282127,0,0.5,0.135823398906874,0.31388184157508103,False,191,48
gemcitabine,elastic_net,4,ACH-000013,ovary/fallopian tube,0.0703750055857409,0.2312349371412099,-0.011438545665363509,0.4739084199477833,1.0,0.47962057031365923,0,0.5,0.135823398906874,0.31388184157508103,False,191,48
gemcitabine,elastic_net,4,ACH-000777,esophagus/stomach,0.104646686762716,0.25320791606067106,0.010534433254097642,0.49588139886724447,1.0,0.47155576116038,0,0.5,0.135823398906874,0.31388184157508103,False,191,48
gemcitabine,elastic_net,4,ACH-000312,peripheral nervous system,0.217972014320295,0.2753027021740128,0.0326292193674394,0.5179761849805862,,0.4797728647999092,0,0.5,0.135823398906874,0.31388184157508103,False,191,48
gemcitabine,elastic_net,4,ACH-000869,lung,0.109567057781624,0.25652356729504855,0.013850084488475134,0.49919705010162196,1.0,0.46601068365903253,0,0.5,0.135823398906874,0.31388184157508103,False,191,48
gemcitabine,elastic_net,4,ACH-000582,skin,0.307946458129356,0.24520219893390752,0.002528716127334102,0.4878756817404809,,0.4674727181946448,0,0.5,0.135823398906874,0.31388184157508103,False,191,48
gemcitabine,elastic_net,4,ACH-000471,liver,0.0448891065440814,0.2612329753436343,0.018559492537060907,0.5039064581502077,1.0,0.46640397027816755,0,0.5,0.135823398906874,0.31388184157508103,False,191,48
gemcitabine,elastic_net,4,ACH-000888,lung,0.591373049311943,0.2724810124257585,0.02980752961918509,0.5151544952323319,0.0,0.4734183221744705,0,0.5,0.135823398906874,0.31388184157508103,False,191,48
gemcitabine,elastic_net,4,ACH-000796,ovary/fallopian tube,0.196667742922263,0.2624210094370769,0.019747526630503498,0.5050944922436503,,0.46688107947272794,0,0.5,0.135823398906874,0.31388184157508103,False,191,48
gemcitabine,elastic_net,4,ACH-000469,cns/brain,0.237571894754756,0.2691755369727499,0.02650205416617646,0.5118490197793233,,0.4764613422749631,0,0.5,0.135823398906874,0.31388184157508103,False,191,48
gemcitabine,elastic_net,4,ACH-000701,ovary/fallopian tube,0.534897503354179,0.30048284462019353,0.05780936181362012,0.543156327426767,0.0,0.4662688975785145,0,0.5,0.135823398906874,0.31388184157508103,False,191,48
gemcitabine,elastic_net,4,ACH-000542,ovary/fallopian tube,0.285830161959186,0.15830103636994852,-0.08437244643662489,0.40097451917652194,,0.49189064435951624,0,0.5,0.135823398906874,0.31388184157508103,False,191,48
gemcitabine,elastic_net,4,ACH-000996,uterus,0.219279580396865,0.24336466008845214,0.0006911772818787298,0.48603814289502556,,0.4777285931719013,0,0.5,0.135823398906874,0.31388184157508103,False,191,48
gemcitabine,elastic_net,4,ACH-000973,bladder/urinary tract,0.0345058505848264,0.24580212400689785,0.003128641200324439,0.48847560681347124,1.0,0.4908028180588159,0,0.5,0.135823398906874,0.31388184157508103,False,191,48
gemcitabine,elastic_net,4,ACH-000750,skin,0.378025660901177,0.2404794906927302,-0.0021939921138432184,0.48315297349930364,0.0,0.49011771976782526,0,0.5,0.135823398906874,0.31388184157508103,False,191,48
gemcitabine,xgboost,4,ACH-000008,skin,0.168457996697261,0.3025813102722168,0.06982008122094752,0.5353425393234861,,0.47782909914274135,0,0.5,0.135823398906874,0.31388184157508103,False,191,48
gemcitabine,xgboost,4,ACH-000627,lung,0.0753012737989057,0.2320740818977356,-0.0006871471535336848,0.4648353109490049,1.0,0.4786394527680486,0,0.5,0.135823398906874,0.31388184157508103,False,191,48
gemcitabine,xgboost,4,ACH-000704,ovary/fallopian tube,0.284073000124992,0.2605675756931305,0.027806346641861213,0.4933288047443998,,0.4797245478184336,0,0.5,0.135823398906874,0.31388184157508103,False,191,48
gemcitabine,xgboost,4,ACH-000552,bowel,0.186343910575424,0.21928344666957855,-0.013477782381690728,0.45204467572084783,,0.4688694319707782,0,0.5,0.135823398906874,0.31388184157508103,False,191,48
gemcitabine,xgboost,4,ACH-000858,lung,0.218222998596871,0.21839159727096558,-0.014369631780303704,0.45115282632223486,,0.48486011975429844,0,0.5,0.135823398906874,0.31388184157508103,False,191,48
gemcitabine,xgboost,4,ACH-000544,esophagus/stomach,0.262576635954963,0.2128586322069168,-0.01990259684435247,0.4456198612581861,,0.47965747557490174,0,0.5,0.135823398906874,0.31388184157508103,False,191,48
gemcitabine,xgboost,4,ACH-000643,breast,0.330445712902858,0.24936026334762573,0.016599034296356452,0.482121492398895,0.0,0.47358231503338916,0,0.5,0.135823398906874,0.31388184157508103,False,191,48
gemcitabine,xgboost,4,ACH-000261,lung,0.280933505229296,0.2222961187362671,-0.01046511031500219,0.45505734778753637,,0.47882772499490667,0,0.5,0.135823398906874,0.31388184157508103,False,191,48
gemcitabine,xgboost,4,ACH-000164,pancreas,0.37202370984714,0.23357421159744263,0.0008129825461733464,0.4663354406487119,0.0,0.48550373850779893,0,0.5,0.135823398906874,0.31388184157508103,False,191,48
gemcitabine,xgboost,4,ACH-000814,skin,0.32571644179717,0.29003652930259705,0.057275300251327765,0.5227977583538663,0.0,0.4836965036407459,0,0.5,0.135823398906874,0.31388184157508103,False,191,48
gemcitabine,xgboost,4,ACH-000842,bowel,0.0711394618543853,0.15911370515823364,-0.07364752389303564,0.3918749342095029,1.0,0.4794247741447596,0,0.5,0.135823398906874,0.31388184157508103,False,191,48
gemcitabine,xgboost,4,ACH-000087,bone,0.106766484636049,0.21632573008537292,-0.016435498965896356,0.4490869591366422,1.0,0.48958602703124804,0,0.5,0.135823398906874,0.31388184157508103,False,191,48
gemcitabine,xgboost,4,ACH-000403,bowel,0.335028559364872,0.2255268692970276,-0.007234359754241693,0.45828809834829687,0.0,0.4741887227520573,0,0.5,0.135823398906874,0.31388184157508103,False,191,48
gemcitabine,xgboost,4,ACH-000924,lung,0.311840947917709,0.28940892219543457,0.05664769314416529,0.5221701512467039,,0.4743276571380757,0,0.5,0.135823398906874,0.31388184157508103,False,191,48
gemcitabine,xgboost,4,ACH-000273,cns/brain,0.037001302916602,0.21960780024528503,-0.013153428805984246,0.4523690292965543,1.0,0.48505644194563363,0,0.5,0.135823398906874,0.31388184157508103,False,191,48
gemcitabine,xgboost,4,ACH-000479,cns/brain,0.208351139293534,0.2739854156970978,0.0412241866458285,0.5067466447483671,,0.47932501175329995,0,0.5,0.135823398906874,0.31388184157508103,False,191,48
gemcitabine,xgboost,4,ACH-000988,uterus,0.353144163293416,0.19402523338794708,-0.0387359956633222,0.42678646243921636,0.0,0.471698700369328,0,0.5,0.135823398906874,0.31388184157508103,False,191,48
gemcitabine,xgboost,4,ACH-000956,prostate,0.140423185875336,0.33438780903816223,0.10162657998689295,0.5671490380894315,,0.4813968895442926,0,0.5,0.135823398906874,0.31388184157508103,False,191,48
gemcitabine,xgboost,4,ACH-000007,bowel,0.222469904047124,0.26569464802742004,0.03293341897615076,0.4984558770786893,,0.4678664181064223,0,0.5,0.135823398906874,0.31388184157508103,False,191,48
gemcitabine,xgboost,4,ACH-001239,skin,0.168246967558674,0.2473684549331665,0.014607225881897223,0.4801296839844358,,0.4737330789047081,0,0.5,0.135823398906874,0.31388184157508103,False,191,48
gemcitabine,xgboost,4,ACH-000592,cns/brain,0.198756754884115,0.23880240321159363,0.006041174160324347,0.4715636322628629,,0.4879244557190691,0,0.5,0.135823398906874,0.31388184157508103,False,191,48
gemcitabine,xgboost,4,ACH-000667,lung,0.26912141220492,0.24853378534317017,0.015772556291900885,0.48129501439443945,,0.486275264139398,0,0.5,0.135823398906874,0.31388184157508103,False,191,48
gemcitabine,xgboost,4,ACH-000524,ovary/fallopian tube,0.242640569660137,0.2543427348136902,0.021581505762420905,0.48710396386495947,,0.47812259525319295,0,0.5,0.135823398906874,0.31388184157508103,False,191,48
gemcitabine,xgboost,4,ACH-000747,lung,0.0075898427372001,0.21692201495170593,-0.015839214099563348,0.4496832440029752,1.0,0.48165033354531483,0,0.5,0.135823398906874,0.31388184157508103,False,191,48
gemcitabine,xgboost,4,ACH-000417,pancreas,0.271562458267321,0.24938488006591797,0.016623651014648688,0.48214610911718725,,0.47179676178906504,0,0.5,0.135823398906874,0.31388184157508103,False,191,48
gemcitabine,xgboost,4,ACH-000839,bladder/urinary tract,0.352907053295182,0.22510336339473724,-0.007657865656532037,0.4578645924460065,0.0,0.48520119605541245,0,0.5,0.135823398906874,0.31388184157508103,False,191,48
gemcitabine,xgboost,4,ACH-000730,skin,0.326594070800292,0.28552505373954773,0.05276382468827845,0.518286282790817,0.0,0.4688679836275015,0,0.5,0.135823398906874,0.31388184157508103,False,191,48
gemcitabine,xgboost,4,ACH-000661,skin,0.21296155038756,0.244062140583992,0.011300911532722724,0.4768233696352613,,0.47753500974267277,0,0.5,0.135823398906874,0.31388184157508103,False,191,48
gemcitabine,xgboost,4,ACH-000979,prostate,0.15734481630977,0.21535885334014893,-0.017402375711120355,0.4481200823914182,,0.47840091169829546,0,0.5,0.135823398906874,0.31388184157508103,False,191,48
gemcitabine,xgboost,4,ACH-000343,lung,0.242957921921342,0.22562861442565918,-0.007132614625610101,0.45838984347692846,,0.4838262541948184,0,0.5,0.135823398906874,0.31388184157508103,False,191,48
gemcitabine,xgboost,4,ACH-000994,uterus,0.370999714175511,0.32546159625053406,0.09270036719926478,0.5582228253018033,0.0,0.4804121358266855,0,0.5,0.135823398906874,0.31388184157508103,False,191,48
gemcitabine,xgboost,4,ACH-000738,cns/brain,0.0965979491807171,0.19981667399406433,-0.03294455505720495,0.4325779030453336,1.0,0.49086487493889436,0,0.5,0.135823398906874,0.31388184157508103,False,191,48
gemcitabine,xgboost,4,ACH-000082,bone,0.516544140568399,0.24391600489616394,0.01115477584489466,0.4766772339474332,0.0,0.48704328880858133,0,0.5,0.135823398906874,0.31388184157508103,False,191,48
gemcitabine,xgboost,4,ACH-000879,uterus,0.0742326042935137,0.2574746310710907,0.024713402019821418,0.49023586012236,1.0,0.4747627850762237,0,0.5,0.135823398906874,0.31388184157508103,False,191,48
gemcitabine,xgboost,4,ACH-000137,cns/brain,0.0501199985600135,0.2306697815656662,-0.002091447485603082,0.4634310106169355,1.0,0.4813289910910445,0,0.5,0.135823398906874,0.31388184157508103,False,191,48
gemcitabine,xgboost,4,ACH-000147,breast,0.227809880144422,0.3254372477531433,0.09267601870187403,0.5581984768044126,,0.4715552882930776,0,0.5,0.135823398906874,0.31388184157508103,False,191,48
gemcitabine,xgboost,4,ACH-001318,liver,0.0786915525885623,0.21251805126667023,-0.020243177784599053,0.4452792803179395,1.0,0.48463248543230625,0,0.5,0.135823398906874,0.31388184157508103,False,191,48
gemcitabine,xgboost,4,ACH-000447,lung,0.291157103805532,0.23296093940734863,0.00019971035607935228,0.4657221684586179,,0.4781305685201397,0,0.5,0.135823398906874,0.31388184157508103,False,191,48
gemcitabine,xgboost,4,ACH-000319,pleura,0.862122406546678,0.22551999986171722,-0.007241229189552056,0.4582812289129865,0.0,0.48317059194475,0,0.5,0.135823398906874,0.31388184157508103,False,191,48
gemcitabine,xgboost,4,ACH-000221,liver,0.245489426149089,0.20824703574180603,-0.02451419330946325,0.4410082647930753,,0.49110937977013075,0,0.5,0.135823398906874,0.31388184157508103,False,191,48
gemcitabine,xgboost,4,ACH-000457,kidney,0.141899242762391,0.1732323169708252,-0.059528912080444085,0.4059935460220945,,0.48890334913501016,0,0.5,0.135823398906874,0.31388184157508103,False,191,48
gemcitabine,xgboost,4,ACH-000352,breast,0.36147909493483,0.31610172986984253,0.08334050081857325,0.5488629589211118,0.0,0.48163308750691936,0,0.5,0.135823398906874,0.31388184157508103,False,191,48
gemcitabine,xgboost,4,ACH-000468,pancreas,0.395422989833848,0.270252525806427,0.03749129675515772,0.5030137548576963,0.0,0.47771746276319244,0,0.5,0.135823398906874,0.31388184157508103,False,191,48
gemcitabine,xgboost,4,ACH-000827,skin,0.22682841380823,0.3103482127189636,0.07758698366769434,0.5431094417702329,,0.4782932283326381,0,0.5,0.135823398906874,0.31388184157508103,False,191,48
gemcitabine,xgboost,4,ACH-000833,soft tissue,0.073911220630245,0.2124750018119812,-0.02028622723928808,0.4452362308632505,1.0,0.47815039703041823,0,0.5,0.135823398906874,0.31388184157508103,False,191,48
gemcitabine,xgboost,4,ACH-000013,ovary/fallopian tube,0.0703750055857409,0.2004087120294571,-0.03235251702181219,0.4331699410807264,1.0,0.4847884084912663,0,0.5,0.135823398906874,0.31388184157508103,False,191,48
gemcitabine,xgboost,4,ACH-000777,esophagus/stomach,0.104646686762716,0.25784406065940857,0.02508283160813929,0.49060528971067785,1.0,0.47242842967084014,0,0.5,0.135823398906874,0.31388184157508103,False,191,48
gemcitabine,xgboost,4,ACH-000312,peripheral nervous system,0.217972014320295,0.2548932135105133,0.022131984459244025,0.4876544425617826,,0.47836356739316466,0,0.5,0.135823398906874,0.31388184157508103,False,191,48
gemcitabine,xgboost,4,ACH-000869,lung,0.109567057781624,0.25692620873451233,0.02416497968324305,0.4896874377857816,1.0,0.4713396297975113,0,0.5,0.135823398906874,0.31388184157508103,False,191,48
gemcitabine,xgboost,4,ACH-000582,skin,0.307946458129356,0.24431507289409637,0.011553843842827094,0.47707630194536566,,0.4787667529752981,0,0.5,0.135823398906874,0.31388184157508103,False,191,48
gemcitabine,xgboost,4,ACH-000471,liver,0.0448891065440814,0.2599591016769409,0.027197872625671637,0.4927203307282102,1.0,0.48597138620744457,0,0.5,0.135823398906874,0.31388184157508103,False,191,48
gemcitabine,xgboost,4,ACH-000888,lung,0.591373049311943,0.23004940152168274,-0.0027118275295865413,0.462810630572952,0.0,0.47917092929263083,0,0.5,0.135823398906874,0.31388184157508103,False,191,48
gemcitabine,xgboost,4,ACH-000796,ovary/fallopian tube,0.196667742922263,0.2401353120803833,0.00737408302911402,0.4728965411316526,,0.48214781238614707,0,0.5,0.135823398906874,0.31388184157508103,False,191,48
gemcitabine,xgboost,4,ACH-000469,cns/brain,0.237571894754756,0.23298875987529755,0.00022753082402826585,0.4657499889265668,,0.48510308459864654,0,0.5,0.135823398906874,0.31388184157508103,False,191,48
gemcitabine,xgboost,4,ACH-000701,ovary/fallopian tube,0.534897503354179,0.2748386263847351,0.04207739733346583,0.5075998554360044,0.0,0.47249765908646574,0,0.5,0.135823398906874,0.31388184157508103,False,191,48
gemcitabine,xgboost,4,ACH-000542,ovary/fallopian tube,0.285830161959186,0.1970028281211853,-0.03575840093008398,0.4297640571724546,,0.4907989395706155,0,0.5,0.135823398906874,0.31388184157508103,False,191,48
gemcitabine,xgboost,4,ACH-000996,uterus,0.219279580396865,0.27493712306022644,0.04217589400895716,0.5076983521114957,,0.48302893652198375,0,0.5,0.135823398906874,0.31388184157508103,False,191,48
gemcitabine,xgboost,4,ACH-000973,bladder/urinary tract,0.0345058505848264,0.24463613331317902,0.011874904261909736,0.4773973623644483,1.0,0.48635891068622,0,0.5,0.135823398906874,0.31388184157508103,False,191,48
gemcitabine,xgboost,4,ACH-000750,skin,0.378025660901177,0.22263062000274658,-0.010130609048522699,0.45539184905401586,0.0,0.4827504479443921,0,0.5,0.135823398906874,0.31388184157508103,False,191,48
gemcitabine,lineage,5,ACH-000528,lung,0.310745986611647,0.19389322581294088,-0.0387830476254892,0.426569499251371,,0.479725334585819,0,0.5,0.1326102911096465,0.31790070911350254,False,191,48
gemcitabine,lineage,5,ACH-000769,lung,0.291142134127988,0.19389322581294088,-0.0387830476254892,0.426569499251371,,0.479725334585819,0,0.5,0.1326102911096465,0.31790070911350254,False,191,48
gemcitabine,lineage,5,ACH-000800,lung,0.173365599365932,0.19389322581294088,-0.0387830476254892,0.426569499251371,,0.479725334585819,0,0.5,0.1326102911096465,0.31790070911350254,False,191,48
gemcitabine,lineage,5,ACH-000123,ovary/fallopian tube,0.0780655901200831,0.2365570925814512,0.0038808191430211025,0.4692333660198813,1.0,0.4786112222472127,0,0.5,0.1326102911096465,0.31790070911350254,False,191,48
gemcitabine,lineage,5,ACH-000785,lung,0.349479035722738,0.19389322581294088,-0.0387830476254892,0.426569499251371,0.0,0.479725334585819,0,0.5,0.1326102911096465,0.31790070911350254,False,191,48
gemcitabine,lineage,5,ACH-000035,lung,0.1393039453661,0.19389322581294088,-0.0387830476254892,0.426569499251371,,0.479725334585819,0,0.5,0.1326102911096465,0.31790070911350254,False,191,48
gemcitabine,lineage,5,ACH-000222,pancreas,0.399950839152456,0.26769735747445006,0.03502108403601997,0.5003736309128801,0.0,0.4768398017796903,0,0.5,0.1326102911096465,0.31790070911350254,False,191,48
gemcitabine,lineage,5,ACH-000260,peripheral nervous system,0.299338908370774,0.16069035520736002,-0.07198591823107006,0.3933666286457901,,0.47891079391766084,0,0.5,0.1326102911096465,0.31790070911350254,False,191,48
gemcitabine,lineage,5,ACH-000978,uterus,0.986296484845819,0.24021997587958574,0.007543702441155653,0.4728962493180158,0.0,0.47790419241868376,0,0.5,0.1326102911096465,0.31790070911350254,False,191,48
gemcitabine,lineage,5,ACH-000368,cns/brain,0.214266597917394,0.19010668912953244,-0.04256958430889765,0.42278296256796255,,0.47929858477571,0,0.5,0.1326102911096465,0.31790070911350254,False,191,48
gemcitabine,lineage,5,ACH-000098,cns/brain,0.266485269985314,0.19010668912953244,-0.04256958430889765,0.42278296256796255,,0.47929858477571,0,0.5,0.1326102911096465,0.31790070911350254,False,191,48
gemcitabine,lineage,5,ACH-000971,bowel,0.118254001966369,0.2105718191794419,-0.022104454258988188,0.443248092617872,1.0,0.4782728522289058,0,0.5,0.1326102911096465,0.31790070911350254,False,191,48
gemcitabine,lineage,5,ACH-000019,breast,0.331921162097319,0.35498532735751676,0.12230905391908667,0.5876616007959469,0.0,0.4763294365656598,0,0.5,0.1326102911096465,0.31790070911350254,False,191,48
gemcitabine,lineage,5,ACH-000832,head and neck,0.260352969892764,0.2371284060884224,0.0044521326499923075,0.46980467952685245,,0.47891079391766084,0,0.5,0.1326102911096465,0.31790070911350254,False,191,48
gemcitabine,lineage,5,ACH-000329,cns/brain,0.361589137735994,0.19010668912953244,-0.04256958430889765,0.42278296256796255,0.0,0.47929858477571,0,0.5,0.1326102911096465,0.31790070911350254,False,191,48
gemcitabine,lineage,5,ACH-000819,cns/brain,0.0584284225194229,0.19010668912953244,-0.04256958430889765,0.42278296256796255,1.0,0.47929858477571,0,0.5,0.1326102911096465,0.31790070911350254,False,191,48
gemcitabine,lineage,5,ACH-000391,bone,0.263496063764781,0.2937157914892577,0.06103951805082761,0.5263920649276878,,0.47825485392440986,0,0.5,0.1326102911096465,0.31790070911350254,False,191,48
gemcitabine,lineage,5,ACH-000022,pancreas,0.407435069551962,0.26769735747445006,0.03502108403601997,0.5003736309128801,0.0,0.4768398017796903,0,0.5,0.1326102911096465,0.31790070911350254,False,191,48
gemcitabine,lineage,5,ACH-000040,cns/brain,0.151744397372174,0.19010668912953244,-0.04256958430889765,0.42278296256796255,,0.47929858477571,0,0.5,0.1326102911096465,0.31790070911350254,False,191,48
gemcitabine,lineage,5,ACH-000719,ovary/fallopian tube,0.348978945762886,0.2365570925814512,0.0038808191430211025,0.4692333660198813,0.0,0.4786112222472127,0,0.5,0.1326102911096465,0.31790070911350254,False,191,48
gemcitabine,lineage,5,ACH-000250,kidney,0.246807608012472,0.2112340723786272,-0.02144220105980288,0.4439103458170573,,0.4782953590753513,0,0.5,0.1326102911096465,0.31790070911350254,False,191,48
gemcitabine,lineage,5,ACH-000955,bowel,0.377531573133471,0.2105718191794419,-0.022104454258988188,0.443248092617872,0.0,0.4782728522289058,0,0.5,0.1326102911096465,0.31790070911350254,False,191,48
gemcitabine,lineage,5,ACH-000389,cns/brain,0.314459899701392,0.19010668912953244,-0.04256958430889765,0.42278296256796255,,0.47929858477571,0,0.5,0.1326102911096465,0.31790070911350254,False,191,48
gemcitabine,lineage,5,ACH-000132,ovary/fallopian tube,0.263658814524259,0.2365570925814512,0.0038808191430211025,0.4692333660198813,,0.4786112222472127,0,0.5,0.1326102911096465,0.31790070911350254,False,191,48
gemcitabine,lineage,5,ACH-000665,lung,0.127766185219016,0.19389322581294088,-0.0387830476254892,0.426569499251371,1.0,0.479725334585819,0,0.5,0.1326102911096465,0.31790070911350254,False,191,48
gemcitabine,lineage,5,ACH-000210,bone,0.290445078746331,0.2937157914892577,0.06103951805082761,0.5263920649276878,,0.47825485392440986,0,0.5,0.1326102911096465,0.31790070911350254,False,191,48
gemcitabine,lineage,5,ACH-000090,prostate,0.178799615349443,0.18985073245064352,-0.04282554098778657,0.4225270058890736,,0.4782953590753513,0,0.5,0.1326102911096465,0.31790070911350254,False,191,48
gemcitabine,lineage,5,ACH-000826,lung,0.347023337106112,0.19389322581294088,-0.0387830476254892,0.426569499251371,0.0,0.479725334585819,0,0.5,0.1326102911096465,0.31790070911350254,False,191,48
gemcitabine,lineage,5,ACH-000721,breast,0.249281532965171,0.35498532735751676,0.12230905391908667,0.5876616007959469,,0.4763294365656598,0,0.5,0.1326102911096465,0.31790070911350254,False,191,48
gemcitabine,lineage,5,ACH-000950,bowel,0.13039379102035,0.2105718191794419,-0.022104454258988188,0.443248092617872,1.0,0.4782728522289058,0,0.5,0.1326102911096465,0.31790070911350254,False,191,48
gemcitabine,lineage,5,ACH-000142,bladder/urinary tract,0.0354296753550762,0.19327525795027464,-0.039401015488155444,0.42595153138870473,1.0,0.47888852418989625,0,0.5,0.1326102911096465,0.31790070911350254,False,191,48
gemcitabine,lineage,5,ACH-000264,lung,0.0820015540533894,0.19389322581294088,-0.0387830476254892,0.426569499251371,1.0,0.479725334585819,0,0.5,0.1326102911096465,0.31790070911350254,False,191,48
gemcitabine,lineage,5,ACH-000694,esophagus/stomach,0.320070510613478,0.2036622648821029,-0.029014008556327187,0.436338538320533,0.0,0.47888852418989625,0,0.5,0.1326102911096465,0.31790070911350254,False,191,48
gemcitabine,lineage,5,ACH-000768,breast,0.175369925981876,0.35498532735751676,0.12230905391908667,0.5876616007959469,,0.4763294365656598,0,0.5,0.1326102911096465,0.31790070911350254,False,191,48
gemcitabine,lineage,5,ACH-000527,ovary/fallopian tube,0.224422594374736,0.2365570925814512,0.0038808191430211025,0.4692333660198813,,0.4786112222472127,0,0.5,0.1326102911096465,0.31790070911350254,False,191,48
gemcitabine,lineage,5,ACH-000734,liver,0.0840348085413282,0.2627769186057877,0.030100645167357637,0.4954531920442178,1.0,0.47854181763406556,0,0.5,0.1326102911096465,0.31790070911350254,False,191,48
gemcitabine,lineage,5,ACH-000845,lung,0.268394124863375,0.19389322581294088,-0.0387830476254892,0.426569499251371,,0.479725334585819,0,0.5,0.1326102911096465,0.31790070911350254,False,191,48
gemcitabine,lineage,5,ACH-000783,breast,0.717800117706638,0.35498532735751676,0.12230905391908667,0.5876616007959469,0.0,0.4763294365656598,0,0.5,0.1326102911096465,0.31790070911350254,False,191,48
gemcitabine,lineage,5,ACH-000141,biliary tract,0.371732495704204,0.24833174212149656,0.01565546868306647,0.48100801555992667,0.0,0.4782953590753513,0,0.5,0.1326102911096465,0.31790070911350254,False,191,48
gemcitabine,lineage,5,ACH-000810,skin,0.135503433850398,0.2769096037623285,0.044233330323898395,0.5095858772007585,,0.47678835352833543,0,0.5,0.1326102911096465,0.31790070911350254,False,191,48
gemcitabine,lineage,5,ACH-000395,lung,0.384537453916911,0.19389322581294088,-0.0387830476254892,0.426569499251371,0.0,0.479725334585819,0,0.5,0.1326102911096465,0.31790070911350254,False,191,48
gemcitabine,lineage,5,ACH-000837,lung,0.175245839061092,0.19389322581294088,-0.0387830476254892,0.426569499251371,,0.479725334585819,0,0.5,0.1326102911096465,0.31790070911350254,False,191,48
gemcitabine,lineage,5,ACH-000463,lung,0.147075387116058,0.19389322581294088,-0.0387830476254892,0.426569499251371,,0.479725334585819,0,0.5,0.1326102911096465,0.31790070911350254,False,191,48
gemcitabine,lineage,5,ACH-000651,bowel,0.165251640175296,0.2105718191794419,-0.022104454258988188,0.443248092617872,,0.4782728522289058,0,0.5,0.1326102911096465,0.31790070911350254,False,191,48
gemcitabine,lineage,5,ACH-000192,uterus,0.149168240165969,0.24021997587958574,0.007543702441155653,0.4728962493180158,,0.47790419241868376,0,0.5,0.1326102911096465,0.31790070911350254,False,191,48
gemcitabine,lineage,5,ACH-000966,ovary/fallopian tube,0.10847569941718,0.2365570925814512,0.0038808191430211025,0.4692333660198813,1.0,0.4786112222472127,0,0.5,0.1326102911096465,0.31790070911350254,False,191,48
gemcitabine,lineage,5,ACH-000042,pancreas,0.212764159333632,0.26769735747445006,0.03502108403601997,0.5003736309128801,,0.4768398017796903,0,0.5,0.1326102911096465,0.31790070911350254,False,191,48
gemcitabine,lineage,5,ACH-000191,thyroid,0.132509019229862,0.1602652667032825,-0.07241100673514758,0.39294154014171256,1.0,0.47891079391766084,0,0.5,0.1326102911096465,0.31790070911350254,False,191,48
gemcitabine,lineage,5,ACH-000452,esophagus/stomach,0.33471316514966,0.2036622648821029,-0.029014008556327187,0.436338538320533,0.0,0.47888852418989625,0,0.5,0.1326102911096465,0.31790070911350254,False,191,48
gemcitabine,lineage,5,ACH-000929,lung,0.175902834825899,0.19389322581294088,-0.0387830476254892,0.426569499251371,,0.479725334585819,0,0.5,0.1326102911096465,0.31790070911350254,False,191,48
gemcitabine,lineage,5,ACH-000390,lung,0.13614336396335,0.19389322581294088,-0.0387830476254892,0.426569499251371,,0.479725334585819,0,0.5,0.1326102911096465,0.31790070911350254,False,191,48
gemcitabine,lineage,5,ACH-000878,lung,0.303245390857817,0.19389322581294088,-0.0387830476254892,0.426569499251371,,0.479725334585819,0,0.5,0.1326102911096465,0.31790070911350254,False,191,48
gemcitabine,lineage,5,ACH-000211,cns/brain,0.0568849213400188,0.19010668912953244,-0.04256958430889765,0.42278296256796255,1.0,0.47929858477571,0,0.5,0.1326102911096465,0.31790070911350254,False,191,48
gemcitabine,lineage,5,ACH-000096,kidney,0.0879774765585948,0.2112340723786272,-0.02144220105980288,0.4439103458170573,1.0,0.4782953590753513,0,0.5,0.1326102911096465,0.31790070911350254,False,191,48
gemcitabine,lineage,5,ACH-000444,lung,0.117672362873797,0.19389322581294088,-0.0387830476254892,0.426569499251371,1.0,0.479725334585819,0,0.5,0.1326102911096465,0.31790070911350254,False,191,48
gemcitabine,lineage,5,ACH-000307,pancreas,0.13339574870199,0.26769735747445006,0.03502108403601997,0.5003736309128801,,0.4768398017796903,0,0.5,0.1326102911096465,0.31790070911350254,False,191,48
gemcitabine,lineage,5,ACH-000510,lung,0.28986717350454,0.19389322581294088,-0.0387830476254892,0.426569499251371,,0.479725334585819,0,0.5,0.1326102911096465,0.31790070911350254,False,191,48
gemcitabine,lineage,5,ACH-000288,breast,0.148534005299337,0.35498532735751676,0.12230905391908667,0.5876616007959469,,0.4763294365656598,0,0.5,0.1326102911096465,0.31790070911350254,False,191,48
gemcitabine,lineage,5,ACH-000666,lung,0.20051271564715,0.19389322581294088,-0.0387830476254892,0.426569499251371,,0.479725334585819,0,0.5,0.1326102911096465,0.31790070911350254,False,191,48
gemcitabine,elastic_net,5,ACH-000528,lung,0.310745986611647,0.26031392166993317,0.01775784101214306,0.5028700023277233,,0.5053026427873688,1,0.5,0.1326102911096465,0.31790070911350254,False,191,48
gemcitabine,elastic_net,5,ACH-000769,lung,0.291142134127988,0.23112059757718872,-0.011435483080601383,0.47367667823497883,,0.4215303149716769,0,0.5,0.1326102911096465,0.31790070911350254,False,191,48
gemcitabine,elastic_net,5,ACH-000800,lung,0.173365599365932,0.14909782634609872,-0.09345825431169139,0.3916539070038888,,0.5727501189391083,1,0.5,0.1326102911096465,0.31790070911350254,False,191,48
gemcitabine,elastic_net,5,ACH-000123,ovary/fallopian tube,0.0780655901200831,0.2229404429724557,-0.01961563768533442,0.4654965236302458,1.0,0.45037921871352515,0,0.5,0.1326102911096465,0.31790070911350254,False,191,48
gemcitabine,elastic_net,5,ACH-000785,lung,0.349479035722738,0.23811376770062986,-0.004442312957160244,0.48066984835841997,0.0,0.559714919360603,1,0.5,0.1326102911096465,0.31790070911350254,False,191,48
gemcitabine,elastic_net,5,ACH-000035,lung,0.1393039453661,0.1735943930247119,-0.0689616876330782,0.416150473682502,,0.4644728529206668,0,0.5,0.1326102911096465,0.31790070911350254,False,191,48
gemcitabine,elastic_net,5,ACH-000222,pancreas,0.399950839152456,0.3308120555230251,0.08825597486523501,0.5733681361808152,0.0,0.40416659031121727,0,0.5,0.1326102911096465,0.31790070911350254,False,191,48
gemcitabine,elastic_net,5,ACH-000260,peripheral nervous system,0.299338908370774,0.2542246672895232,0.011668586631733091,0.4967807479473133,,0.47154522430938967,0,0.5,0.1326102911096465,0.31790070911350254,False,191,48
gemcitabine,elastic_net,5,ACH-000978,uterus,0.986296484845819,0.16974278893614325,-0.07281329172164686,0.41229886959393336,0.0,0.4962793072365952,0,0.5,0.1326102911096465,0.31790070911350254,False,191,48
gemcitabine,elastic_net,5,ACH-000368,cns/brain,0.214266597917394,0.2535758663478338,0.011019785690043693,0.4961319470056239,,0.5220156113456795,1,0.5,0.1326102911096465,0.31790070911350254,False,191,48
gemcitabine,elastic_net,5,ACH-000098,cns/brain,0.266485269985314,0.17764188260712582,-0.06491419805066428,0.42019796326491593,,0.5582167394960497,1,0.5,0.1326102911096465,0.31790070911350254,False,191,48
gemcitabine,elastic_net,5,ACH-000971,bowel,0.118254001966369,0.20954630180756345,-0.033009778850226656,0.45210238246535356,1.0,0.5131473924586719,1,0.5,0.1326102911096465,0.31790070911350254,False,191,48
gemcitabine,elastic_net,5,ACH-000019,breast,0.331921162097319,0.290399901189057,0.0478438205312669,0.5329559818468471,0.0,0.4456589557456343,0,0.5,0.1326102911096465,0.31790070911350254,False,191,48
gemcitabine,elastic_net,5,ACH-000832,head and neck,0.260352969892764,0.2294018841310613,-0.013154196526728806,0.47195796478885144,,0.4376001681072331,0,0.5,0.1326102911096465,0.31790070911350254,False,191,48
gemcitabine,elastic_net,5,ACH-000329,cns/brain,0.361589137735994,0.33172210423517734,0.08916602357738723,0.5742781848929674,0.0,0.4350817593487166,0,0.5,0.1326102911096465,0.31790070911350254,False,191,48
gemcitabine,elastic_net,5,ACH-000819,cns/brain,0.0584284225194229,0.23474843943163165,-0.007807641226158457,0.47730452008942176,1.0,0.5205444158664708,1,0.5,0.1326102911096465,0.31790070911350254,False,191,48
gemcitabine,elastic_net,5,ACH-000391,bone,0.263496063764781,0.22825200541856783,-0.01430407523922228,0.47080808607635793,,0.4914728950671377,0,0.5,0.1326102911096465,0.31790070911350254,False,191,48
gemcitabine,elastic_net,5,ACH-000022,pancreas,0.407435069551962,0.2878366101213271,0.045280529463537,0.5303926907791172,0.0,0.4053839325380285,0,0.5,0.1326102911096465,0.31790070911350254,False,191,48
gemcitabine,elastic_net,5,ACH-000040,cns/brain,0.151744397372174,0.1619927646809121,-0.08056331597687802,0.40454884533870217,,0.5743024450475802,1,0.5,0.1326102911096465,0.31790070911350254,False,191,48
gemcitabine,elastic_net,5,ACH-000719,ovary/fallopian tube,0.348978945762886,0.274798501322877,0.03224242066508687,0.5173545819806671,0.0,0.4346136567643202,0,0.5,0.1326102911096465,0.31790070911350254,False,191,48
gemcitabine,elastic_net,5,ACH-000250,kidney,0.246807608012472,0.2136527111318729,-0.02890336952591721,0.456208791789663,,0.49033873754638174,0,0.5,0.1326102911096465,0.31790070911350254,False,191,48
gemcitabine,elastic_net,5,ACH-000955,bowel,0.377531573133471,0.25638861904592175,0.013832538388131643,0.49894469970371186,0.0,0.4445270925120252,0,0.5,0.1326102911096465,0.31790070911350254,False,191,48
gemcitabine,elastic_net,5,ACH-000389,cns/brain,0.314459899701392,0.24666073276073158,0.004104652102941475,0.4892168134185217,,0.49797148016045223,0,0.5,0.1326102911096465,0.31790070911350254,False,191,48
gemcitabine,elastic_net,5,ACH-000132,ovary/fallopian tube,0.263658814524259,0.28110030517725704,0.03854422451946693,0.5236563858350471,,0.4224508120945321,0,0.5,0.1326102911096465,0.31790070911350254,False,191,48
gemcitabine,elastic_net,5,ACH-000665,lung,0.127766185219016,0.17289323616918129,-0.06966284448860882,0.4154493168269714,1.0,0.573003046275734,1,0.5,0.1326102911096465,0.31790070911350254,False,191,48
gemcitabine,elastic_net,5,ACH-000210,bone,0.290445078746331,0.22936004188101589,-0.013196038776774222,0.471916122538806,,0.4534874056195383,0,0.5,0.1326102911096465,0.31790070911350254,False,191,48
gemcitabine,elastic_net,5,ACH-000090,prostate,0.178799615349443,0.21777172674670156,-0.024784353911088547,0.46032780740449164,,0.5683852268443761,1,0.5,0.1326102911096465,0.31790070911350254,False,191,48
gemcitabine,elastic_net,5,ACH-000826,lung,0.347023337106112,0.22909976014712913,-0.01345632051066098,0.47165584080491924,0.0,0.5731080971325871,1,0.5,0.1326102911096465,0.31790070911350254,False,191,48
gemcitabine,elastic_net,5,ACH-000721,breast,0.249281532965171,0.27168720394960516,0.029131123291815053,0.5142432846073952,,0.40572839152009776,0,0.5,0.1326102911096465,0.31790070911350254,False,191,48
gemcitabine,elastic_net,5,ACH-000950,bowel,0.13039379102035,0.26140535979246926,0.018849279134679153,0.5039614404502594,1.0,0.4589493537365352,0,0.5,0.1326102911096465,0.31790070911350254,False,191,48
gemcitabine,elastic_net,5,ACH-000142,bladder/urinary tract,0.0354296753550762,0.24522880540568087,0.0026727247478907645,0.487784886063471,1.0,0.5550917338887607,1,0.5,0.1326102911096465,0.31790070911350254,False,191,48
gemcitabine,elastic_net,5,ACH-000264,lung,0.0820015540533894,0.2711811811541343,0.028625100496344202,0.5137372618119245,1.0,0.520834195084303,1,0.5,0.1326102911096465,0.31790070911350254,False,191,48
gemcitabine,elastic_net,5,ACH-000694,esophagus/stomach,0.320070510613478,0.2632680402810381,0.02071195962324801,0.5058241209388282,0.0,0.40934285686836547,0,0.5,0.1326102911096465,0.31790070911350254,False,191,48
gemcitabine,elastic_net,5,ACH-000768,breast,0.175369925981876,0.251050423189444,0.008494342531653876,0.4936065038472341,,0.46400577753348765,0,0.5,0.1326102911096465,0.31790070911350254,False,191,48
gemcitabine,elastic_net,5,ACH-000527,ovary/fallopian tube,0.224422594374736,0.27276149311089193,0.03020541245310182,0.515317573768682,,0.40575867717143815,0,0.5,0.1326102911096465,0.31790070911350254,False,191,48
gemcitabine,elastic_net,5,ACH-000734,liver,0.0840348085413282,0.28592807032138556,0.043371989663595456,0.5284841509791757,1.0,0.4646077689606147,0,0.5,0.1326102911096465,0.31790070911350254,False,191,48
gemcitabine,elastic_net,5,ACH-000845,lung,0.268394124863375,0.2357650484248494,-0.006791032232940697,0.4783211290826395,,0.566502465405702,1,0.5,0.1326102911096465,0.31790070911350254,False,191,48
gemcitabine,elastic_net,5,ACH-000783,breast,0.717800117706638,0.28202364953758463,0.03946756887979452,0.5245797301953747,0.0,0.4289663889541374,0,0.5,0.1326102911096465,0.31790070911350254,False,191,48
gemcitabine,elastic_net,5,ACH-000141,biliary tract,0.371732495704204,0.26091738657794866,0.018361305920158555,0.5034734672357388,0.0,0.4669851215703644,0,0.5,0.1326102911096465,0.31790070911350254,False,191,48
gemcitabine,elastic_net,5,ACH-000810,skin,0.135503433850398,0.24821952805525963,0.005663447397469518,0.4907756087130497,,0.4134868140765329,0,0.5,0.1326102911096465,0.31790070911350254,False,191,48
gemcitabine,elastic_net,5,ACH-000395,lung,0.384537453916911,0.26577416918580843,0.02321808852801832,0.5083302498435985,0.0,0.4200620932490771,0,0.5,0.1326102911096465,0.31790070911350254,False,191,48
gemcitabine,elastic_net,5,ACH-000837,lung,0.175245839061092,0.20770581066592092,-0.03485026999186919,0.450261891323711,,0.5622917621523181,1,0.5,0.1326102911096465,0.31790070911350254,False,191,48
gemcitabine,elastic_net,5,ACH-000463,lung,0.147075387116058,0.1776027274799116,-0.06495335317787851,0.4201588081377017,,0.539626894618694,1,0.5,0.1326102911096465,0.31790070911350254,False,191,48
gemcitabine,elastic_net,5,ACH-000651,bowel,0.165251640175296,0.2692361054007635,0.026680024742973374,0.5117921860585536,,0.515032303659907,1,0.5,0.1326102911096465,0.31790070911350254,False,191,48
gemcitabine,elastic_net,5,ACH-000192,uterus,0.149168240165969,0.25755697914658326,0.015000898488793157,0.5001130598043734,,0.451850978491002,0,0.5,0.1326102911096465,0.31790070911350254,False,191,48
gemcitabine,elastic_net,5,ACH-000966,ovary/fallopian tube,0.10847569941718,0.22801617800827662,-0.014539902649513492,0.4705722586660667,1.0,0.4361107353806955,0,0.5,0.1326102911096465,0.31790070911350254,False,191,48
gemcitabine,elastic_net,5,ACH-000042,pancreas,0.212764159333632,0.29273621642685993,0.05018013576906982,0.5352922970846501,,0.40902298549669985,0,0.5,0.1326102911096465,0.31790070911350254,False,191,48
gemcitabine,elastic_net,5,ACH-000191,thyroid,0.132509019229862,0.22878508334790887,-0.013770997309881239,0.471341164005699,1.0,0.5619297249207164,1,0.5,0.1326102911096465,0.31790070911350254,False,191,48
gemcitabine,elastic_net,5,ACH-000452,esophagus/stomach,0.33471316514966,0.24024925177766707,-0.0023068288801230408,0.4828053324354572,0.0,0.5690031871535001,1,0.5,0.1326102911096465,0.31790070911350254,False,191,48
gemcitabine,elastic_net,5,ACH-000929,lung,0.175902834825899,0.241167887979576,-0.0013881926782141063,0.4837239686373661,,0.540291482193109,1,0.5,0.1326102911096465,0.31790070911350254,False,191,48
gemcitabine,elastic_net,5,ACH-000390,lung,0.13614336396335,0.19981644752166822,-0.04273963313612189,0.4423725281794583,,0.5637282440037646,1,0.5,0.1326102911096465,0.31790070911350254,False,191,48
gemcitabine,elastic_net,5,ACH-000878,lung,0.303245390857817,0.2229709070042142,-0.0195851736535759,0.4655269876620043,,0.5320593775601165,1,0.5,0.1326102911096465,0.31790070911350254,False,191,48
gemcitabine,elastic_net,5,ACH-000211,cns/brain,0.0568849213400188,0.19161880100033607,-0.05093727965745404,0.4341748816581262,1.0,0.574610437511931,1,0.5,0.1326102911096465,0.31790070911350254,False,191,48
gemcitabine,elastic_net,5,ACH-000096,kidney,0.0879774765585948,0.25253801731514225,0.009981936657352142,0.49509409797293236,1.0,0.44438540726816933,0,0.5,0.1326102911096465,0.31790070911350254,False,191,48
gemcitabine,elastic_net,5,ACH-000444,lung,0.117672362873797,0.19711803265092415,-0.04543804800686596,0.43967411330871425,1.0,0.5288107165961738,1,0.5,0.1326102911096465,0.31790070911350254,False,191,48
gemcitabine,elastic_net,5,ACH-000307,pancreas,0.13339574870199,0.29322814323165736,0.05067206257386725,0.5357842238894475,,0.4103578560098385,0,0.5,0.1326102911096465,0.31790070911350254,False,191,48
gemcitabine,elastic_net,5,ACH-000510,lung,0.28986717350454,0.12071697975575099,-0.12183910090203912,0.3632730604135411,,0.5752518096133218,1,0.5,0.1326102911096465,0.31790070911350254,False,191,48
gemcitabine,elastic_net,5,ACH-000288,breast,0.148534005299337,0.17955142747792885,-0.06300465317986126,0.42210750813571896,,0.5356980164532122,1,0.5,0.1326102911096465,0.31790070911350254,False,191,48
gemcitabine,elastic_net,5,ACH-000666,lung,0.20051271564715,0.23766454876901705,-0.00489153188877306,0.48022062942680716,,0.4454523653517263,0,0.5,0.1326102911096465,0.31790070911350254,False,191,48
gemcitabine,xgboost,5,ACH-000528,lung,0.310745986611647,0.317699670791626,0.05992137570596612,0.5754779658772858,,0.47934869784171974,0,0.5,0.1326102911096465,0.31790070911350254,False,191,48
gemcitabine,xgboost,5,ACH-000769,lung,0.291142134127988,0.17866717278957367,-0.07911112229608619,0.43644546787523353,,0.4727290736250188,0,0.5,0.1326102911096465,0.31790070911350254,False,191,48
gemcitabine,xgboost,5,ACH-000800,lung,0.173365599365932,0.15238600969314575,-0.1053922853925141,0.4101643047788056,,0.48626193453743505,0,0.5,0.1326102911096465,0.31790070911350254,False,191,48
gemcitabine,xgboost,5,ACH-000123,ovary/fallopian tube,0.0780655901200831,0.18730992078781128,-0.07046837429784858,0.44508821587347114,1.0,0.469463236687976,0,0.5,0.1326102911096465,0.31790070911350254,False,191,48
gemcitabine,xgboost,5,ACH-000785,lung,0.349479035722738,0.22267848253250122,-0.03509981255315864,0.4804567776181611,0.0,0.4676904459377285,0,0.5,0.1326102911096465,0.31790070911350254,False,191,48
gemcitabine,xgboost,5,ACH-000035,lung,0.1393039453661,0.23197531700134277,-0.025802978084317085,0.48975361208700263,,0.47171765260050297,0,0.5,0.1326102911096465,0.31790070911350254,False,191,48
gemcitabine,xgboost,5,ACH-000222,pancreas,0.399950839152456,0.283799946308136,0.026021651222476128,0.5415782413937958,0.0,0.4582654039255775,0,0.5,0.1326102911096465,0.31790070911350254,False,191,48
gemcitabine,xgboost,5,ACH-000260,peripheral nervous system,0.299338908370774,0.20991231501102448,-0.047865980074635384,0.46769061009668433,,0.48902247884721267,0,0.5,0.1326102911096465,0.31790070911350254,False,191,48
gemcitabine,xgboost,5,ACH-000978,uterus,0.986296484845819,0.2365877628326416,-0.021190532253018257,0.49436605791830146,0.0,0.4832460456824619,0,0.5,0.1326102911096465,0.31790070911350254,False,191,48
gemcitabine,xgboost,5,ACH-000368,cns/brain,0.214266597917394,0.23754076659679413,-0.02023752848886573,0.495319061682454,,0.4902057541134403,0,0.5,0.1326102911096465,0.31790070911350254,False,191,48
gemcitabine,xgboost,5,ACH-000098,cns/brain,0.266485269985314,0.1869402676820755,-0.07083802740358436,0.44471856276773536,,0.48861410272383743,0,0.5,0.1326102911096465,0.31790070911350254,False,191,48
gemcitabine,xgboost,5,ACH-000971,bowel,0.118254001966369,0.18377681076526642,-0.07400148432039344,0.4415551058509263,1.0,0.48888815998860147,0,0.5,0.1326102911096465,0.31790070911350254,False,191,48
gemcitabine,xgboost,5,ACH-000019,breast,0.331921162097319,0.30924275517463684,0.05146446008897698,0.5670210502602967,0.0,0.4699651121594394,0,0.5,0.1326102911096465,0.31790070911350254,False,191,48
gemcitabine,xgboost,5,ACH-000832,head and neck,0.260352969892764,0.21937908232212067,-0.03839921276353919,0.4771573774077805,,0.485647271652704,0,0.5,0.1326102911096465,0.31790070911350254,False,191,48
gemcitabine,xgboost,5,ACH-000329,cns/brain,0.361589137735994,0.34122273325920105,0.08344443817354119,0.5990010283448609,0.0,0.46148888846601566,0,0.5,0.1326102911096465,0.31790070911350254,False,191,48
gemcitabine,xgboost,5,ACH-000819,cns/brain,0.0584284225194229,0.19053824245929718,-0.06724005262636268,0.44831653754495704,1.0,0.4892876068043994,0,0.5,0.1326102911096465,0.31790070911350254,False,191,48
gemcitabine,xgboost,5,ACH-000391,bone,0.263496063764781,0.25043946504592896,-0.007338830039730904,0.5082177601315888,,0.47396098342430126,0,0.5,0.1326102911096465,0.31790070911350254,False,191,48
gemcitabine,xgboost,5,ACH-000022,pancreas,0.407435069551962,0.21015363931655884,-0.04762465576910102,0.4679319344022187,0.0,0.48326421083327376,0,0.5,0.1326102911096465,0.31790070911350254,False,191,48
gemcitabine,xgboost,5,ACH-000040,cns/brain,0.151744397372174,0.1936614066362381,-0.06411688844942176,0.45143970172189796,,0.4812815445959214,0,0.5,0.1326102911096465,0.31790070911350254,False,191,48
gemcitabine,xgboost,5,ACH-000719,ovary/fallopian tube,0.348978945762886,0.23223327100276947,-0.02554502408289039,0.49001156608842933,0.0,0.4733893079001576,0,0.5,0.1326102911096465,0.31790070911350254,False,191,48
gemcitabine,xgboost,5,ACH-000250,kidney,0.246807608012472,0.23121826350688934,-0.026560031578770515,0.4889965585925492,,0.463797376499413,0,0.5,0.1326102911096465,0.31790070911350254,False,191,48
gemcitabine,xgboost,5,ACH-000955,bowel,0.377531573133471,0.2137605845928192,-0.044017710492840645,0.4715388796784791,0.0,0.4778002705756556,0,0.5,0.1326102911096465,0.31790070911350254,False,191,48
gemcitabine,xgboost,5,ACH-000389,cns/brain,0.314459899701392,0.20875494182109833,-0.04902335326456153,0.4665332369067582,,0.495410386997005,0,0.5,0.1326102911096465,0.31790070911350254,False,191,48
gemcitabine,xgboost,5,ACH-000132,ovary/fallopian tube,0.263658814524259,0.2287864089012146,-0.02899188618444526,0.48656470398687446,,0.479993096659254,0,0.5,0.1326102911096465,0.31790070911350254,False,191,48
gemcitabine,xgboost,5,ACH-000665,lung,0.127766185219016,0.21165868639945984,-0.04611960868620002,0.4694369814851197,1.0,0.4854990921625544,0,0.5,0.1326102911096465,0.31790070911350254,False,191,48
gemcitabine,xgboost,5,ACH-000210,bone,0.290445078746331,0.18009990453720093,-0.07767839054845893,0.4378781996228608,,0.47590481199173235,0,0.5,0.1326102911096465,0.31790070911350254,False,191,48
gemcitabine,xgboost,5,ACH-000090,prostate,0.178799615349443,0.18197081983089447,-0.07580747525476539,0.43974911491655433,,0.48103278487049905,0,0.5,0.1326102911096465,0.31790070911350254,False,191,48
gemcitabine,xgboost,5,ACH-000826,lung,0.347023337106112,0.20639438927173615,-0.051383905813923714,0.464172684357396,0.0,0.4842764906095356,0,0.5,0.1326102911096465,0.31790070911350254,False,191,48
gemcitabine,xgboost,5,ACH-000721,breast,0.249281532965171,0.23919931054115295,-0.018578984544506905,0.4969776056268128,,0.46769965668824,0,0.5,0.1326102911096465,0.31790070911350254,False,191,48
gemcitabine,xgboost,5,ACH-000950,bowel,0.13039379102035,0.20616209506988525,-0.051616200015774605,0.4639403901555451,1.0,0.47260123451152436,0,0.5,0.1326102911096465,0.31790070911350254,False,191,48
gemcitabine,xgboost,5,ACH-000142,bladder/urinary tract,0.0354296753550762,0.2735452353954315,0.01576694030977166,0.5313235304810914,1.0,0.4682919974843885,0,0.5,0.1326102911096465,0.31790070911350254,False,191,48
gemcitabine,xgboost,5,ACH-000264,lung,0.0820015540533894,0.3363339900970459,0.07855569501138604,0.5941122851827058,1.0,0.4778330466809824,0,0.5,0.1326102911096465,0.31790070911350254,False,191,48
gemcitabine,xgboost,5,ACH-000694,esophagus/stomach,0.320070510613478,0.22164204716682434,-0.03613624791883552,0.4794203422524842,0.0,0.4603124218063136,0,0.5,0.1326102911096465,0.31790070911350254,False,191,48
gemcitabine,xgboost,5,ACH-000768,breast,0.175369925981876,0.23993586003780365,-0.01784243504785621,0.4977141551234635,,0.46978420052445957,0,0.5,0.1326102911096465,0.31790070911350254,False,191,48
gemcitabine,xgboost,5,ACH-000527,ovary/fallopian tube,0.224422594374736,0.2534891366958618,-0.004289158389798042,0.5112674317815217,,0.4624403459942708,0,0.5,0.1326102911096465,0.31790070911350254,False,191,48
gemcitabine,xgboost,5,ACH-000734,liver,0.0840348085413282,0.25534534454345703,-0.0024329505422028275,0.5131236396291169,1.0,0.47239139058712115,0,0.5,0.1326102911096465,0.31790070911350254,False,191,48
gemcitabine,xgboost,5,ACH-000845,lung,0.268394124863375,0.1944580227136612,-0.06332027237199866,0.45223631779932105,,0.49044983662538616,0,0.5,0.1326102911096465,0.31790070911350254,False,191,48
gemcitabine,xgboost,5,ACH-000783,breast,0.717800117706638,0.28840091824531555,0.030622623159655693,0.5461792133309754,0.0,0.4717979334189279,0,0.5,0.1326102911096465,0.31790070911350254,False,191,48
gemcitabine,xgboost,5,ACH-000141,biliary tract,0.371732495704204,0.27893930673599243,0.021161011650332573,0.5367176018216523,0.0,0.46786738904352426,0,0.5,0.1326102911096465,0.31790070911350254,False,191,48
gemcitabine,xgboost,5,ACH-000810,skin,0.135503433850398,0.26246538758277893,0.004687092497119072,0.5202436826684388,,0.46834829700711933,0,0.5,0.1326102911096465,0.31790070911350254,False,191,48
gemcitabine,xgboost,5,ACH-000395,lung,0.384537453916911,0.22922244668006897,-0.02855584840559089,0.48700074176572883,0.0,0.47398620384675033,0,0.5,0.1326102911096465,0.31790070911350254,False,191,48
gemcitabine,xgboost,5,ACH-000837,lung,0.175245839061092,0.2500460743904114,-0.007732220695248482,0.5078243694760712,,0.48581117094926923,0,0.5,0.1326102911096465,0.31790070911350254,False,191,48
gemcitabine,xgboost,5,ACH-000463,lung,0.147075387116058,0.20323044061660767,-0.05454785446905219,0.4610087357022675,,0.4945114683809902,0,0.5,0.1326102911096465,0.31790070911350254,False,191,48
gemcitabine,xgboost,5,ACH-000651,bowel,0.165251640175296,0.26053887605667114,0.002760580971011284,0.518317171142331,,0.46780326940078804,0,0.5,0.1326102911096465,0.31790070911350254,False,191,48
gemcitabine,xgboost,5,ACH-000192,uterus,0.149168240165969,0.25583547353744507,-0.0019428215482147904,0.5136137686231049,,0.4730356401798741,0,0.5,0.1326102911096465,0.31790070911350254,False,191,48
gemcitabine,xgboost,5,ACH-000966,ovary/fallopian tube,0.10847569941718,0.19956070184707642,-0.05821759323858344,0.4573389969327363,1.0,0.4847525233266543,0,0.5,0.1326102911096465,0.31790070911350254,False,191,48
gemcitabine,xgboost,5,ACH-000042,pancreas,0.212764159333632,0.22508108615875244,-0.03269720892690742,0.4828593812444123,,0.47367502346859663,0,0.5,0.1326102911096465,0.31790070911350254,False,191,48
gemcitabine,xgboost,5,ACH-000191,thyroid,0.132509019229862,0.19366265833377838,-0.06411563675188148,0.45144095341943824,1.0,0.4800485539624433,0,0.5,0.1326102911096465,0.31790070911350254,False,191,48
gemcitabine,xgboost,5,ACH-000452,esophagus/stomach,0.33471316514966,0.22060690820217133,-0.03717138688348853,0.4783852032878312,0.0,0.48512067217804666,0,0.5,0.1326102911096465,0.31790070911350254,False,191,48
gemcitabine,xgboost,5,ACH-000929,lung,0.175902834825899,0.23752009868621826,-0.020258196399441597,0.4952983937718781,,0.4742110480250472,0,0.5,0.1326102911096465,0.31790070911350254,False,191,48
gemcitabine,xgboost,5,ACH-000390,lung,0.13614336396335,0.22275930643081665,-0.03501898865484321,0.4805376015164765,,0.47252341760891337,0,0.5,0.1326102911096465,0.31790070911350254,False,191,48
gemcitabine,xgboost,5,ACH-000878,lung,0.303245390857817,0.19660502672195435,-0.06117326836370551,0.4543833218076142,,0.4921061481677372,0,0.5,0.1326102911096465,0.31790070911350254,False,191,48
gemcitabine,xgboost,5,ACH-000211,cns/brain,0.0568849213400188,0.2232520878314972,-0.034526207254162666,0.48103038291715705,1.0,0.49296550642440995,0,0.5,0.1326102911096465,0.31790070911350254,False,191,48
gemcitabine,xgboost,5,ACH-000096,kidney,0.0879774765585948,0.1988510638475418,-0.05892723123811805,0.45662935893320167,1.0,0.4736412890410672,0,0.5,0.1326102911096465,0.31790070911350254,False,191,48
gemcitabine,xgboost,5,ACH-000444,lung,0.117672362873797,0.15699785947799683,-0.10078043560766303,0.4147761545636567,1.0,0.49528591396651156,0,0.5,0.1326102911096465,0.31790070911350254,False,191,48
gemcitabine,xgboost,5,ACH-000307,pancreas,0.13339574870199,0.2923654019832611,0.03458710689760125,0.550143697068921,,0.46866743143649625,0,0.5,0.1326102911096465,0.31790070911350254,False,191,48
gemcitabine,xgboost,5,ACH-000510,lung,0.28986717350454,0.14124011993408203,-0.11653817515157783,0.3990184150197419,,0.4932596792151108,0,0.5,0.1326102911096465,0.31790070911350254,False,191,48
gemcitabine,xgboost,5,ACH-000288,breast,0.148534005299337,0.23507839441299438,-0.022699900672665474,0.49285668949865424,,0.4882325425861981,0,0.5,0.1326102911096465,0.31790070911350254,False,191,48
gemcitabine,xgboost,5,ACH-000666,lung,0.20051271564715,0.25543248653411865,-0.0023458085515412064,0.5132107816197785,,0.4815183794161483,0,0.5,0.1326102911096465,0.31790070911350254,False,191,48
