drug,family,fold,model_id,lineage,true_auc,predicted_auc,interval_lower,interval_upper,true_sensitive,sensitivity_probability,predicted_sensitive,decision_threshold,sensitive_auc_max,resistant_auc_min,technical_eligibility,n_fit,n_calibration
olaparib,lineage,1,ACH-000792,kidney,1.2383497188049049,1.0027716172068466,0.7750849855857651,1.230458248827928,0.0,0.48267127659291337,0,0.5,0.9020287229905802,1.0926271479268532,False,239,60
olaparib,lineage,1,ACH-000008,skin,0.9559473207912822,1.0184516473327057,0.7907650157116242,1.2461382789537871,,0.48013319608824767,0,0.5,0.9020287229905802,1.0926271479268532,False,239,60
olaparib,lineage,1,ACH-000785,lung,1.146707930706035,0.97388320000284,0.7461965683817585,1.2015698316239214,0.0,0.48818212258628985,0,0.5,0.9020287229905802,1.0926271479268532,False,239,60
olaparib,lineage,1,ACH-000035,lung,1.138121412929735,0.97388320000284,0.7461965683817585,1.2015698316239214,0.0,0.48818212258628985,0,0.5,0.9020287229905802,1.0926271479268532,False,239,60
olaparib,lineage,1,ACH-000222,pancreas,1.43640826576765,1.0311155010364164,0.8034288694153349,1.2588021326574979,0.0,0.48186098992217813,0,0.5,0.9020287229905802,1.0926271479268532,False,239,60
olaparib,lineage,1,ACH-000978,uterus,1.0206475114749456,1.0231112794431245,0.795424647822043,1.250797911064206,,0.48065646653777694,0,0.5,0.9020287229905802,1.0926271479268532,False,239,60
olaparib,lineage,1,ACH-000441,skin,1.0891387958794447,1.0184516473327057,0.7907650157116242,1.2461382789537871,,0.48013319608824767,0,0.5,0.9020287229905802,1.0926271479268532,False,239,60
olaparib,lineage,1,ACH-000971,bowel,0.8553630653424862,1.0257009129180497,0.7980142812969682,1.2533875445391311,1.0,0.4829709407505156,0,0.5,0.9020287229905802,1.0926271479268532,False,239,60
olaparib,lineage,1,ACH-000481,lung,1.059831349898263,0.97388320000284,0.7461965683817585,1.2015698316239214,,0.48818212258628985,0,0.5,0.9020287229905802,1.0926271479268532,False,239,60
olaparib,lineage,1,ACH-000858,lung,1.1865367912180051,0.97388320000284,0.7461965683817585,1.2015698316239214,0.0,0.48818212258628985,0,0.5,0.9020287229905802,1.0926271479268532,False,239,60
olaparib,lineage,1,ACH-000784,esophagus/stomach,0.950579942300402,1.0105179261612878,0.7828312945402063,1.2382045577823693,,0.48431413556128544,0,0.5,0.9020287229905802,1.0926271479268532,False,239,60
olaparib,lineage,1,ACH-000329,cns/brain,1.27390651312759,0.9959009642281349,0.7682143326070534,1.2235875958492164,0.0,0.4829709407505156,0,0.5,0.9020287229905802,1.0926271479268532,False,239,60
olaparib,lineage,1,ACH-000545,bladder/urinary tract,1.004863575554926,0.9899887002731661,0.7623020686520846,1.2176753318942475,,0.48186098992217813,0,0.5,0.9020287229905802,1.0926271479268532,False,239,60
olaparib,lineage,1,ACH-000087,bone,0.7913945700772289,0.9467290383534926,0.7190424067324112,1.1744156699745743,1.0,0.48909989206563,0,0.5,0.9020287229905802,1.0926271479268532,False,239,60
olaparib,lineage,1,ACH-000391,bone,0.7259680880979746,0.9467290383534926,0.7190424067324112,1.1744156699745743,1.0,0.48909989206563,0,0.5,0.9020287229905802,1.0926271479268532,False,239,60
olaparib,lineage,1,ACH-000503,head and neck,1.0603935248593286,0.9747099647080602,0.7470233330869787,1.2023965963291416,,0.48770045372214066,0,0.5,0.9020287229905802,1.0926271479268532,False,239,60
olaparib,lineage,1,ACH-000719,ovary/fallopian tube,0.9544545231680652,0.9708554044861903,0.7431687728651089,1.1985420361072718,,0.48641837478832095,0,0.5,0.9020287229905802,1.0926271479268532,False,239,60
olaparib,lineage,1,ACH-000037,soft tissue,0.849462832536257,0.9156880684600045,0.688001436838923,1.143374700081086,1.0,0.4891461489800065,0,0.5,0.9020287229905802,1.0926271479268532,False,239,60
olaparib,lineage,1,ACH-000486,bladder/urinary tract,0.8727817920908654,0.9899887002731661,0.7623020686520846,1.2176753318942475,1.0,0.48186098992217813,0,0.5,0.9020287229905802,1.0926271479268532,False,239,60
olaparib,lineage,1,ACH-000679,esophagus/stomach,1.15387366659573,1.0105179261612878,0.7828312945402063,1.2382045577823693,0.0,0.48431413556128544,0,0.5,0.9020287229905802,1.0926271479268532,False,239,60
olaparib,lineage,1,ACH-000955,bowel,0.8444029229576715,1.0257009129180497,0.7980142812969682,1.2533875445391311,1.0,0.4829709407505156,0,0.5,0.9020287229905802,1.0926271479268532,False,239,60
olaparib,lineage,1,ACH-000270,pancreas,0.8922698887503138,1.0311155010364164,0.8034288694153349,1.2588021326574979,1.0,0.48186098992217813,0,0.5,0.9020287229905802,1.0926271479268532,False,239,60
olaparib,lineage,1,ACH-000614,skin,1.0875719143941704,1.0184516473327057,0.7907650157116242,1.2461382789537871,,0.48013319608824767,0,0.5,0.9020287229905802,1.0926271479268532,False,239,60
olaparib,lineage,1,ACH-000265,pancreas,1.0665402137224875,1.0311155010364164,0.8034288694153349,1.2588021326574979,,0.48186098992217813,0,0.5,0.9020287229905802,1.0926271479268532,False,239,60
olaparib,lineage,1,ACH-000716,thyroid,0.8414691548441928,1.047967764365215,0.8202811327441335,1.2756543959862965,1.0,0.4813745430570806,0,0.5,0.9020287229905802,1.0926271479268532,False,239,60
olaparib,lineage,1,ACH-000988,uterus,1.08014356529239,1.0231112794431245,0.795424647822043,1.250797911064206,,0.48065646653777694,0,0.5,0.9020287229905802,1.0926271479268532,False,239,60
olaparib,lineage,1,ACH-000504,cns/brain,0.8719176892379884,0.9959009642281349,0.7682143326070534,1.2235875958492164,1.0,0.4829709407505156,0,0.5,0.9020287229905802,1.0926271479268532,False,239,60
olaparib,lineage,1,ACH-000397,uterus,0.926911935027994,1.0231112794431245,0.795424647822043,1.250797911064206,,0.48065646653777694,0,0.5,0.9020287229905802,1.0926271479268532,False,239,60
olaparib,lineage,1,ACH-000572,skin,0.9401693349196155,1.0184516473327057,0.7907650157116242,1.2461382789537871,,0.48013319608824767,0,0.5,0.9020287229905802,1.0926271479268532,False,239,60
olaparib,lineage,1,ACH-000277,breast,1.1199690169691823,0.9846111847375498,0.7569245531164683,1.2122978163586313,0.0,0.4829709407505156,0,0.5,0.9020287229905802,1.0926271479268532,False,239,60
olaparib,lineage,1,ACH-000803,lung,0.942118193152514,0.97388320000284,0.7461965683817585,1.2015698316239214,,0.48818212258628985,0,0.5,0.9020287229905802,1.0926271479268532,False,239,60
olaparib,lineage,1,ACH-000537,liver,1.136608986917774,1.0112040113959337,0.7835173797748523,1.2388906430170152,0.0,0.4829709407505156,0,0.5,0.9020287229905802,1.0926271479268532,False,239,60
olaparib,lineage,1,ACH-000735,head and neck,1.10560966409357,0.9747099647080602,0.7470233330869787,1.2023965963291416,0.0,0.48770045372214066,0,0.5,0.9020287229905802,1.0926271479268532,False,239,60
olaparib,lineage,1,ACH-000882,skin,0.9856127186602961,1.0184516473327057,0.7907650157116242,1.2461382789537871,,0.48013319608824767,0,0.5,0.9020287229905802,1.0926271479268532,False,239,60
olaparib,lineage,1,ACH-000090,prostate,0.9388101045002126,1.0907366242077075,0.863049992586626,1.318423255828789,,0.4813745430570806,0,0.5,0.9020287229905802,1.0926271479268532,False,239,60
olaparib,lineage,1,ACH-000721,breast,0.934784665959835,0.9846111847375498,0.7569245531164683,1.2122978163586313,,0.4829709407505156,0,0.5,0.9020287229905802,1.0926271479268532,False,239,60
olaparib,lineage,1,ACH-000092,pleura,0.7774920494005197,1.0203568301627584,0.7926701985416769,1.2480434617838398,1.0,0.4842845437689892,0,0.5,0.9020287229905802,1.0926271479268532,False,239,60
olaparib,lineage,1,ACH-000232,cns/brain,0.9117315341736056,0.9959009642281349,0.7682143326070534,1.2235875958492164,,0.4829709407505156,0,0.5,0.9020287229905802,1.0926271479268532,False,239,60
olaparib,lineage,1,ACH-000264,lung,0.7556204313033966,0.97388320000284,0.7461965683817585,1.2015698316239214,1.0,0.48818212258628985,0,0.5,0.9020287229905802,1.0926271479268532,False,239,60
olaparib,lineage,1,ACH-000279,bone,0.802245470601327,0.9467290383534926,0.7190424067324112,1.1744156699745743,1.0,0.48909989206563,0,0.5,0.9020287229905802,1.0926271479268532,False,239,60
olaparib,lineage,1,ACH-000903,thyroid,1.0536561670867939,1.047967764365215,0.8202811327441335,1.2756543959862965,,0.4813745430570806,0,0.5,0.9020287229905802,1.0926271479268532,False,239,60
olaparib,lineage,1,ACH-000323,cns/brain,0.8550707958631164,0.9959009642281349,0.7682143326070534,1.2235875958492164,1.0,0.4829709407505156,0,0.5,0.9020287229905802,1.0926271479268532,False,239,60
olaparib,lineage,1,ACH-000845,lung,0.9925265673893867,0.97388320000284,0.7461965683817585,1.2015698316239214,,0.48818212258628985,0,0.5,0.9020287229905802,1.0926271479268532,False,239,60
olaparib,lineage,1,ACH-000994,uterus,1.1024334396593791,1.0231112794431245,0.795424647822043,1.250797911064206,0.0,0.48065646653777694,0,0.5,0.9020287229905802,1.0926271479268532,False,239,60
olaparib,lineage,1,ACH-000804,peripheral nervous system,0.7998835224517191,0.9529330654669346,0.7252464338458531,1.180619697088016,1.0,0.4872142874963946,0,0.5,0.9020287229905802,1.0926271479268532,False,239,60
olaparib,lineage,1,ACH-000172,soft tissue,0.8709503788036521,0.9156880684600045,0.688001436838923,1.143374700081086,1.0,0.4891461489800065,0,0.5,0.9020287229905802,1.0926271479268532,False,239,60
olaparib,lineage,1,ACH-000811,ovary/fallopian tube,1.118410688010311,0.9708554044861903,0.7431687728651089,1.1985420361072718,0.0,0.48641837478832095,0,0.5,0.9020287229905802,1.0926271479268532,False,239,60
olaparib,lineage,1,ACH-000913,uterus,1.1171013817575919,1.0231112794431245,0.795424647822043,1.250797911064206,0.0,0.48065646653777694,0,0.5,0.9020287229905802,1.0926271479268532,False,239,60
olaparib,lineage,1,ACH-000879,uterus,0.9285656230387197,1.0231112794431245,0.795424647822043,1.250797911064206,,0.48065646653777694,0,0.5,0.9020287229905802,1.0926271479268532,False,239,60
olaparib,lineage,1,ACH-000189,kidney,1.0941249364872656,1.0027716172068466,0.7750849855857651,1.230458248827928,0.0,0.48267127659291337,0,0.5,0.9020287229905802,1.0926271479268532,False,239,60
olaparib,lineage,1,ACH-000308,ovary/fallopian tube,1.01201088385199,0.9708554044861903,0.7431687728651089,1.1985420361072718,,0.48641837478832095,0,0.5,0.9020287229905802,1.0926271479268532,False,239,60
olaparib,lineage,1,ACH-000316,liver,0.9815061591843796,1.0112040113959337,0.7835173797748523,1.2388906430170152,,0.4829709407505156,0,0.5,0.9020287229905802,1.0926271479268532,False,239,60
olaparib,lineage,1,ACH-000192,uterus,0.8547650360783727,1.0231112794431245,0.795424647822043,1.250797911064206,1.0,0.48065646653777694,0,0.5,0.9020287229905802,1.0926271479268532,False,239,60
olaparib,lineage,1,ACH-000221,liver,0.8874151621299552,1.0112040113959337,0.7835173797748523,1.2388906430170152,1.0,0.4829709407505156,0,0.5,0.9020287229905802,1.0926271479268532,False,239,60
olaparib,lineage,1,ACH-000457,kidney,1.2285450078077087,1.0027716172068466,0.7750849855857651,1.230458248827928,0.0,0.48267127659291337,0,0.5,0.9020287229905802,1.0926271479268532,False,239,60
olaparib,lineage,1,ACH-000244,cns/brain,0.9937573304731336,0.9959009642281349,0.7682143326070534,1.2235875958492164,,0.4829709407505156,0,0.5,0.9020287229905802,1.0926271479268532,False,239,60
olaparib,lineage,1,ACH-000593,bladder/urinary tract,0.9470534378917704,0.9899887002731661,0.7623020686520846,1.2176753318942475,,0.48186098992217813,0,0.5,0.9020287229905802,1.0926271479268532,False,239,60
olaparib,lineage,1,ACH-000191,thyroid,0.9469625950294437,1.047967764365215,0.8202811327441335,1.2756543959862965,,0.4813745430570806,0,0.5,0.9020287229905802,1.0926271479268532,False,239,60
olaparib,lineage,1,ACH-000841,lung,0.8532778687513041,0.97388320000284,0.7461965683817585,1.2015698316239214,1.0,0.48818212258628985,0,0.5,0.9020287229905802,1.0926271479268532,False,239,60
olaparib,lineage,1,ACH-000259,peripheral nervous system,1.0250430208326264,0.9529330654669346,0.7252464338458531,1.180619697088016,,0.4872142874963946,0,0.5,0.9020287229905802,1.0926271479268532,False,239,60
olaparib,lineage,1,ACH-000764,esophagus/stomach,0.9629816088767056,1.0105179261612878,0.7828312945402063,1.2382045577823693,,0.48431413556128544,0,0.5,0.9020287229905802,1.0926271479268532,False,239,60
olaparib,lineage,1,ACH-000496,lung,0.8803719198314724,0.97388320000284,0.7461965683817585,1.2015698316239214,1.0,0.48818212258628985,0,0.5,0.9020287229905802,1.0926271479268532,False,239,60
olaparib,lineage,1,ACH-000878,lung,0.9460887311908688,0.97388320000284,0.7461965683817585,1.2015698316239214,,0.48818212258628985,0,0.5,0.9020287229905802,1.0926271479268532,False,239,60
olaparib,lineage,1,ACH-000958,bowel,1.00288434728448,1.0257009129180497,0.7980142812969682,1.2533875445391311,,0.4829709407505156,0,0.5,0.9020287229905802,1.0926271479268532,False,239,60
olaparib,lineage,1,ACH-000521,lung,0.921847582321808,0.97388320000284,0.7461965683817585,1.2015698316239214,,0.48818212258628985,0,0.5,0.9020287229905802,1.0926271479268532,False,239,60
olaparib,lineage,1,ACH-000219,skin,1.001907077839219,1.0184516473327057,0.7907650157116242,1.2461382789537871,,0.48013319608824767,0,0.5,0.9020287229905802,1.0926271479268532,False,239,60
olaparib,lineage,1,ACH-000911,esophagus/stomach,1.1307795421026,1.0105179261612878,0.7828312945402063,1.2382045577823693,0.0,0.48431413556128544,0,0.5,0.9020287229905802,1.0926271479268532,False,239,60
olaparib,lineage,1,ACH-000312,peripheral nervous system,1.0869666047382955,0.9529330654669346,0.7252464338458531,1.180619697088016,,0.4872142874963946,0,0.5,0.9020287229905802,1.0926271479268532,False,239,60
olaparib,lineage,1,ACH-000985,bowel,1.0143295888540251,1.0257009129180497,0.7980142812969682,1.2533875445391311,,0.4829709407505156,0,0.5,0.9020287229905802,1.0926271479268532,False,239,60
olaparib,lineage,1,ACH-000500,head and neck,1.1232596667486758,0.9747099647080602,0.7470233330869787,1.2023965963291416,0.0,0.48770045372214066,0,0.5,0.9020287229905802,1.0926271479268532,False,239,60
olaparib,lineage,1,ACH-000097,breast,1.076624223636475,0.9846111847375498,0.7569245531164683,1.2122978163586313,,0.4829709407505156,0,0.5,0.9020287229905802,1.0926271479268532,False,239,60
olaparib,lineage,1,ACH-000977,prostate,0.9524773927635425,1.0907366242077075,0.863049992586626,1.318423255828789,,0.4813745430570806,0,0.5,0.9020287229905802,1.0926271479268532,False,239,60
olaparib,lineage,1,ACH-000015,lung,1.0374707818207751,0.97388320000284,0.7461965683817585,1.2015698316239214,,0.48818212258628985,0,0.5,0.9020287229905802,1.0926271479268532,False,239,60
olaparib,lineage,1,ACH-000781,lung,1.2650775842265287,0.97388320000284,0.7461965683817585,1.2015698316239214,0.0,0.48818212258628985,0,0.5,0.9020287229905802,1.0926271479268532,False,239,60
olaparib,lineage,1,ACH-000046,kidney,1.11494558569438,1.0027716172068466,0.7750849855857651,1.230458248827928,0.0,0.48267127659291337,0,0.5,0.9020287229905802,1.0926271479268532,False,239,60
olaparib,elastic_net,1,ACH-000792,kidney,1.2383497188049049,1.0379683475618022,0.8031816222601709,1.2727550728634336,0.0,0.4533086201236993,0,0.5,0.9020287229905802,1.0926271479268532,False,239,60
olaparib,elastic_net,1,ACH-000008,skin,0.9559473207912822,1.0303802538957303,0.7955935285940989,1.2651669791973617,,0.44060444090858836,0,0.5,0.9020287229905802,1.0926271479268532,False,239,60
olaparib,elastic_net,1,ACH-000785,lung,1.146707930706035,0.9866900018719922,0.7519032765703608,1.2214767271736235,0.0,0.5699889853032168,1,0.5,0.9020287229905802,1.0926271479268532,False,239,60
olaparib,elastic_net,1,ACH-000035,lung,1.138121412929735,0.9609132677639357,0.7261265424623043,1.195699993065567,0.0,0.5708856682498449,1,0.5,0.9020287229905802,1.0926271479268532,False,239,60
olaparib,elastic_net,1,ACH-000222,pancreas,1.43640826576765,1.010109143876606,0.7753224185749747,1.2448958691782375,0.0,0.40324241394997745,0,0.5,0.9020287229905802,1.0926271479268532,False,239,60
olaparib,elastic_net,1,ACH-000978,uterus,1.0206475114749456,0.9246683689866182,0.6898816436849868,1.1594550942882496,,0.5838021977171758,1,0.5,0.9020287229905802,1.0926271479268532,False,239,60
olaparib,elastic_net,1,ACH-000441,skin,1.0891387958794447,1.021051602441012,0.7862648771393805,1.2558383277426433,,0.3451194747278922,0,0.5,0.9020287229905802,1.0926271479268532,False,239,60
olaparib,elastic_net,1,ACH-000971,bowel,0.8553630653424862,1.062501301091711,0.8277145757900797,1.2972880263933424,1.0,0.3546547758938315,0,0.5,0.9020287229905802,1.0926271479268532,False,239,60
olaparib,elastic_net,1,ACH-000481,lung,1.059831349898263,0.9155115431031613,0.6807248178015299,1.1502982684047927,,0.5088388994456687,1,0.5,0.9020287229905802,1.0926271479268532,False,239,60
olaparib,elastic_net,1,ACH-000858,lung,1.1865367912180051,0.9917858590905484,0.756999133788917,1.2265725843921798,0.0,0.5859586472352754,1,0.5,0.9020287229905802,1.0926271479268532,False,239,60
olaparib,elastic_net,1,ACH-000784,esophagus/stomach,0.950579942300402,0.9597727750908016,0.7249860497891703,1.194559500392433,,0.5778390502853991,1,0.5,0.9020287229905802,1.0926271479268532,False,239,60
olaparib,elastic_net,1,ACH-000329,cns/brain,1.27390651312759,0.9020160865829432,0.6672293612813118,1.1368028118845745,0.0,0.5640873791552645,1,0.5,0.9020287229905802,1.0926271479268532,False,239,60
olaparib,elastic_net,1,ACH-000545,bladder/urinary tract,1.004863575554926,1.0232311174037303,0.7884443921020989,1.2580178427053617,,0.3508533805876051,0,0.5,0.9020287229905802,1.0926271479268532,False,239,60
olaparib,elastic_net,1,ACH-000087,bone,0.7913945700772289,0.914397635909198,0.6796109106075666,1.1491843612108292,1.0,0.5718500530155524,1,0.5,0.9020287229905802,1.0926271479268532,False,239,60
olaparib,elastic_net,1,ACH-000391,bone,0.7259680880979746,0.924481576803134,0.6896948515015027,1.1592683021047654,1.0,0.5714659639321876,1,0.5,0.9020287229905802,1.0926271479268532,False,239,60
olaparib,elastic_net,1,ACH-000503,head and neck,1.0603935248593286,1.011055649708703,0.7762689244070717,1.2458423750103345,,0.44277785834498773,0,0.5,0.9020287229905802,1.0926271479268532,False,239,60
olaparib,elastic_net,1,ACH-000719,ovary/fallopian tube,0.9544545231680652,1.0132042061710775,0.7784174808694462,1.247990931472709,,0.38063262705365436,0,0.5,0.9020287229905802,1.0926271479268532,False,239,60
olaparib,elastic_net,1,ACH-000037,soft tissue,0.849462832536257,1.0316689478875363,0.7968822225859049,1.2664556731891676,1.0,0.47748365165131385,0,0.5,0.9020287229905802,1.0926271479268532,False,239,60
olaparib,elastic_net,1,ACH-000486,bladder/urinary tract,0.8727817920908654,0.9725870810247329,0.7378003557231015,1.2073738063263644,1.0,0.34945438714363874,0,0.5,0.9020287229905802,1.0926271479268532,False,239,60
olaparib,elastic_net,1,ACH-000679,esophagus/stomach,1.15387366659573,1.0387082530224245,0.8039215277207932,1.273494978324056,0.0,0.42881460125887083,0,0.5,0.9020287229905802,1.0926271479268532,False,239,60
olaparib,elastic_net,1,ACH-000955,bowel,0.8444029229576715,1.0005101612194724,0.7657234359178411,1.2352968865211038,1.0,0.5167482526170593,1,0.5,0.9020287229905802,1.0926271479268532,False,239,60
olaparib,elastic_net,1,ACH-000270,pancreas,0.8922698887503138,1.00894294452194,0.7741562192203086,1.2437296698235714,1.0,0.4048484999461448,0,0.5,0.9020287229905802,1.0926271479268532,False,239,60
olaparib,elastic_net,1,ACH-000614,skin,1.0875719143941704,1.0142505037622696,0.7794637784606382,1.249037229063901,,0.3665236887854464,0,0.5,0.9020287229905802,1.0926271479268532,False,239,60
olaparib,elastic_net,1,ACH-000265,pancreas,1.0665402137224875,0.9561297981704147,0.7213430728687833,1.190916523472046,,0.5350288740036964,1,0.5,0.9020287229905802,1.0926271479268532,False,239,60
olaparib,elastic_net,1,ACH-000716,thyroid,0.8414691548441928,0.9591664730993691,0.7243797477977377,1.1939531984010006,1.0,0.4967191307521984,0,0.5,0.9020287229905802,1.0926271479268532,False,239,60
olaparib,elastic_net,1,ACH-000988,uterus,1.08014356529239,0.9395561907823375,0.7047694654807062,1.174342916083969,,0.5646473858476299,1,0.5,0.9020287229905802,1.0926271479268532,False,239,60
olaparib,elastic_net,1,ACH-000504,cns/brain,0.8719176892379884,0.9790318129340736,0.7442450876324422,1.213818538235705,1.0,0.4232991620699495,0,0.5,0.9020287229905802,1.0926271479268532,False,239,60
olaparib,elastic_net,1,ACH-000397,uterus,0.926911935027994,1.0460448845073194,0.811258159205688,1.2808316098089507,,0.3376048020540836,0,0.5,0.9020287229905802,1.0926271479268532,False,239,60
olaparib,elastic_net,1,ACH-000572,skin,0.9401693349196155,0.9867249635305196,0.7519382382288883,1.2215116888321509,,0.4541670832193448,0,0.5,0.9020287229905802,1.0926271479268532,False,239,60
olaparib,elastic_net,1,ACH-000277,breast,1.1199690169691823,1.0093475944193042,0.7745608691176729,1.2441343197209356,0.0,0.5511165027839461,1,0.5,0.9020287229905802,1.0926271479268532,False,239,60
olaparib,elastic_net,1,ACH-000803,lung,0.942118193152514,0.960125636603118,0.7253389113014866,1.1949123619047493,,0.4421957719222705,0,0.5,0.9020287229905802,1.0926271479268532,False,239,60
olaparib,elastic_net,1,ACH-000537,liver,1.136608986917774,1.063485332511696,0.8286986072100646,1.2982720578133273,0.0,0.3480051060135405,0,0.5,0.9020287229905802,1.0926271479268532,False,239,60
olaparib,elastic_net,1,ACH-000735,head and neck,1.10560966409357,0.9819413940653047,0.7471546687636733,1.2167281193669361,0.0,0.5779618811722941,1,0.5,0.9020287229905802,1.0926271479268532,False,239,60
olaparib,elastic_net,1,ACH-000882,skin,0.9856127186602961,1.0098662314082352,0.7750795061066038,1.2446529567098665,,0.469671374243991,0,0.5,0.9020287229905802,1.0926271479268532,False,239,60
olaparib,elastic_net,1,ACH-000090,prostate,0.9388101045002126,0.9555095990260085,0.7207228737243772,1.1902963243276399,,0.5530729881075915,1,0.5,0.9020287229905802,1.0926271479268532,False,239,60
olaparib,elastic_net,1,ACH-000721,breast,0.934784665959835,0.981383371514515,0.7465966462128837,1.2161700968161464,,0.4488962566252293,0,0.5,0.9020287229905802,1.0926271479268532,False,239,60
olaparib,elastic_net,1,ACH-000092,pleura,0.7774920494005197,0.9681785800374342,0.7333918547358028,1.2029653053390654,1.0,0.4965671961742764,0,0.5,0.9020287229905802,1.0926271479268532,False,239,60
olaparib,elastic_net,1,ACH-000232,cns/brain,0.9117315341736056,0.9861768445671978,0.7513901192655664,1.2209635698688293,,0.3805898146194917,0,0.5,0.9020287229905802,1.0926271479268532,False,239,60
olaparib,elastic_net,1,ACH-000264,lung,0.7556204313033966,0.9478006429754392,0.7130139176738078,1.1825873682770704,1.0,0.4457175924539755,0,0.5,0.9020287229905802,1.0926271479268532,False,239,60
olaparib,elastic_net,1,ACH-000279,bone,0.802245470601327,0.9073055461707761,0.6725188208691447,1.1420922714724075,1.0,0.4008847565932129,0,0.5,0.9020287229905802,1.0926271479268532,False,239,60
olaparib,elastic_net,1,ACH-000903,thyroid,1.0536561670867939,0.9571549197093386,0.7223681944077073,1.1919416450109699,,0.3975337514076603,0,0.5,0.9020287229905802,1.0926271479268532,False,239,60
olaparib,elastic_net,1,ACH-000323,cns/brain,0.8550707958631164,0.9094030454802762,0.6746163201786448,1.1441897707819075,1.0,0.44178887202918377,0,0.5,0.9020287229905802,1.0926271479268532,False,239,60
olaparib,elastic_net,1,ACH-000845,lung,0.9925265673893867,1.0250417710879816,0.7902550457863502,1.259828496389613,,0.5449670260180579,1,0.5,0.9020287229905802,1.0926271479268532,False,239,60
olaparib,elastic_net,1,ACH-000994,uterus,1.1024334396593791,0.9401984015134638,0.7054116762118324,1.1749851268150953,0.0,0.46446489989001793,0,0.5,0.9020287229905802,1.0926271479268532,False,239,60
olaparib,elastic_net,1,ACH-000804,peripheral nervous system,0.7998835224517191,0.9811588648108307,0.7463721395091993,1.215945590112462,1.0,0.3824229388691955,0,0.5,0.9020287229905802,1.0926271479268532,False,239,60
olaparib,elastic_net,1,ACH-000172,soft tissue,0.8709503788036521,0.8376550414573014,0.60286831615567,1.0724417667589328,1.0,0.589696686544484,1,0.5,0.9020287229905802,1.0926271479268532,False,239,60
olaparib,elastic_net,1,ACH-000811,ovary/fallopian tube,1.118410688010311,1.0098163840854593,0.7750296587838279,1.2446031093870906,0.0,0.457495555356722,0,0.5,0.9020287229905802,1.0926271479268532,False,239,60
olaparib,elastic_net,1,ACH-000913,uterus,1.1171013817575919,1.0154505893384225,0.7806638640367911,1.2502373146400538,0.0,0.3801743648344404,0,0.5,0.9020287229905802,1.0926271479268532,False,239,60
olaparib,elastic_net,1,ACH-000879,uterus,0.9285656230387197,0.9672169991319773,0.732430273830346,1.2020037244336086,,0.5271492413819168,1,0.5,0.9020287229905802,1.0926271479268532,False,239,60
olaparib,elastic_net,1,ACH-000189,kidney,1.0941249364872656,1.027895321715098,0.7931085964134665,1.2626820470167293,0.0,0.3406042704304655,0,0.5,0.9020287229905802,1.0926271479268532,False,239,60
olaparib,elastic_net,1,ACH-000308,ovary/fallopian tube,1.01201088385199,0.998182157374339,0.7633954320727077,1.2329688826759704,,0.5320438161360739,1,0.5,0.9020287229905802,1.0926271479268532,False,239,60
olaparib,elastic_net,1,ACH-000316,liver,0.9815061591843796,0.9547898677174309,0.7200031424157995,1.1895765930190623,,0.44830033468986896,0,0.5,0.9020287229905802,1.0926271479268532,False,239,60
olaparib,elastic_net,1,ACH-000192,uterus,0.8547650360783727,1.021232325168345,0.7864455998667137,1.2560190504699764,1.0,0.3358541823131656,0,0.5,0.9020287229905802,1.0926271479268532,False,239,60
olaparib,elastic_net,1,ACH-000221,liver,0.8874151621299552,0.9572507638562848,0.7224640385546535,1.1920374891579162,1.0,0.5597625539991319,1,0.5,0.9020287229905802,1.0926271479268532,False,239,60
olaparib,elastic_net,1,ACH-000457,kidney,1.2285450078077087,1.0240215002466397,0.7892347749450084,1.258808225548271,0.0,0.338893040655297,0,0.5,0.9020287229905802,1.0926271479268532,False,239,60
olaparib,elastic_net,1,ACH-000244,cns/brain,0.9937573304731336,0.8839168335932563,0.649130108291625,1.1187035588948877,,0.5721313839269289,1,0.5,0.9020287229905802,1.0926271479268532,False,239,60
olaparib,elastic_net,1,ACH-000593,bladder/urinary tract,0.9470534378917704,1.0251113343924523,0.7903246090908209,1.2598980596940836,,0.449316355299292,0,0.5,0.9020287229905802,1.0926271479268532,False,239,60
olaparib,elastic_net,1,ACH-000191,thyroid,0.9469625950294437,0.9485289966716494,0.713742271370018,1.1833157219732806,,0.5696297037271904,1,0.5,0.9020287229905802,1.0926271479268532,False,239,60
olaparib,elastic_net,1,ACH-000841,lung,0.8532778687513041,0.9951081026176938,0.7603213773160624,1.2298948279193251,1.0,0.5748756682137341,1,0.5,0.9020287229905802,1.0926271479268532,False,239,60
olaparib,elastic_net,1,ACH-000259,peripheral nervous system,1.0250430208326264,0.8890720975468265,0.6542853722451951,1.1238588228484578,,0.5753712320400947,1,0.5,0.9020287229905802,1.0926271479268532,False,239,60
olaparib,elastic_net,1,ACH-000764,esophagus/stomach,0.9629816088767056,1.007066079612887,0.7722793543112556,1.2418528049145183,,0.47094424243077604,0,0.5,0.9020287229905802,1.0926271479268532,False,239,60
olaparib,elastic_net,1,ACH-000496,lung,0.8803719198314724,0.9222026918264381,0.6874159665248067,1.1569894171280695,1.0,0.5878177185593613,1,0.5,0.9020287229905802,1.0926271479268532,False,239,60
olaparib,elastic_net,1,ACH-000878,lung,0.9460887311908688,0.9392331401156269,0.7044464148139955,1.1740198654172582,,0.5892542197964831,1,0.5,0.9020287229905802,1.0926271479268532,False,239,60
olaparib,elastic_net,1,ACH-000958,bowel,1.00288434728448,1.0364117292748558,0.8016250039732244,1.2711984545764872,,0.446104755092662,0,0.5,0.9020287229905802,1.0926271479268532,False,239,60
olaparib,elastic_net,1,ACH-000521,lung,0.921847582321808,1.0197166877496113,0.78492996244798,1.2545034130512427,,0.34559267059418114,0,0.5,0.9020287229905802,1.0926271479268532,False,239,60
olaparib,elastic_net,1,ACH-000219,skin,1.001907077839219,0.9906400963886586,0.7558533710870272,1.22542682169029,,0.5841135890575169,1,0.5,0.9020287229905802,1.0926271479268532,False,239,60
olaparib,elastic_net,1,ACH-000911,esophagus/stomach,1.1307795421026,1.0093820851492117,0.7745953598475803,1.244168810450843,0.0,0.4140175098418481,0,0.5,0.9020287229905802,1.0926271479268532,False,239,60
olaparib,elastic_net,1,ACH-000312,peripheral nervous system,1.0869666047382955,0.9535158707692662,0.7187291454676349,1.1883025960708977,,0.5263677337020056,1,0.5,0.9020287229905802,1.0926271479268532,False,239,60
olaparib,elastic_net,1,ACH-000985,bowel,1.0143295888540251,0.9888799392154352,0.7540932139138038,1.2236666645170664,,0.3447810503147628,0,0.5,0.9020287229905802,1.0926271479268532,False,239,60
olaparib,elastic_net,1,ACH-000500,head and neck,1.1232596667486758,1.0035225213372947,0.7687357960356633,1.238309246638926,0.0,0.5099775643040731,1,0.5,0.9020287229905802,1.0926271479268532,False,239,60
olaparib,elastic_net,1,ACH-000097,breast,1.076624223636475,0.9854855611116119,0.7506988358099805,1.2202722864132434,,0.5488943020837477,1,0.5,0.9020287229905802,1.0926271479268532,False,239,60
olaparib,elastic_net,1,ACH-000977,prostate,0.9524773927635425,0.8971661398944784,0.662379414592847,1.1319528651961097,,0.5863411934006066,1,0.5,0.9020287229905802,1.0926271479268532,False,239,60
olaparib,elastic_net,1,ACH-000015,lung,1.0374707818207751,0.9326491760729608,0.6978624507713295,1.167435901374592,,0.5613181479641439,1,0.5,0.9020287229905802,1.0926271479268532,False,239,60
olaparib,elastic_net,1,ACH-000781,lung,1.2650775842265287,1.0384129073986803,0.803626182097049,1.2731996327003117,0.0,0.48446739685066914,0,0.5,0.9020287229905802,1.0926271479268532,False,239,60
olaparib,elastic_net,1,ACH-000046,kidney,1.11494558569438,0.998869244491188,0.7640825191895566,1.2336559697928193,0.0,0.36320369467359753,0,0.5,0.9020287229905802,1.0926271479268532,False,239,60
olaparib,xgboost,1,ACH-000792,kidney,1.2383497188049049,1.013596534729004,0.775844512128177,1.2513485573298309,0.0,0.5154202758277562,1,0.5,0.9020287229905802,1.0926271479268532,False,239,60
olaparib,xgboost,1,ACH-000008,skin,0.9559473207912822,0.9523856043815613,0.7146335817807343,1.1901376269823882,,0.4909688968308506,0,0.5,0.9020287229905802,1.0926271479268532,False,239,60
olaparib,xgboost,1,ACH-000785,lung,1.146707930706035,0.9722982048988342,0.7345461822980073,1.2100502274996612,0.0,0.44828594446893266,0,0.5,0.9020287229905802,1.0926271479268532,False,239,60
olaparib,xgboost,1,ACH-000035,lung,1.138121412929735,0.9388517737388611,0.7010997511380341,1.176603796339688,0.0,0.5143003090822925,1,0.5,0.9020287229905802,1.0926271479268532,False,239,60
olaparib,xgboost,1,ACH-000222,pancreas,1.43640826576765,1.0475385189056396,0.8097864963048127,1.2852905415064666,0.0,0.4256296962320357,0,0.5,0.9020287229905802,1.0926271479268532,False,239,60
olaparib,xgboost,1,ACH-000978,uterus,1.0206475114749456,0.9661922454833984,0.7284402228825715,1.2039442680842254,,0.5283735783548676,1,0.5,0.9020287229905802,1.0926271479268532,False,239,60
olaparib,xgboost,1,ACH-000441,skin,1.0891387958794447,1.039848804473877,0.80209678187305,1.277600827074704,,0.4370466213324514,0,0.5,0.9020287229905802,1.0926271479268532,False,239,60
olaparib,xgboost,1,ACH-000971,bowel,0.8553630653424862,1.0261894464492798,0.7884374238484528,1.2639414690501067,1.0,0.4627929544226857,0,0.5,0.9020287229905802,1.0926271479268532,False,239,60
olaparib,xgboost,1,ACH-000481,lung,1.059831349898263,0.9375693798065186,0.6998173572056916,1.1753214024073455,,0.46662173414327557,0,0.5,0.9020287229905802,1.0926271479268532,False,239,60
olaparib,xgboost,1,ACH-000858,lung,1.1865367912180051,1.0113664865493774,0.7736144639485505,1.2491185091502044,0.0,0.44589822729618545,0,0.5,0.9020287229905802,1.0926271479268532,False,239,60
olaparib,xgboost,1,ACH-000784,esophagus/stomach,0.950579942300402,0.9372507333755493,0.6994987107747224,1.1750027559763763,,0.4712691931042115,0,0.5,0.9020287229905802,1.0926271479268532,False,239,60
olaparib,xgboost,1,ACH-000329,cns/brain,1.27390651312759,0.9536709189414978,0.7159188963406709,1.1914229415423248,0.0,0.5061151633915487,1,0.5,0.9020287229905802,1.0926271479268532,False,239,60
olaparib,xgboost,1,ACH-000545,bladder/urinary tract,1.004863575554926,1.0520052909851074,0.8142532683842805,1.2897573135859344,,0.43166043388462283,0,0.5,0.9020287229905802,1.0926271479268532,False,239,60
olaparib,xgboost,1,ACH-000087,bone,0.7913945700772289,0.8894578814506531,0.6517058588498261,1.12720990405148,1.0,0.5690096686071733,1,0.5,0.9020287229905802,1.0926271479268532,False,239,60
olaparib,xgboost,1,ACH-000391,bone,0.7259680880979746,0.9440854787826538,0.7063334561818269,1.1818375013834808,1.0,0.5205094316496512,1,0.5,0.9020287229905802,1.0926271479268532,False,239,60
olaparib,xgboost,1,ACH-000503,head and neck,1.0603935248593286,0.9831756949424744,0.7454236723416474,1.2209277175433013,,0.41846325874120677,0,0.5,0.9020287229905802,1.0926271479268532,False,239,60
olaparib,xgboost,1,ACH-000719,ovary/fallopian tube,0.9544545231680652,0.9419116973876953,0.7041596747868684,1.1796637199885223,,0.45347093041567466,0,0.5,0.9020287229905802,1.0926271479268532,False,239,60
olaparib,xgboost,1,ACH-000037,soft tissue,0.849462832536257,1.0635546445846558,0.8258026219838288,1.3013066671854827,1.0,0.41900040963109375,0,0.5,0.9020287229905802,1.0926271479268532,False,239,60
olaparib,xgboost,1,ACH-000486,bladder/urinary tract,0.8727817920908654,1.0095680952072144,0.7718160726063874,1.2473201178080413,1.0,0.5423829860731787,1,0.5,0.9020287229905802,1.0926271479268532,False,239,60
olaparib,xgboost,1,ACH-000679,esophagus/stomach,1.15387366659573,0.9981515407562256,0.7603995181553986,1.2359035633570525,0.0,0.4337705372771359,0,0.5,0.9020287229905802,1.0926271479268532,False,239,60
olaparib,xgboost,1,ACH-000955,bowel,0.8444029229576715,1.0308122634887695,0.7930602408879426,1.2685642860895965,1.0,0.40665807894940287,0,0.5,0.9020287229905802,1.0926271479268532,False,239,60
olaparib,xgboost,1,ACH-000270,pancreas,0.8922698887503138,1.0212838649749756,0.7835318423741486,1.2590358875758025,1.0,0.4746217851308822,0,0.5,0.9020287229905802,1.0926271479268532,False,239,60
olaparib,xgboost,1,ACH-000614,skin,1.0875719143941704,1.0164583921432495,0.7787063695424226,1.2542104147440765,,0.4152245373116571,0,0.5,0.9020287229905802,1.0926271479268532,False,239,60
olaparib,xgboost,1,ACH-000265,pancreas,1.0665402137224875,0.9621708393096924,0.7244188167088654,1.1999228619105193,,0.5372947041825322,1,0.5,0.9020287229905802,1.0926271479268532,False,239,60
olaparib,xgboost,1,ACH-000716,thyroid,0.8414691548441928,0.9960929155349731,0.7583408929341462,1.2338449381358,1.0,0.5290176745793427,1,0.5,0.9020287229905802,1.0926271479268532,False,239,60
olaparib,xgboost,1,ACH-000988,uterus,1.08014356529239,0.9857531189918518,0.7480010963910249,1.2235051415926788,,0.5001816637780427,1,0.5,0.9020287229905802,1.0926271479268532,False,239,60
olaparib,xgboost,1,ACH-000504,cns/brain,0.8719176892379884,1.0058847665786743,0.7681327439778474,1.2436367891795013,1.0,0.4324296733251589,0,0.5,0.9020287229905802,1.0926271479268532,False,239,60
olaparib,xgboost,1,ACH-000397,uterus,0.926911935027994,1.0078277587890625,0.7700757361882355,1.2455797813898895,,0.468690738909282,0,0.5,0.9020287229905802,1.0926271479268532,False,239,60
olaparib,xgboost,1,ACH-000572,skin,0.9401693349196155,0.9998392462730408,0.7620872236722138,1.2375912688738677,,0.41101055578784945,0,0.5,0.9020287229905802,1.0926271479268532,False,239,60
olaparib,xgboost,1,ACH-000277,breast,1.1199690169691823,1.0372341871261597,0.7994821645253327,1.2749862097269866,0.0,0.4463497358399237,0,0.5,0.9020287229905802,1.0926271479268532,False,239,60
olaparib,xgboost,1,ACH-000803,lung,0.942118193152514,0.9486806988716125,0.7109286762707856,1.1864327214724395,,0.504049749150952,1,0.5,0.9020287229905802,1.0926271479268532,False,239,60
olaparib,xgboost,1,ACH-000537,liver,1.136608986917774,1.0777170658111572,0.8399650432103303,1.3154690884119842,0.0,0.46638721499360936,0,0.5,0.9020287229905802,1.0926271479268532,False,239,60
olaparib,xgboost,1,ACH-000735,head and neck,1.10560966409357,1.011326789855957,0.7735747672551301,1.249078812456784,0.0,0.4685076045594805,0,0.5,0.9020287229905802,1.0926271479268532,False,239,60
olaparib,xgboost,1,ACH-000882,skin,0.9856127186602961,1.008657693862915,0.7709056712620881,1.246409716463742,,0.45741041456887566,0,0.5,0.9020287229905802,1.0926271479268532,False,239,60
olaparib,xgboost,1,ACH-000090,prostate,0.9388101045002126,0.995324969291687,0.7575729466908601,1.233076991892514,,0.43831602351795934,0,0.5,0.9020287229905802,1.0926271479268532,False,239,60
olaparib,xgboost,1,ACH-000721,breast,0.934784665959835,0.9384668469429016,0.7007148243420747,1.1762188695437286,,0.4865174020852185,0,0.5,0.9020287229905802,1.0926271479268532,False,239,60
olaparib,xgboost,1,ACH-000092,pleura,0.7774920494005197,0.9745272397994995,0.7367752171986726,1.2122792624003265,1.0,0.5400898066797352,1,0.5,0.9020287229905802,1.0926271479268532,False,239,60
olaparib,xgboost,1,ACH-000232,cns/brain,0.9117315341736056,0.8961121439933777,0.6583601213925507,1.1338641665942046,,0.5420034584982266,1,0.5,0.9020287229905802,1.0926271479268532,False,239,60
olaparib,xgboost,1,ACH-000264,lung,0.7556204313033966,0.9091796278953552,0.6714276052945283,1.1469316504961822,1.0,0.5519184770117457,1,0.5,0.9020287229905802,1.0926271479268532,False,239,60
olaparib,xgboost,1,ACH-000279,bone,0.802245470601327,0.9113295674324036,0.6735775448315766,1.1490815900332305,1.0,0.5178186371417148,1,0.5,0.9020287229905802,1.0926271479268532,False,239,60
olaparib,xgboost,1,ACH-000903,thyroid,1.0536561670867939,0.93448406457901,0.6967320419781831,1.172236087179837,,0.532287709293875,1,0.5,0.9020287229905802,1.0926271479268532,False,239,60
olaparib,xgboost,1,ACH-000323,cns/brain,0.8550707958631164,0.8868231177330017,0.6490710951321748,1.1245751403338287,1.0,0.5179706824024357,1,0.5,0.9020287229905802,1.0926271479268532,False,239,60
olaparib,xgboost,1,ACH-000845,lung,0.9925265673893867,1.035630226135254,0.797878203534427,1.2733822487360809,,0.4373973560926041,0,0.5,0.9020287229905802,1.0926271479268532,False,239,60
olaparib,xgboost,1,ACH-000994,uterus,1.1024334396593791,0.963659405708313,0.725907383107486,1.20141142830914,0.0,0.5203432627181601,1,0.5,0.9020287229905802,1.0926271479268532,False,239,60
olaparib,xgboost,1,ACH-000804,peripheral nervous system,0.7998835224517191,0.965570330619812,0.7278183080189851,1.203322353220639,1.0,0.4984109917013122,0,0.5,0.9020287229905802,1.0926271479268532,False,239,60
olaparib,xgboost,1,ACH-000172,soft tissue,0.8709503788036521,0.878527820110321,0.6407757975094941,1.116279842711148,1.0,0.5538557773795314,1,0.5,0.9020287229905802,1.0926271479268532,False,239,60
olaparib,xgboost,1,ACH-000811,ovary/fallopian tube,1.118410688010311,0.9829744696617126,0.7452224470608857,1.2207264922625396,0.0,0.46857201752796673,0,0.5,0.9020287229905802,1.0926271479268532,False,239,60
olaparib,xgboost,1,ACH-000913,uterus,1.1171013817575919,1.0322717428207397,0.7945197202199128,1.2700237654215667,0.0,0.44669809698912455,0,0.5,0.9020287229905802,1.0926271479268532,False,239,60
olaparib,xgboost,1,ACH-000879,uterus,0.9285656230387197,0.9226598143577576,0.6849077917569306,1.1604118369585845,,0.5101326769689961,1,0.5,0.9020287229905802,1.0926271479268532,False,239,60
olaparib,xgboost,1,ACH-000189,kidney,1.0941249364872656,1.0167027711868286,0.7789507485860017,1.2544547937876556,0.0,0.4732407446304335,0,0.5,0.9020287229905802,1.0926271479268532,False,239,60
olaparib,xgboost,1,ACH-000308,ovary/fallopian tube,1.01201088385199,1.0239447355270386,0.7861927129262116,1.2616967581278655,,0.39673386661527843,0,0.5,0.9020287229905802,1.0926271479268532,False,239,60
olaparib,xgboost,1,ACH-000316,liver,0.9815061591843796,1.0144572257995605,0.7767052031987336,1.2522092484003875,,0.4447151118874133,0,0.5,0.9020287229905802,1.0926271479268532,False,239,60
olaparib,xgboost,1,ACH-000192,uterus,0.8547650360783727,0.9826552271842957,0.7449032045834687,1.2204072497851226,1.0,0.46280926869931677,0,0.5,0.9020287229905802,1.0926271479268532,False,239,60
olaparib,xgboost,1,ACH-000221,liver,0.8874151621299552,0.8860017657279968,0.6482497431271699,1.1237537883288238,1.0,0.5584166065497198,1,0.5,0.9020287229905802,1.0926271479268532,False,239,60
olaparib,xgboost,1,ACH-000457,kidney,1.2285450078077087,1.0309480428695679,0.7931960202687409,1.2687000654703948,0.0,0.4888744955872596,0,0.5,0.9020287229905802,1.0926271479268532,False,239,60
olaparib,xgboost,1,ACH-000244,cns/brain,0.9937573304731336,0.9533926248550415,0.7156406022542146,1.1911446474558685,,0.5304339584459902,1,0.5,0.9020287229905802,1.0926271479268532,False,239,60
olaparib,xgboost,1,ACH-000593,bladder/urinary tract,0.9470534378917704,1.0186419486999512,0.7808899260991242,1.2563939713007781,,0.4120362125562346,0,0.5,0.9020287229905802,1.0926271479268532,False,239,60
olaparib,xgboost,1,ACH-000191,thyroid,0.9469625950294437,1.0073727369308472,0.7696207143300202,1.2451247595316741,,0.45943786848281354,0,0.5,0.9020287229905802,1.0926271479268532,False,239,60
olaparib,xgboost,1,ACH-000841,lung,0.8532778687513041,0.9719295501708984,0.7341775275700715,1.2096815727717254,1.0,0.4566029614481251,0,0.5,0.9020287229905802,1.0926271479268532,False,239,60
olaparib,xgboost,1,ACH-000259,peripheral nervous system,1.0250430208326264,0.8835173845291138,0.6457653619282868,1.1212694071299407,,0.5298791416045194,1,0.5,0.9020287229905802,1.0926271479268532,False,239,60
olaparib,xgboost,1,ACH-000764,esophagus/stomach,0.9629816088767056,1.0142884254455566,0.7765364028447297,1.2520404480463836,,0.4430074900147495,0,0.5,0.9020287229905802,1.0926271479268532,False,239,60
olaparib,xgboost,1,ACH-000496,lung,0.8803719198314724,0.9531608819961548,0.7154088593953278,1.1909129045969817,1.0,0.5001493328093087,1,0.5,0.9020287229905802,1.0926271479268532,False,239,60
olaparib,xgboost,1,ACH-000878,lung,0.9460887311908688,0.9818822741508484,0.7441302515500214,1.2196342967516753,,0.4859784156838424,0,0.5,0.9020287229905802,1.0926271479268532,False,239,60
olaparib,xgboost,1,ACH-000958,bowel,1.00288434728448,1.09014093875885,0.8523889161580231,1.327892961359677,,0.4387532733323814,0,0.5,0.9020287229905802,1.0926271479268532,False,239,60
olaparib,xgboost,1,ACH-000521,lung,0.921847582321808,0.9664226770401001,0.7286706544392731,1.204174699640927,,0.5218460861356494,1,0.5,0.9020287229905802,1.0926271479268532,False,239,60
olaparib,xgboost,1,ACH-000219,skin,1.001907077839219,0.9789848923683167,0.7412328697674897,1.2167369149691436,,0.5419193518651509,1,0.5,0.9020287229905802,1.0926271479268532,False,239,60
olaparib,xgboost,1,ACH-000911,esophagus/stomach,1.1307795421026,0.9695793390274048,0.7318273164265778,1.2073313616282317,0.0,0.4340225940519944,0,0.5,0.9020287229905802,1.0926271479268532,False,239,60
olaparib,xgboost,1,ACH-000312,peripheral nervous system,1.0869666047382955,0.8734825253486633,0.6357305027478364,1.1112345479494903,,0.5518830786437372,1,0.5,0.9020287229905802,1.0926271479268532,False,239,60
olaparib,xgboost,1,ACH-000985,bowel,1.0143295888540251,1.0154697895050049,0.7777177669041779,1.2532218121058318,,0.5048047603575245,1,0.5,0.9020287229905802,1.0926271479268532,False,239,60
olaparib,xgboost,1,ACH-000500,head and neck,1.1232596667486758,1.007367491722107,0.76961546912128,1.2451195143229339,0.0,0.48590096157210305,0,0.5,0.9020287229905802,1.0926271479268532,False,239,60
olaparib,xgboost,1,ACH-000097,breast,1.076624223636475,1.0427509546279907,0.8049989320271638,1.2805029772288177,,0.4330693070844582,0,0.5,0.9020287229905802,1.0926271479268532,False,239,60
olaparib,xgboost,1,ACH-000977,prostate,0.9524773927635425,0.9521996378898621,0.7144476152890351,1.189951660490689,,0.4671617383060536,0,0.5,0.9020287229905802,1.0926271479268532,False,239,60
olaparib,xgboost,1,ACH-000015,lung,1.0374707818207751,0.8458753228187561,0.6081233002179292,1.083627345419583,,0.5460053801406907,1,0.5,0.9020287229905802,1.0926271479268532,False,239,60
olaparib,xgboost,1,ACH-000781,lung,1.2650775842265287,1.0316851139068604,0.7939330913060334,1.2694371365076873,0.0,0.4634993061180403,0,0.5,0.9020287229905802,1.0926271479268532,False,239,60
olaparib,xgboost,1,ACH-000046,kidney,1.11494558569438,0.9991096258163452,0.7613576032155183,1.2368616484171722,0.0,0.4635677876788757,0,0.5,0.9020287229905802,1.0926271479268532,False,239,60
olaparib,lineage,2,ACH-000528,lung,0.9973653430468263,0.9913005116206377,0.7793347867254333,1.2032662365158422,,0.5000829348566987,1,0.5,0.9020287229905802,1.092208924324534,False,239,60
olaparib,lineage,2,ACH-000800,lung,0.8859359973867134,0.9913005116206377,0.7793347867254333,1.2032662365158422,1.0,0.5000829348566987,1,0.5,0.9020287229905802,1.092208924324534,False,239,60
olaparib,lineage,2,ACH-000678,esophagus/stomach,0.932729197654087,1.0007704414185032,0.7888047165232989,1.2127361663137077,,0.4969413340431733,0,0.5,0.9020287229905802,1.092208924324534,False,239,60
olaparib,lineage,2,ACH-000917,esophagus/stomach,1.31630712332775,1.0007704414185032,0.7888047165232989,1.2127361663137077,0.0,0.4969413340431733,0,0.5,0.9020287229905802,1.092208924324534,False,239,60
olaparib,lineage,2,ACH-000587,lung,0.9154980104980317,0.9913005116206377,0.7793347867254333,1.2032662365158422,,0.5000829348566987,1,0.5,0.9020287229905802,1.092208924324534,False,239,60
olaparib,lineage,2,ACH-000704,ovary/fallopian tube,0.9460742120314388,0.9789621319852385,0.7669964070900341,1.190927856880443,,0.501629311139464,1,0.5,0.9020287229905802,1.092208924324534,False,239,60
olaparib,lineage,2,ACH-000276,breast,0.9057615571452691,0.9994467299421151,0.7874810050469108,1.2114124548373195,,0.4963506237127126,0,0.5,0.9020287229905802,1.092208924324534,False,239,60
olaparib,lineage,2,ACH-000856,breast,0.8778879088616502,0.9994467299421151,0.7874810050469108,1.2114124548373195,1.0,0.4963506237127126,0,0.5,0.9020287229905802,1.092208924324534,False,239,60
olaparib,lineage,2,ACH-000368,cns/brain,1.013701105723512,0.985758700365023,0.7737929754698186,1.1977244252602275,,0.501629311139464,1,0.5,0.9020287229905802,1.092208924324534,False,239,60
olaparib,lineage,2,ACH-000848,liver,1.0214018061606875,1.0668681134557116,0.8549023885605073,1.278833838350916,,0.493877120577901,0,0.5,0.9020287229905802,1.092208924324534,False,239,60
olaparib,lineage,2,ACH-000805,skin,0.9502135538585734,0.9941508302941149,0.7821851053989105,1.2061165551893192,,0.5002052196866302,1,0.5,0.9020287229905802,1.092208924324534,False,239,60
olaparib,lineage,2,ACH-000847,esophagus/stomach,0.8357108048485724,1.0007704414185032,0.7888047165232989,1.2127361663137077,1.0,0.4969413340431733,0,0.5,0.9020287229905802,1.092208924324534,False,239,60
olaparib,lineage,2,ACH-000814,skin,0.9129775532064235,0.9941508302941149,0.7821851053989105,1.2061165551893192,,0.5002052196866302,1,0.5,0.9020287229905802,1.092208924324534,False,239,60
olaparib,lineage,2,ACH-000898,esophagus/stomach,1.084457789878041,1.0007704414185032,0.7888047165232989,1.2127361663137077,,0.4969413340431733,0,0.5,0.9020287229905802,1.092208924324534,False,239,60
olaparib,lineage,2,ACH-000484,kidney,1.287087577848,1.0624600811987501,0.8504943563035458,1.2744258060939546,0.0,0.4915940644541514,0,0.5,0.9020287229905802,1.092208924324534,False,239,60
olaparib,lineage,2,ACH-000866,lung,0.7471679959295863,0.9913005116206377,0.7793347867254333,1.2032662365158422,1.0,0.5000829348566987,1,0.5,0.9020287229905802,1.092208924324534,False,239,60
olaparib,lineage,2,ACH-000532,bowel,0.889581833133164,1.015028035986831,0.8030623110916265,1.2269937608820354,1.0,0.5019372671200502,1,0.5,0.9020287229905802,1.092208924324534,False,239,60
olaparib,lineage,2,ACH-000954,uterus,1.0807329963783951,1.014384007226076,0.8024182823308715,1.2263497321212804,,0.4969413340431733,0,0.5,0.9020287229905802,1.092208924324534,False,239,60
olaparib,lineage,2,ACH-000437,cns/brain,1.105584626064974,0.985758700365023,0.7737929754698186,1.1977244252602275,0.0,0.501629311139464,1,0.5,0.9020287229905802,1.092208924324534,False,239,60
olaparib,lineage,2,ACH-000670,lung,1.0385482682447453,0.9913005116206377,0.7793347867254333,1.2032662365158422,,0.5000829348566987,1,0.5,0.9020287229905802,1.092208924324534,False,239,60
olaparib,lineage,2,ACH-000637,esophagus/stomach,0.9500014686871382,1.0007704414185032,0.7888047165232989,1.2127361663137077,,0.4969413340431733,0,0.5,0.9020287229905802,1.092208924324534,False,239,60
olaparib,lineage,2,ACH-000375,kidney,0.8340678521933861,1.0624600811987501,0.8504943563035458,1.2744258060939546,1.0,0.4915940644541514,0,0.5,0.9020287229905802,1.092208924324534,False,239,60
olaparib,lineage,2,ACH-000950,bowel,1.0944024790136049,1.015028035986831,0.8030623110916265,1.2269937608820354,0.0,0.5019372671200502,1,0.5,0.9020287229905802,1.092208924324534,False,239,60
olaparib,lineage,2,ACH-000060,pancreas,0.8879502803144933,1.0509876480502516,0.8390219231550472,1.2629533729454558,1.0,0.4969413340431733,0,0.5,0.9020287229905802,1.092208924324534,False,239,60
olaparib,lineage,2,ACH-000927,breast,1.09357435373401,0.9994467299421151,0.7874810050469108,1.2114124548373195,0.0,0.4963506237127126,0,0.5,0.9020287229905802,1.092208924324534,False,239,60
olaparib,lineage,2,ACH-000694,esophagus/stomach,0.9985136025025337,1.0007704414185032,0.7888047165232989,1.2127361663137077,,0.4969413340431733,0,0.5,0.9020287229905802,1.092208924324534,False,239,60
olaparib,lineage,2,ACH-000974,uterus,0.9596567749323317,1.014384007226076,0.8024182823308715,1.2263497321212804,,0.4969413340431733,0,0.5,0.9020287229905802,1.092208924324534,False,239,60
olaparib,lineage,2,ACH-000843,lung,0.9486910589616808,0.9913005116206377,0.7793347867254333,1.2032662365158422,,0.5000829348566987,1,0.5,0.9020287229905802,1.092208924324534,False,239,60
olaparib,lineage,2,ACH-000905,bladder/urinary tract,1.1379508515615242,0.9465934006492843,0.73462767575408,1.1585591255444887,0.0,0.5040508659678832,1,0.5,0.9020287229905802,1.092208924324534,False,239,60
olaparib,lineage,2,ACH-000516,bone,0.9658791461547392,0.8747126324839488,0.6627469075887444,1.0866783573791532,,0.5104275560462094,1,0.5,0.9020287229905802,1.092208924324534,False,239,60
olaparib,lineage,2,ACH-000417,pancreas,1.0824214513064445,1.0509876480502516,0.8390219231550472,1.2629533729454558,,0.4969413340431733,0,0.5,0.9020287229905802,1.092208924324534,False,239,60
olaparib,lineage,2,ACH-000730,skin,1.1093924565013067,0.9941508302941149,0.7821851053989105,1.2061165551893192,0.0,0.5002052196866302,1,0.5,0.9020287229905802,1.092208924324534,False,239,60
olaparib,lineage,2,ACH-000661,skin,1.1487192452285278,0.9941508302941149,0.7821851053989105,1.2061165551893192,0.0,0.5002052196866302,1,0.5,0.9020287229905802,1.092208924324534,False,239,60
olaparib,lineage,2,ACH-001190,skin,1.1601893505752736,0.9941508302941149,0.7821851053989105,1.2061165551893192,0.0,0.5002052196866302,1,0.5,0.9020287229905802,1.092208924324534,False,239,60
olaparib,lineage,2,ACH-000783,breast,1.144559913258365,0.9994467299421151,0.7874810050469108,1.2114124548373195,0.0,0.4963506237127126,0,0.5,0.9020287229905802,1.092208924324534,False,239,60
olaparib,lineage,2,ACH-000976,biliary tract,0.9972700954305924,0.9916999324963057,0.7797342076011013,1.20366565739151,,0.5006177234404543,1,0.5,0.9020287229905802,1.092208924324534,False,239,60
olaparib,lineage,2,ACH-000343,lung,0.958577448671814,0.9913005116206377,0.7793347867254333,1.2032662365158422,,0.5000829348566987,1,0.5,0.9020287229905802,1.092208924324534,False,239,60
olaparib,lineage,2,ACH-000535,pancreas,1.41465157275194,1.0509876480502516,0.8390219231550472,1.2629533729454558,0.0,0.4969413340431733,0,0.5,0.9020287229905802,1.092208924324534,False,239,60
olaparib,lineage,2,ACH-000011,bladder/urinary tract,1.10226288569179,0.9465934006492843,0.73462767575408,1.1585591255444887,0.0,0.5040508659678832,1,0.5,0.9020287229905802,1.092208924324534,False,239,60
olaparib,lineage,2,ACH-000141,biliary tract,0.8248191021128038,0.9916999324963057,0.7797342076011013,1.20366565739151,1.0,0.5006177234404543,1,0.5,0.9020287229905802,1.092208924324534,False,239,60
olaparib,lineage,2,ACH-000201,kidney,0.9578780559336838,1.0624600811987501,0.8504943563035458,1.2744258060939546,,0.4915940644541514,0,0.5,0.9020287229905802,1.092208924324534,False,239,60
olaparib,lineage,2,ACH-000965,uterus,0.8656567377074306,1.014384007226076,0.8024182823308715,1.2263497321212804,1.0,0.4969413340431733,0,0.5,0.9020287229905802,1.092208924324534,False,239,60
olaparib,lineage,2,ACH-000450,skin,1.18539662277048,0.9941508302941149,0.7821851053989105,1.2061165551893192,0.0,0.5002052196866302,1,0.5,0.9020287229905802,1.092208924324534,False,239,60
olaparib,lineage,2,ACH-000982,bowel,0.6942393233890654,1.015028035986831,0.8030623110916265,1.2269937608820354,1.0,0.5019372671200502,1,0.5,0.9020287229905802,1.092208924324534,False,239,60
olaparib,lineage,2,ACH-000454,lung,0.9412952131167928,0.9913005116206377,0.7793347867254333,1.2032662365158422,,0.5000829348566987,1,0.5,0.9020287229905802,1.092208924324534,False,239,60
olaparib,lineage,2,ACH-000480,liver,1.0,1.0668681134557116,0.8549023885605073,1.278833838350916,,0.493877120577901,0,0.5,0.9020287229905802,1.092208924324534,False,239,60
olaparib,lineage,2,ACH-000137,cns/brain,0.9709031194351068,0.985758700365023,0.7737929754698186,1.1977244252602275,,0.501629311139464,1,0.5,0.9020287229905802,1.092208924324534,False,239,60
olaparib,lineage,2,ACH-000048,ovary/fallopian tube,0.9197156857966107,0.9789621319852385,0.7669964070900341,1.190927856880443,,0.501629311139464,1,0.5,0.9020287229905802,1.092208924324534,False,239,60
olaparib,lineage,2,ACH-000881,skin,1.0908518168401016,0.9941508302941149,0.7821851053989105,1.2061165551893192,,0.5002052196866302,1,0.5,0.9020287229905802,1.092208924324534,False,239,60
olaparib,lineage,2,ACH-000966,ovary/fallopian tube,0.7751587731944798,0.9789621319852385,0.7669964070900341,1.190927856880443,1.0,0.501629311139464,1,0.5,0.9020287229905802,1.092208924324534,False,239,60
olaparib,lineage,2,ACH-000657,ovary/fallopian tube,0.849285825732755,0.9789621319852385,0.7669964070900341,1.190927856880443,1.0,0.501629311139464,1,0.5,0.9020287229905802,1.092208924324534,False,239,60
olaparib,lineage,2,ACH-000447,lung,1.0788565190466506,0.9913005116206377,0.7793347867254333,1.2032662365158422,,0.5000829348566987,1,0.5,0.9020287229905802,1.092208924324534,False,239,60
olaparib,lineage,2,ACH-000280,ovary/fallopian tube,0.8320948890848265,0.9789621319852385,0.7669964070900341,1.190927856880443,1.0,0.501629311139464,1,0.5,0.9020287229905802,1.092208924324534,False,239,60
olaparib,lineage,2,ACH-000493,liver,0.8857138355307433,1.0668681134557116,0.8549023885605073,1.278833838350916,1.0,0.493877120577901,0,0.5,0.9020287229905802,1.092208924324534,False,239,60
olaparib,lineage,2,ACH-000401,skin,0.9262314780050656,0.9941508302941149,0.7821851053989105,1.2061165551893192,,0.5002052196866302,1,0.5,0.9020287229905802,1.092208924324534,False,239,60
olaparib,lineage,2,ACH-000929,lung,1.2980094044339427,0.9913005116206377,0.7793347867254333,1.2032662365158422,0.0,0.5000829348566987,1,0.5,0.9020287229905802,1.092208924324534,False,239,60
olaparib,lineage,2,ACH-000390,lung,1.0325125379061022,0.9913005116206377,0.7793347867254333,1.2032662365158422,,0.5000829348566987,1,0.5,0.9020287229905802,1.092208924324534,False,239,60
olaparib,lineage,2,ACH-000427,esophagus/stomach,1.264135726557925,1.0007704414185032,0.7888047165232989,1.2127361663137077,0.0,0.4969413340431733,0,0.5,0.9020287229905802,1.092208924324534,False,239,60
olaparib,lineage,2,ACH-000919,esophagus/stomach,1.1688875120239437,1.0007704414185032,0.7888047165232989,1.2127361663137077,0.0,0.4969413340431733,0,0.5,0.9020287229905802,1.092208924324534,False,239,60
olaparib,lineage,2,ACH-000778,head and neck,0.8826730966565286,1.0365242627286009,0.8245585378333965,1.2484899876238051,1.0,0.4969413340431733,0,0.5,0.9020287229905802,1.092208924324534,False,239,60
olaparib,lineage,2,ACH-000228,head and neck,1.0218665966624088,1.0365242627286009,0.8245585378333965,1.2484899876238051,,0.4969413340431733,0,0.5,0.9020287229905802,1.092208924324534,False,239,60
olaparib,lineage,2,ACH-000620,liver,0.9567913784479098,1.0668681134557116,0.8549023885605073,1.278833838350916,,0.493877120577901,0,0.5,0.9020287229905802,1.092208924324534,False,239,60
olaparib,lineage,2,ACH-000096,kidney,0.8248576139250656,1.0624600811987501,0.8504943563035458,1.2744258060939546,1.0,0.4915940644541514,0,0.5,0.9020287229905802,1.092208924324534,False,239,60
olaparib,lineage,2,ACH-000777,esophagus/stomach,0.797586055886474,1.0007704414185032,0.7888047165232989,1.2127361663137077,1.0,0.4969413340431733,0,0.5,0.9020287229905802,1.092208924324534,False,239,60
olaparib,lineage,2,ACH-000281,pancreas,1.187236951542935,1.0509876480502516,0.8390219231550472,1.2629533729454558,0.0,0.4969413340431733,0,0.5,0.9020287229905802,1.092208924324534,False,239,60
olaparib,lineage,2,ACH-000771,head and neck,1.0575880567413076,1.0365242627286009,0.8245585378333965,1.2484899876238051,,0.4969413340431733,0,0.5,0.9020287229905802,1.092208924324534,False,239,60
olaparib,lineage,2,ACH-000469,cns/brain,1.12317236038518,0.985758700365023,0.7737929754698186,1.1977244252602275,0.0,0.501629311139464,1,0.5,0.9020287229905802,1.092208924324534,False,239,60
olaparib,lineage,2,ACH-000579,skin,1.142214499240045,0.9941508302941149,0.7821851053989105,1.2061165551893192,0.0,0.5002052196866302,1,0.5,0.9020287229905802,1.092208924324534,False,239,60
olaparib,lineage,2,ACH-000502,pancreas,1.0527462458769201,1.0509876480502516,0.8390219231550472,1.2629533729454558,,0.4969413340431733,0,0.5,0.9020287229905802,1.092208924324534,False,239,60
olaparib,lineage,2,ACH-000791,lung,1.07471386548932,0.9913005116206377,0.7793347867254333,1.2032662365158422,,0.5000829348566987,1,0.5,0.9020287229905802,1.092208924324534,False,239,60
olaparib,lineage,2,ACH-000900,lung,0.7763294769092598,0.9913005116206377,0.7793347867254333,1.2032662365158422,1.0,0.5000829348566987,1,0.5,0.9020287229905802,1.092208924324534,False,239,60
olaparib,lineage,2,ACH-000666,lung,0.939801521970106,0.9913005116206377,0.7793347867254333,1.2032662365158422,,0.5000829348566987,1,0.5,0.9020287229905802,1.092208924324534,False,239,60
olaparib,lineage,2,ACH-000217,liver,0.755940839314249,1.0668681134557116,0.8549023885605073,1.278833838350916,1.0,0.493877120577901,0,0.5,0.9020287229905802,1.092208924324534,False,239,60
olaparib,lineage,2,ACH-000505,soft tissue,1.14237214682191,0.8588428225453566,0.6468770976501522,1.0708085474405609,0.0,0.5104275560462094,1,0.5,0.9020287229905802,1.092208924324534,False,239,60
olaparib,lineage,2,ACH-000968,skin,1.050037489582865,0.9941508302941149,0.7821851053989105,1.2061165551893192,,0.5002052196866302,1,0.5,0.9020287229905802,1.092208924324534,False,239,60
olaparib,elastic_net,2,ACH-000528,lung,0.9973653430468263,0.9716301935945578,0.7555652194655237,1.187695167723592,,0.4199144557860733,0,0.5,0.9020287229905802,1.092208924324534,False,239,60
olaparib,elastic_net,2,ACH-000800,lung,0.8859359973867134,0.9504148307192531,0.734349856590219,1.1664798048482874,1.0,0.5614525319429755,1,0.5,0.9020287229905802,1.092208924324534,False,239,60
olaparib,elastic_net,2,ACH-000678,esophagus/stomach,0.932729197654087,1.0301068240794133,0.8140418499503792,1.2461717982084475,,0.41515269155536066,0,0.5,0.9020287229905802,1.092208924324534,False,239,60
olaparib,elastic_net,2,ACH-000917,esophagus/stomach,1.31630712332775,1.0121851797704249,0.7961202056413907,1.228250153899459,0.0,0.4165844227662102,0,0.5,0.9020287229905802,1.092208924324534,False,239,60
olaparib,elastic_net,2,ACH-000587,lung,0.9154980104980317,1.0197545870136313,0.8036896128845972,1.2358195611426654,,0.44029633105850435,0,0.5,0.9020287229905802,1.092208924324534,False,239,60
olaparib,elastic_net,2,ACH-000704,ovary/fallopian tube,0.9460742120314388,1.0113936806745825,0.7953287065455483,1.2274586548036166,,0.4185317332387962,0,0.5,0.9020287229905802,1.092208924324534,False,239,60
olaparib,elastic_net,2,ACH-000276,breast,0.9057615571452691,1.0334582140267254,0.8173932398976913,1.2495231881557596,,0.5241413605658494,1,0.5,0.9020287229905802,1.092208924324534,False,239,60
olaparib,elastic_net,2,ACH-000856,breast,0.8778879088616502,1.0297456050288387,0.8136806308998046,1.2458105791578729,1.0,0.46683795385912846,0,0.5,0.9020287229905802,1.092208924324534,False,239,60
olaparib,elastic_net,2,ACH-000368,cns/brain,1.013701105723512,0.975150426265714,0.7590854521366799,1.1912154003947482,,0.5389378179017978,1,0.5,0.9020287229905802,1.092208924324534,False,239,60
olaparib,elastic_net,2,ACH-000848,liver,1.0214018061606875,1.0327920272268942,0.8167270530978601,1.2488570013559284,,0.41581360611483664,0,0.5,0.9020287229905802,1.092208924324534,False,239,60
olaparib,elastic_net,2,ACH-000805,skin,0.9502135538585734,0.998489061791369,0.7824240876623348,1.2145540359204032,,0.5653300551601826,1,0.5,0.9020287229905802,1.092208924324534,False,239,60
olaparib,elastic_net,2,ACH-000847,esophagus/stomach,0.8357108048485724,1.025735998083358,0.8096710239543239,1.2418009722123922,1.0,0.47208909402151844,0,0.5,0.9020287229905802,1.092208924324534,False,239,60
olaparib,elastic_net,2,ACH-000814,skin,0.9129775532064235,0.9736132062087797,0.7575482320797455,1.1896781803378138,,0.5792124321251049,1,0.5,0.9020287229905802,1.092208924324534,False,239,60
olaparib,elastic_net,2,ACH-000898,esophagus/stomach,1.084457789878041,1.0169184159698694,0.8008534418408353,1.2329833900989036,,0.4520100573230432,0,0.5,0.9020287229905802,1.092208924324534,False,239,60
olaparib,elastic_net,2,ACH-000484,kidney,1.287087577848,1.019917919841204,0.8038529457121699,1.2359828939702382,0.0,0.4658725060390327,0,0.5,0.9020287229905802,1.092208924324534,False,239,60
olaparib,elastic_net,2,ACH-000866,lung,0.7471679959295863,0.9784552643366493,0.7623902902076152,1.1945202384656834,1.0,0.5609904816256168,1,0.5,0.9020287229905802,1.092208924324534,False,239,60
olaparib,elastic_net,2,ACH-000532,bowel,0.889581833133164,1.0449790543787332,0.828914080249699,1.2610440285077673,1.0,0.4193530089743034,0,0.5,0.9020287229905802,1.092208924324534,False,239,60
olaparib,elastic_net,2,ACH-000954,uterus,1.0807329963783951,1.033932497222484,0.8178675230934498,1.249997471351518,,0.4151621680097971,0,0.5,0.9020287229905802,1.092208924324534,False,239,60
olaparib,elastic_net,2,ACH-000437,cns/brain,1.105584626064974,1.00548158300748,0.7894166088784458,1.221546557136514,0.0,0.4630196676259447,0,0.5,0.9020287229905802,1.092208924324534,False,239,60
olaparib,elastic_net,2,ACH-000670,lung,1.0385482682447453,0.9852387919420811,0.769173817813047,1.2013037660711152,,0.5649431312635078,1,0.5,0.9020287229905802,1.092208924324534,False,239,60
olaparib,elastic_net,2,ACH-000637,esophagus/stomach,0.9500014686871382,0.9988358968858272,0.782770922756793,1.2149008710148612,,0.4599962416658048,0,0.5,0.9020287229905802,1.092208924324534,False,239,60
olaparib,elastic_net,2,ACH-000375,kidney,0.8340678521933861,0.9564875873535856,0.7404226132245515,1.1725525614826198,1.0,0.5816074385774838,1,0.5,0.9020287229905802,1.092208924324534,False,239,60
olaparib,elastic_net,2,ACH-000950,bowel,1.0944024790136049,1.0370800329548535,0.8210150588258194,1.2531450070838877,0.0,0.4436783543089667,0,0.5,0.9020287229905802,1.092208924324534,False,239,60
olaparib,elastic_net,2,ACH-000060,pancreas,0.8879502803144933,1.0844789865481856,0.8684140124191515,1.3005439606772198,1.0,0.42848712189357957,0,0.5,0.9020287229905802,1.092208924324534,False,239,60
olaparib,elastic_net,2,ACH-000927,breast,1.09357435373401,1.013527993798836,0.7974630196698018,1.22959296792787,0.0,0.43827928375157565,0,0.5,0.9020287229905802,1.092208924324534,False,239,60
olaparib,elastic_net,2,ACH-000694,esophagus/stomach,0.9985136025025337,0.9887466916439418,0.7726817175149077,1.204811665772976,,0.5288006645408635,1,0.5,0.9020287229905802,1.092208924324534,False,239,60
olaparib,elastic_net,2,ACH-000974,uterus,0.9596567749323317,1.0270694425176083,0.8110044683885742,1.2431344166466425,,0.42615111769062053,0,0.5,0.9020287229905802,1.092208924324534,False,239,60
olaparib,elastic_net,2,ACH-000843,lung,0.9486910589616808,0.9681281349307091,0.752063160801675,1.1841931090597433,,0.5422361025371593,1,0.5,0.9020287229905802,1.092208924324534,False,239,60
olaparib,elastic_net,2,ACH-000905,bladder/urinary tract,1.1379508515615242,1.0092264227997934,0.7931614486707592,1.2252913969288275,0.0,0.5085718051997812,1,0.5,0.9020287229905802,1.092208924324534,False,239,60
olaparib,elastic_net,2,ACH-000516,bone,0.9658791461547392,0.9600021737373174,0.7439371996082833,1.1760671478663516,,0.5483033536941136,1,0.5,0.9020287229905802,1.092208924324534,False,239,60
olaparib,elastic_net,2,ACH-000417,pancreas,1.0824214513064445,1.0374527655225776,0.8213877913935435,1.2535177396516117,,0.48946898709439524,0,0.5,0.9020287229905802,1.092208924324534,False,239,60
olaparib,elastic_net,2,ACH-000730,skin,1.1093924565013067,1.0302443978334064,0.8141794237043722,1.2463093719624405,0.0,0.42525656058224737,0,0.5,0.9020287229905802,1.092208924324534,False,239,60
olaparib,elastic_net,2,ACH-000661,skin,1.1487192452285278,1.0458524728135823,0.8297874986845482,1.2619174469426164,0.0,0.4215271675392241,0,0.5,0.9020287229905802,1.092208924324534,False,239,60
olaparib,elastic_net,2,ACH-001190,skin,1.1601893505752736,1.0037731416780264,0.7877081675489923,1.2198381158070606,0.0,0.5034498661834159,1,0.5,0.9020287229905802,1.092208924324534,False,239,60
olaparib,elastic_net,2,ACH-000783,breast,1.144559913258365,1.0157610104542414,0.7996960363252072,1.2318259845832755,0.0,0.42566490417403074,0,0.5,0.9020287229905802,1.092208924324534,False,239,60
olaparib,elastic_net,2,ACH-000976,biliary tract,0.9972700954305924,1.0562958233073736,0.8402308491783395,1.2723607974364077,,0.5326356866216396,1,0.5,0.9020287229905802,1.092208924324534,False,239,60
olaparib,elastic_net,2,ACH-000343,lung,0.958577448671814,1.0231620270098316,0.8070970528807975,1.2392270011388657,,0.5080229478172578,1,0.5,0.9020287229905802,1.092208924324534,False,239,60
olaparib,elastic_net,2,ACH-000535,pancreas,1.41465157275194,1.009272364900477,0.7932073907714428,1.225337339029511,0.0,0.5604705312233053,1,0.5,0.9020287229905802,1.092208924324534,False,239,60
olaparib,elastic_net,2,ACH-000011,bladder/urinary tract,1.10226288569179,1.0202855372942812,0.804220563165247,1.2363505114233153,0.0,0.4375768863009525,0,0.5,0.9020287229905802,1.092208924324534,False,239,60
olaparib,elastic_net,2,ACH-000141,biliary tract,0.8248191021128038,1.0036817786452699,0.7876168045162357,1.219746752774304,1.0,0.46491503128884437,0,0.5,0.9020287229905802,1.092208924324534,False,239,60
olaparib,elastic_net,2,ACH-000201,kidney,0.9578780559336838,0.9622038891691608,0.7461389150401266,1.1782688632981948,,0.5800698113468584,1,0.5,0.9020287229905802,1.092208924324534,False,239,60
olaparib,elastic_net,2,ACH-000965,uterus,0.8656567377074306,0.9994142879368022,0.7833493138077681,1.2154792620658363,1.0,0.49400015884063914,0,0.5,0.9020287229905802,1.092208924324534,False,239,60
olaparib,elastic_net,2,ACH-000450,skin,1.18539662277048,1.0056424746523065,0.7895775005232724,1.2217074487813406,0.0,0.49107276296303276,0,0.5,0.9020287229905802,1.092208924324534,False,239,60
olaparib,elastic_net,2,ACH-000982,bowel,0.6942393233890654,1.038236468940545,0.8221714948115109,1.2543014430695791,1.0,0.46749043394678275,0,0.5,0.9020287229905802,1.092208924324534,False,239,60
olaparib,elastic_net,2,ACH-000454,lung,0.9412952131167928,0.971405290836404,0.7553403167073699,1.1874702649654383,,0.5304927615452044,1,0.5,0.9020287229905802,1.092208924324534,False,239,60
olaparib,elastic_net,2,ACH-000480,liver,1.0,1.0265223928032703,0.8104574186742362,1.2425873669323044,,0.4476411756431411,0,0.5,0.9020287229905802,1.092208924324534,False,239,60
olaparib,elastic_net,2,ACH-000137,cns/brain,0.9709031194351068,1.0110812413971138,0.7950162672680796,1.2271462155261479,,0.5756621243939392,1,0.5,0.9020287229905802,1.092208924324534,False,239,60
olaparib,elastic_net,2,ACH-000048,ovary/fallopian tube,0.9197156857966107,0.9506270469703653,0.7345620728413311,1.1666920210993994,,0.565458263599414,1,0.5,0.9020287229905802,1.092208924324534,False,239,60
olaparib,elastic_net,2,ACH-000881,skin,1.0908518168401016,0.9744603113127727,0.7583953371837385,1.1905252854418067,,0.49463229527327857,0,0.5,0.9020287229905802,1.092208924324534,False,239,60
olaparib,elastic_net,2,ACH-000966,ovary/fallopian tube,0.7751587731944798,0.9889602466225288,0.7728952724934947,1.2050252207515628,1.0,0.5052744818672381,1,0.5,0.9020287229905802,1.092208924324534,False,239,60
olaparib,elastic_net,2,ACH-000657,ovary/fallopian tube,0.849285825732755,0.9696425858780083,0.7535776117489742,1.1857075600070424,1.0,0.5872199171982522,1,0.5,0.9020287229905802,1.092208924324534,False,239,60
olaparib,elastic_net,2,ACH-000447,lung,1.0788565190466506,1.0078175923152413,0.7917526181862071,1.2238825664442754,,0.5220894505221572,1,0.5,0.9020287229905802,1.092208924324534,False,239,60
olaparib,elastic_net,2,ACH-000280,ovary/fallopian tube,0.8320948890848265,1.0110674973997749,0.7950025232707407,1.227132471528809,1.0,0.4356340973437679,0,0.5,0.9020287229905802,1.092208924324534,False,239,60
olaparib,elastic_net,2,ACH-000493,liver,0.8857138355307433,1.017229235103549,0.8011642609745149,1.2332942092325831,1.0,0.43574269589924436,0,0.5,0.9020287229905802,1.092208924324534,False,239,60
olaparib,elastic_net,2,ACH-000401,skin,0.9262314780050656,1.0106566181052261,0.794591643976192,1.2267215922342602,,0.48272933809292795,0,0.5,0.9020287229905802,1.092208924324534,False,239,60
olaparib,elastic_net,2,ACH-000929,lung,1.2980094044339427,1.0236210024814902,0.8075560283524561,1.2396859766105244,0.0,0.4353132914864712,0,0.5,0.9020287229905802,1.092208924324534,False,239,60
olaparib,elastic_net,2,ACH-000390,lung,1.0325125379061022,0.9714665703938867,0.7554015962648526,1.1875315445229209,,0.4955690159530793,0,0.5,0.9020287229905802,1.092208924324534,False,239,60
olaparib,elastic_net,2,ACH-000427,esophagus/stomach,1.264135726557925,1.0269458302637873,0.8108808561347531,1.2430108043928214,0.0,0.46718102411603846,0,0.5,0.9020287229905802,1.092208924324534,False,239,60
olaparib,elastic_net,2,ACH-000919,esophagus/stomach,1.1688875120239437,1.071138260433379,0.8550732863043449,1.2872032345624131,0.0,0.4735508023110431,0,0.5,0.9020287229905802,1.092208924324534,False,239,60
olaparib,elastic_net,2,ACH-000778,head and neck,0.8826730966565286,1.0265751926441584,0.8105102185151243,1.2426401667731926,1.0,0.5047441967380158,1,0.5,0.9020287229905802,1.092208924324534,False,239,60
olaparib,elastic_net,2,ACH-000228,head and neck,1.0218665966624088,0.9954823680466556,0.7794173939176214,1.2115473421756897,,0.5614096859306748,1,0.5,0.9020287229905802,1.092208924324534,False,239,60
olaparib,elastic_net,2,ACH-000620,liver,0.9567913784479098,1.0282645329891327,0.8121995588600985,1.2443295071181668,,0.426452449752308,0,0.5,0.9020287229905802,1.092208924324534,False,239,60
olaparib,elastic_net,2,ACH-000096,kidney,0.8248576139250656,0.9281334282613419,0.7120684541323078,1.144198402390376,1.0,0.5834345519909331,1,0.5,0.9020287229905802,1.092208924324534,False,239,60
olaparib,elastic_net,2,ACH-000777,esophagus/stomach,0.797586055886474,1.014497477496425,0.7984325033673909,1.2305624516254592,1.0,0.4153569503940505,0,0.5,0.9020287229905802,1.092208924324534,False,239,60
olaparib,elastic_net,2,ACH-000281,pancreas,1.187236951542935,1.0306856355896257,0.8146206614605915,1.2467506097186598,0.0,0.44378072506494404,0,0.5,0.9020287229905802,1.092208924324534,False,239,60
olaparib,elastic_net,2,ACH-000771,head and neck,1.0575880567413076,0.9811922803852362,0.7651273062562021,1.1972572545142703,,0.5719896443636924,1,0.5,0.9020287229905802,1.092208924324534,False,239,60
olaparib,elastic_net,2,ACH-000469,cns/brain,1.12317236038518,0.9903243109269977,0.7742593367979635,1.2063892850560318,0.0,0.573035862317239,1,0.5,0.9020287229905802,1.092208924324534,False,239,60
olaparib,elastic_net,2,ACH-000579,skin,1.142214499240045,1.0026728467822041,0.78660787265317,1.2187378209112383,0.0,0.42822505144182554,0,0.5,0.9020287229905802,1.092208924324534,False,239,60
olaparib,elastic_net,2,ACH-000502,pancreas,1.0527462458769201,1.0589811093160266,0.8429161351869925,1.2750460834450608,,0.5118722047520999,1,0.5,0.9020287229905802,1.092208924324534,False,239,60
olaparib,elastic_net,2,ACH-000791,lung,1.07471386548932,1.022294134746985,0.8062291606179508,1.238359108876019,,0.5104277099285787,1,0.5,0.9020287229905802,1.092208924324534,False,239,60
olaparib,elastic_net,2,ACH-000900,lung,0.7763294769092598,0.9403632900966193,0.7242983159675852,1.1564282642256534,1.0,0.5774701459769354,1,0.5,0.9020287229905802,1.092208924324534,False,239,60
olaparib,elastic_net,2,ACH-000666,lung,0.939801521970106,1.002112842347403,0.7860478682183689,1.2181778164764372,,0.4317049755552438,0,0.5,0.9020287229905802,1.092208924324534,False,239,60
olaparib,elastic_net,2,ACH-000217,liver,0.755940839314249,1.0069578717725667,0.7908928976435325,1.2230228459016008,1.0,0.44964458726979206,0,0.5,0.9020287229905802,1.092208924324534,False,239,60
olaparib,elastic_net,2,ACH-000505,soft tissue,1.14237214682191,0.9383627848847462,0.7222978107557121,1.1544277590137804,0.0,0.5859654018730142,1,0.5,0.9020287229905802,1.092208924324534,False,239,60
olaparib,elastic_net,2,ACH-000968,skin,1.050037489582865,1.0126521557598709,0.7965871816308367,1.228717129888905,,0.5445436771984661,1,0.5,0.9020287229905802,1.092208924324534,False,239,60
olaparib,xgboost,2,ACH-000528,lung,0.9973653430468263,0.9971136450767517,0.7820371383470586,1.2121901518064448,,0.4660164688665657,0,0.5,0.9020287229905802,1.092208924324534,False,239,60
olaparib,xgboost,2,ACH-000800,lung,0.8859359973867134,0.9768339395523071,0.761757432822614,1.1919104462820003,1.0,0.5128510666318729,1,0.5,0.9020287229905802,1.092208924324534,False,239,60
olaparib,xgboost,2,ACH-000678,esophagus/stomach,0.932729197654087,1.0905954837799072,0.8755189770502141,1.3056719905096004,,0.4521720397969372,0,0.5,0.9020287229905802,1.092208924324534,False,239,60
olaparib,xgboost,2,ACH-000917,esophagus/stomach,1.31630712332775,0.9987263679504395,0.7836498612207463,1.2138028746801326,0.0,0.4641295568727835,0,0.5,0.9020287229905802,1.092208924324534,False,239,60
olaparib,xgboost,2,ACH-000587,lung,0.9154980104980317,1.0266032218933105,0.8115267151636174,1.2416797286230037,,0.47679604621183835,0,0.5,0.9020287229905802,1.092208924324534,False,239,60
olaparib,xgboost,2,ACH-000704,ovary/fallopian tube,0.9460742120314388,1.0487682819366455,0.8336917752069524,1.2638447886663386,,0.4435496530757643,0,0.5,0.9020287229905802,1.092208924324534,False,239,60
olaparib,xgboost,2,ACH-000276,breast,0.9057615571452691,0.9859108924865723,0.7708343857568791,1.2009873992162654,,0.5065674788394937,1,0.5,0.9020287229905802,1.092208924324534,False,239,60
olaparib,xgboost,2,ACH-000856,breast,0.8778879088616502,1.0524064302444458,0.8373299235147527,1.267482936974139,1.0,0.4522060725252958,0,0.5,0.9020287229905802,1.092208924324534,False,239,60
olaparib,xgboost,2,ACH-000368,cns/brain,1.013701105723512,0.9567107558250427,0.7416342490953496,1.1717872625547359,,0.5334623043647677,1,0.5,0.9020287229905802,1.092208924324534,False,239,60
olaparib,xgboost,2,ACH-000848,liver,1.0214018061606875,0.9909505844116211,0.775874077681928,1.2060270911413142,,0.46167435810266144,0,0.5,0.9020287229905802,1.092208924324534,False,239,60
olaparib,xgboost,2,ACH-000805,skin,0.9502135538585734,0.9924019575119019,0.7773254507822087,1.207478464241595,,0.4805826593215926,0,0.5,0.9020287229905802,1.092208924324534,False,239,60
olaparib,xgboost,2,ACH-000847,esophagus/stomach,0.8357108048485724,0.9219314455986023,0.7068549388689092,1.1370079523282954,1.0,0.5489006312088072,1,0.5,0.9020287229905802,1.092208924324534,False,239,60
olaparib,xgboost,2,ACH-000814,skin,0.9129775532064235,1.0597549676895142,0.844678460959821,1.2748314744192073,,0.5101317888535698,1,0.5,0.9020287229905802,1.092208924324534,False,239,60
olaparib,xgboost,2,ACH-000898,esophagus/stomach,1.084457789878041,1.0033303499221802,0.788253843192487,1.2184068566518733,,0.5136157618203688,1,0.5,0.9020287229905802,1.092208924324534,False,239,60
olaparib,xgboost,2,ACH-000484,kidney,1.287087577848,1.002332091331482,0.7872555846017888,1.217408598061175,0.0,0.4785489672613428,0,0.5,0.9020287229905802,1.092208924324534,False,239,60
olaparib,xgboost,2,ACH-000866,lung,0.7471679959295863,0.9708583950996399,0.7557818883699468,1.185934901829333,1.0,0.466810422977148,0,0.5,0.9020287229905802,1.092208924324534,False,239,60
olaparib,xgboost,2,ACH-000532,bowel,0.889581833133164,1.0582460165023804,0.8431695097726872,1.2733225232320735,1.0,0.45832444610141926,0,0.5,0.9020287229905802,1.092208924324534,False,239,60
olaparib,xgboost,2,ACH-000954,uterus,1.0807329963783951,1.0460340976715088,0.8309575909418156,1.261110604401202,,0.44761496254725824,0,0.5,0.9020287229905802,1.092208924324534,False,239,60
olaparib,xgboost,2,ACH-000437,cns/brain,1.105584626064974,1.0352357625961304,0.8201592558664372,1.2503122693258235,0.0,0.49880281014542466,0,0.5,0.9020287229905802,1.092208924324534,False,239,60
olaparib,xgboost,2,ACH-000670,lung,1.0385482682447453,0.982082188129425,0.7670056813997319,1.1971586948591182,,0.4903316922033457,0,0.5,0.9020287229905802,1.092208924324534,False,239,60
olaparib,xgboost,2,ACH-000637,esophagus/stomach,0.9500014686871382,1.0257337093353271,0.810657202605634,1.2408102160650203,,0.49242208287149025,0,0.5,0.9020287229905802,1.092208924324534,False,239,60
olaparib,xgboost,2,ACH-000375,kidney,0.8340678521933861,0.9373887777328491,0.722312271003156,1.1524652844625423,1.0,0.519034864125271,1,0.5,0.9020287229905802,1.092208924324534,False,239,60
olaparib,xgboost,2,ACH-000950,bowel,1.0944024790136049,0.9670040607452393,0.7519275540155461,1.1820805674749324,0.0,0.49283925548396784,0,0.5,0.9020287229905802,1.092208924324534,False,239,60
olaparib,xgboost,2,ACH-000060,pancreas,0.8879502803144933,1.1125119924545288,0.8974354857248357,1.327588499184222,1.0,0.4703999560033854,0,0.5,0.9020287229905802,1.092208924324534,False,239,60
olaparib,xgboost,2,ACH-000927,breast,1.09357435373401,1.0448282957077026,0.8297517889780095,1.2599048024373958,0.0,0.45790231209366744,0,0.5,0.9020287229905802,1.092208924324534,False,239,60
olaparib,xgboost,2,ACH-000694,esophagus/stomach,0.9985136025025337,0.9835394620895386,0.7684629553598454,1.1986159688192317,,0.4981881882060971,0,0.5,0.9020287229905802,1.092208924324534,False,239,60
olaparib,xgboost,2,ACH-000974,uterus,0.9596567749323317,1.0232781171798706,0.8082016104501775,1.2383546239095637,,0.4710887555154639,0,0.5,0.9020287229905802,1.092208924324534,False,239,60
olaparib,xgboost,2,ACH-000843,lung,0.9486910589616808,0.9345582723617554,0.7194817656320622,1.1496347790914485,,0.5101807224683331,1,0.5,0.9020287229905802,1.092208924324534,False,239,60
olaparib,xgboost,2,ACH-000905,bladder/urinary tract,1.1379508515615242,1.0140376091003418,0.7989611023706487,1.229114115830035,0.0,0.48543074682087073,0,0.5,0.9020287229905802,1.092208924324534,False,239,60
olaparib,xgboost,2,ACH-000516,bone,0.9658791461547392,1.0055656433105469,0.7904891365808537,1.22064215004024,,0.516135086527639,1,0.5,0.9020287229905802,1.092208924324534,False,239,60
olaparib,xgboost,2,ACH-000417,pancreas,1.0824214513064445,1.0339246988296509,0.8188481920999577,1.249001205559344,,0.4942309748082606,0,0.5,0.9020287229905802,1.092208924324534,False,239,60
olaparib,xgboost,2,ACH-000730,skin,1.1093924565013067,1.0306378602981567,0.8155613535684636,1.2457143670278499,0.0,0.47044494316209545,0,0.5,0.9020287229905802,1.092208924324534,False,239,60
olaparib,xgboost,2,ACH-000661,skin,1.1487192452285278,1.042741298675537,0.827664791945844,1.2578178054052302,0.0,0.47532424426600284,0,0.5,0.9020287229905802,1.092208924324534,False,239,60
olaparib,xgboost,2,ACH-001190,skin,1.1601893505752736,0.9963148832321167,0.7812383765024236,1.2113913899618098,0.0,0.5070295412356769,1,0.5,0.9020287229905802,1.092208924324534,False,239,60
olaparib,xgboost,2,ACH-000783,breast,1.144559913258365,1.0159415006637573,0.8008649939340642,1.2310180073934505,0.0,0.49051992527436683,0,0.5,0.9020287229905802,1.092208924324534,False,239,60
olaparib,xgboost,2,ACH-000976,biliary tract,0.9972700954305924,1.0200096368789673,0.8049331301492741,1.2350861436086604,,0.48851160174909036,0,0.5,0.9020287229905802,1.092208924324534,False,239,60
olaparib,xgboost,2,ACH-000343,lung,0.958577448671814,0.9883517026901245,0.7732751959604314,1.2034282094198177,,0.5229332710507341,1,0.5,0.9020287229905802,1.092208924324534,False,239,60
olaparib,xgboost,2,ACH-000535,pancreas,1.41465157275194,1.0271753072738647,0.8120988005441716,1.2422518140035579,0.0,0.4580948946603542,0,0.5,0.9020287229905802,1.092208924324534,False,239,60
olaparib,xgboost,2,ACH-000011,bladder/urinary tract,1.10226288569179,1.0178006887435913,0.8027241820138982,1.2328771954732844,0.0,0.4873717658418935,0,0.5,0.9020287229905802,1.092208924324534,False,239,60
olaparib,xgboost,2,ACH-000141,biliary tract,0.8248191021128038,1.0149590969085693,0.7998825901788762,1.2300356036382625,1.0,0.4435577369008405,0,0.5,0.9020287229905802,1.092208924324534,False,239,60
olaparib,xgboost,2,ACH-000201,kidney,0.9578780559336838,0.9559952616691589,0.7409187549394658,1.171071768398852,,0.5434954108433249,1,0.5,0.9020287229905802,1.092208924324534,False,239,60
olaparib,xgboost,2,ACH-000965,uterus,0.8656567377074306,0.9807463884353638,0.7656698817056706,1.195822895165057,1.0,0.4703108894573124,0,0.5,0.9020287229905802,1.092208924324534,False,239,60
olaparib,xgboost,2,ACH-000450,skin,1.18539662277048,1.0651226043701172,0.850046097640424,1.2801991110998103,0.0,0.4869248023845943,0,0.5,0.9020287229905802,1.092208924324534,False,239,60
olaparib,xgboost,2,ACH-000982,bowel,0.6942393233890654,1.0050485134124756,0.7899720066827824,1.2201250201421687,1.0,0.49904320569188143,0,0.5,0.9020287229905802,1.092208924324534,False,239,60
olaparib,xgboost,2,ACH-000454,lung,0.9412952131167928,1.0124890804290771,0.797412573699384,1.2275655871587703,,0.4952805899493508,0,0.5,0.9020287229905802,1.092208924324534,False,239,60
olaparib,xgboost,2,ACH-000480,liver,1.0,1.018127202987671,0.8030506962579778,1.233203709717364,,0.516669374171601,1,0.5,0.9020287229905802,1.092208924324534,False,239,60
olaparib,xgboost,2,ACH-000137,cns/brain,0.9709031194351068,1.0258580446243286,0.8107815378946355,1.2409345513540218,,0.5238515161909852,1,0.5,0.9020287229905802,1.092208924324534,False,239,60
olaparib,xgboost,2,ACH-000048,ovary/fallopian tube,0.9197156857966107,0.9165952205657959,0.7015187138361028,1.131671727295489,,0.5534153746201196,1,0.5,0.9020287229905802,1.092208924324534,False,239,60
olaparib,xgboost,2,ACH-000881,skin,1.0908518168401016,0.9498074650764465,0.7347309583467534,1.1648839718061397,,0.5348533191429521,1,0.5,0.9020287229905802,1.092208924324534,False,239,60
olaparib,xgboost,2,ACH-000966,ovary/fallopian tube,0.7751587731944798,0.995063304901123,0.7799867981714299,1.2101398116308162,1.0,0.4916655132965308,0,0.5,0.9020287229905802,1.092208924324534,False,239,60
olaparib,xgboost,2,ACH-000657,ovary/fallopian tube,0.849285825732755,0.9244898557662964,0.7094133490366032,1.1395663624959895,1.0,0.5227816205448287,1,0.5,0.9020287229905802,1.092208924324534,False,239,60
olaparib,xgboost,2,ACH-000447,lung,1.0788565190466506,1.0304898023605347,0.8154132956308415,1.2455663090902278,,0.4570750435101785,0,0.5,0.9020287229905802,1.092208924324534,False,239,60
olaparib,xgboost,2,ACH-000280,ovary/fallopian tube,0.8320948890848265,1.027541995048523,0.8124654883188298,1.242618501778216,1.0,0.4667897515468227,0,0.5,0.9020287229905802,1.092208924324534,False,239,60
olaparib,xgboost,2,ACH-000493,liver,0.8857138355307433,1.0227006673812866,0.8076241606515935,1.2377771741109798,1.0,0.48614612846723504,0,0.5,0.9020287229905802,1.092208924324534,False,239,60
olaparib,xgboost,2,ACH-000401,skin,0.9262314780050656,0.9794322848320007,0.7643557781023076,1.1945087915616939,,0.4906081471364666,0,0.5,0.9020287229905802,1.092208924324534,False,239,60
olaparib,xgboost,2,ACH-000929,lung,1.2980094044339427,0.9744846224784851,0.759408115748792,1.1895611292081782,0.0,0.5006463775897708,1,0.5,0.9020287229905802,1.092208924324534,False,239,60
olaparib,xgboost,2,ACH-000390,lung,1.0325125379061022,0.9857359528541565,0.7706594461244634,1.2008124595838496,,0.4620889795672255,0,0.5,0.9020287229905802,1.092208924324534,False,239,60
olaparib,xgboost,2,ACH-000427,esophagus/stomach,1.264135726557925,1.0210812091827393,0.8060047024530461,1.2361577159124324,0.0,0.49718404105075975,0,0.5,0.9020287229905802,1.092208924324534,False,239,60
olaparib,xgboost,2,ACH-000919,esophagus/stomach,1.1688875120239437,1.0108420848846436,0.7957655781549504,1.2259185916143367,0.0,0.45202388142613986,0,0.5,0.9020287229905802,1.092208924324534,False,239,60
olaparib,xgboost,2,ACH-000778,head and neck,0.8826730966565286,1.024035096168518,0.8089585894388249,1.2391116028982112,1.0,0.5162266829712933,1,0.5,0.9020287229905802,1.092208924324534,False,239,60
olaparib,xgboost,2,ACH-000228,head and neck,1.0218665966624088,1.028259038925171,0.8131825321954778,1.243335545654864,,0.4846190196595971,0,0.5,0.9020287229905802,1.092208924324534,False,239,60
olaparib,xgboost,2,ACH-000620,liver,0.9567913784479098,1.0609009265899658,0.8458244198602727,1.275977433319659,,0.4600652374676595,0,0.5,0.9020287229905802,1.092208924324534,False,239,60
olaparib,xgboost,2,ACH-000096,kidney,0.8248576139250656,0.9309210777282715,0.7158445709985783,1.1459975844579646,1.0,0.5227632312167143,1,0.5,0.9020287229905802,1.092208924324534,False,239,60
olaparib,xgboost,2,ACH-000777,esophagus/stomach,0.797586055886474,1.049582600593567,0.8345060938638738,1.26465910732326,1.0,0.44975012055956043,0,0.5,0.9020287229905802,1.092208924324534,False,239,60
olaparib,xgboost,2,ACH-000281,pancreas,1.187236951542935,1.034887671470642,0.819811164740949,1.2499641782003352,0.0,0.4430016106819384,0,0.5,0.9020287229905802,1.092208924324534,False,239,60
olaparib,xgboost,2,ACH-000771,head and neck,1.0575880567413076,1.009401798248291,0.7943252915185979,1.2244783049779842,,0.5090569729812936,1,0.5,0.9020287229905802,1.092208924324534,False,239,60
olaparib,xgboost,2,ACH-000469,cns/brain,1.12317236038518,1.0512901544570923,0.8362136477273991,1.2663666611867854,0.0,0.5131060192283884,1,0.5,0.9020287229905802,1.092208924324534,False,239,60
olaparib,xgboost,2,ACH-000579,skin,1.142214499240045,1.0446523427963257,0.8295758360666325,1.2597288495260188,0.0,0.49045280507521033,0,0.5,0.9020287229905802,1.092208924324534,False,239,60
olaparib,xgboost,2,ACH-000502,pancreas,1.0527462458769201,1.075613021850586,0.8605365151208928,1.290689528580279,,0.5176275866730758,1,0.5,0.9020287229905802,1.092208924324534,False,239,60
olaparib,xgboost,2,ACH-000791,lung,1.07471386548932,0.9994882345199585,0.7844117277902654,1.2145647412496516,,0.4900249942120887,0,0.5,0.9020287229905802,1.092208924324534,False,239,60
olaparib,xgboost,2,ACH-000900,lung,0.7763294769092598,0.9382742643356323,0.7231977576059392,1.1533507710653255,1.0,0.5234852656680179,1,0.5,0.9020287229905802,1.092208924324534,False,239,60
olaparib,xgboost,2,ACH-000666,lung,0.939801521970106,1.0348597764968872,0.8197832697671941,1.2499362832265803,,0.4685963514490704,0,0.5,0.9020287229905802,1.092208924324534,False,239,60
olaparib,xgboost,2,ACH-000217,liver,0.755940839314249,0.9938315749168396,0.7787550681871465,1.2089080816465327,1.0,0.48567856802508863,0,0.5,0.9020287229905802,1.092208924324534,False,239,60
olaparib,xgboost,2,ACH-000505,soft tissue,1.14237214682191,0.9607160687446594,0.7456395620149663,1.1757925754743526,0.0,0.5203069412377421,1,0.5,0.9020287229905802,1.092208924324534,False,239,60
olaparib,xgboost,2,ACH-000968,skin,1.050037489582865,1.0056304931640625,0.7905539864343694,1.2207069998937556,,0.5194975934622716,1,0.5,0.9020287229905802,1.092208924324534,False,239,60
olaparib,lineage,3,ACH-000351,esophagus/stomach,1.0,1.0201140173937846,0.784158491280859,1.2560695435067102,,0.49706652344561164,0,0.5,0.9016941659010603,1.0938496451106379,False,239,60
olaparib,lineage,3,ACH-000421,bowel,1.0818270506310301,0.9746291482966654,0.7386736221837398,1.210584674409591,,0.5031219747509292,1,0.5,0.9016941659010603,1.0938496451106379,False,239,60
olaparib,lineage,3,ACH-000123,ovary/fallopian tube,0.7989751103999654,0.9941003810203479,0.7581448549074223,1.2300559071332735,1.0,0.5000472731426394,1,0.5,0.9016941659010603,1.0938496451106379,False,239,60
olaparib,lineage,3,ACH-000376,cns/brain,0.921774404119427,0.9923036126540572,0.7563480865411316,1.2282591387669828,,0.4981914966740963,0,0.5,0.9016941659010603,1.0938496451106379,False,239,60
olaparib,lineage,3,ACH-000322,skin,0.9390554535738935,1.006851521555223,0.7708959954422974,1.2428070476681485,,0.4958829931107353,0,0.5,0.9016941659010603,1.0938496451106379,False,239,60
olaparib,lineage,3,ACH-000223,breast,1.0982300106422187,0.9725082414458383,0.7365527153329127,1.2084637675587637,0.0,0.5017833092183431,1,0.5,0.9016941659010603,1.0938496451106379,False,239,60
olaparib,lineage,3,ACH-000098,cns/brain,1.0040854186074148,0.9923036126540572,0.7563480865411316,1.2282591387669828,,0.4981914966740963,0,0.5,0.9016941659010603,1.0938496451106379,False,239,60
olaparib,lineage,3,ACH-000544,esophagus/stomach,1.1265791689679638,1.0201140173937846,0.784158491280859,1.2560695435067102,0.0,0.49706652344561164,0,0.5,0.9016941659010603,1.0938496451106379,False,239,60
olaparib,lineage,3,ACH-000749,lung,0.7833229055584023,1.0016588985087043,0.7657033723957787,1.2376144246216298,1.0,0.4990087596076486,0,0.5,0.9016941659010603,1.0938496451106379,False,239,60
olaparib,lineage,3,ACH-000429,kidney,1.230458248827928,1.01292280666907,0.7769672805561445,1.2488783327819957,0.0,0.49653641346576216,0,0.5,0.9016941659010603,1.0938496451106379,False,239,60
olaparib,lineage,3,ACH-000012,lung,0.937080802228058,1.0016588985087043,0.7657033723957787,1.2376144246216298,,0.4990087596076486,0,0.5,0.9016941659010603,1.0938496451106379,False,239,60
olaparib,lineage,3,ACH-000945,lung,0.9588084376238524,1.0016588985087043,0.7657033723957787,1.2376144246216298,,0.4990087596076486,0,0.5,0.9016941659010603,1.0938496451106379,False,239,60
olaparib,lineage,3,ACH-000324,ovary/fallopian tube,1.103890422667268,0.9941003810203479,0.7581448549074223,1.2300559071332735,0.0,0.5000472731426394,1,0.5,0.9016941659010603,1.0938496451106379,False,239,60
olaparib,lineage,3,ACH-000842,bowel,1.0474236553930478,0.9746291482966654,0.7386736221837398,1.210584674409591,,0.5031219747509292,1,0.5,0.9016941659010603,1.0938496451106379,False,239,60
olaparib,lineage,3,ACH-000517,pancreas,1.0308508196007722,1.0772942848469427,0.8413387587340171,1.3132498109598683,,0.4940870368531286,0,0.5,0.9016941659010603,1.0938496451106379,False,239,60
olaparib,lineage,3,ACH-000108,pancreas,0.9758964147873381,1.0772942848469427,0.8413387587340171,1.3132498109598683,,0.4940870368531286,0,0.5,0.9016941659010603,1.0938496451106379,False,239,60
olaparib,lineage,3,ACH-000819,cns/brain,1.182637854240102,0.9923036126540572,0.7563480865411316,1.2282591387669828,0.0,0.4981914966740963,0,0.5,0.9016941659010603,1.0938496451106379,False,239,60
olaparib,lineage,3,ACH-000758,esophagus/stomach,1.072385270144974,1.0201140173937846,0.784158491280859,1.2560695435067102,,0.49706652344561164,0,0.5,0.9016941659010603,1.0938496451106379,False,239,60
olaparib,lineage,3,ACH-000901,lung,1.15557261442781,1.0016588985087043,0.7657033723957787,1.2376144246216298,0.0,0.4990087596076486,0,0.5,0.9016941659010603,1.0938496451106379,False,239,60
olaparib,lineage,3,ACH-000836,head and neck,1.0706610279555746,0.9854107996938971,0.7494552735809715,1.2213663258068226,,0.501470855724217,1,0.5,0.9016941659010603,1.0938496451106379,False,239,60
olaparib,lineage,3,ACH-000834,bladder/urinary tract,0.7903638917587525,0.9850335727053312,0.7490780465924056,1.2209890988182568,1.0,0.49847344596008947,0,0.5,0.9016941659010603,1.0938496451106379,False,239,60
olaparib,lineage,3,ACH-000022,pancreas,1.0569774674617651,1.0772942848469427,0.8413387587340171,1.3132498109598683,,0.4940870368531286,0,0.5,0.9016941659010603,1.0938496451106379,False,239,60
olaparib,lineage,3,ACH-000374,breast,1.1314456045483592,0.9725082414458383,0.7365527153329127,1.2084637675587637,0.0,0.5017833092183431,1,0.5,0.9016941659010603,1.0938496451106379,False,239,60
olaparib,lineage,3,ACH-000713,ovary/fallopian tube,0.9012577489902075,0.9941003810203479,0.7581448549074223,1.2300559071332735,1.0,0.5000472731426394,1,0.5,0.9016941659010603,1.0938496451106379,False,239,60
olaparib,lineage,3,ACH-000273,cns/brain,0.8703313078417505,0.9923036126540572,0.7563480865411316,1.2282591387669828,1.0,0.4981914966740963,0,0.5,0.9016941659010603,1.0938496451106379,False,239,60
olaparib,lineage,3,ACH-000674,esophagus/stomach,0.8402512595833357,1.0201140173937846,0.784158491280859,1.2560695435067102,1.0,0.49706652344561164,0,0.5,0.9016941659010603,1.0938496451106379,False,239,60
olaparib,lineage,3,ACH-000479,cns/brain,0.9971214235647227,0.9923036126540572,0.7563480865411316,1.2282591387669828,,0.4981914966740963,0,0.5,0.9016941659010603,1.0938496451106379,False,239,60
olaparib,lineage,3,ACH-000118,pancreas,0.8942440392141342,1.0772942848469427,0.8413387587340171,1.3132498109598683,1.0,0.4940870368531286,0,0.5,0.9016941659010603,1.0938496451106379,False,239,60
olaparib,lineage,3,ACH-000389,cns/brain,0.8152605934542552,0.9923036126540572,0.7563480865411316,1.2282591387669828,1.0,0.4981914966740963,0,0.5,0.9016941659010603,1.0938496451106379,False,239,60
olaparib,lineage,3,ACH-000756,cns/brain,0.7270765600742419,0.9923036126540572,0.7563480865411316,1.2282591387669828,1.0,0.4981914966740963,0,0.5,0.9016941659010603,1.0938496451106379,False,239,60
olaparib,lineage,3,ACH-000956,prostate,1.182688846076685,0.9743465293252263,0.7383910032123007,1.2103020554381518,0.0,0.5008001768804019,1,0.5,0.9016941659010603,1.0938496451106379,False,239,60
olaparib,lineage,3,ACH-000652,pancreas,1.0,1.0772942848469427,0.8413387587340171,1.3132498109598683,,0.4940870368531286,0,0.5,0.9016941659010603,1.0938496451106379,False,239,60
olaparib,lineage,3,ACH-000753,bladder/urinary tract,1.100669791690175,0.9850335727053312,0.7490780465924056,1.2209890988182568,0.0,0.49847344596008947,0,0.5,0.9016941659010603,1.0938496451106379,False,239,60
olaparib,lineage,3,ACH-000018,bladder/urinary tract,0.9750306090059782,0.9850335727053312,0.7490780465924056,1.2209890988182568,,0.49847344596008947,0,0.5,0.9016941659010603,1.0938496451106379,False,239,60
olaparib,lineage,3,ACH-000669,lung,0.8898277716107497,1.0016588985087043,0.7657033723957787,1.2376144246216298,1.0,0.4990087596076486,0,0.5,0.9016941659010603,1.0938496451106379,False,239,60
olaparib,lineage,3,ACH-000628,lung,0.9101060097183432,1.0016588985087043,0.7657033723957787,1.2376144246216298,,0.4990087596076486,0,0.5,0.9016941659010603,1.0938496451106379,False,239,60
olaparib,lineage,3,ACH-000649,kidney,1.130339665909065,1.01292280666907,0.7769672805561445,1.2488783327819957,0.0,0.49653641346576216,0,0.5,0.9016941659010603,1.0938496451106379,False,239,60
olaparib,lineage,3,ACH-000086,pleura,0.929745508466312,1.035239025600256,0.7992834994873304,1.2711945517131815,,0.5004492320702952,1,0.5,0.9016941659010603,1.0938496451106379,False,239,60
olaparib,lineage,3,ACH-000142,bladder/urinary tract,0.9123678529838104,0.9850335727053312,0.7490780465924056,1.2209890988182568,,0.49847344596008947,0,0.5,0.9016941659010603,1.0938496451106379,False,239,60
olaparib,lineage,3,ACH-000667,lung,1.0452641075763767,1.0016588985087043,0.7657033723957787,1.2376144246216298,,0.4990087596076486,0,0.5,0.9016941659010603,1.0938496451106379,False,239,60
olaparib,lineage,3,ACH-000524,ovary/fallopian tube,0.9598574054537186,0.9941003810203479,0.7581448549074223,1.2300559071332735,,0.5000472731426394,1,0.5,0.9016941659010603,1.0938496451106379,False,239,60
olaparib,lineage,3,ACH-000433,kidney,0.8337536398572695,1.01292280666907,0.7769672805561445,1.2488783327819957,1.0,0.49653641346576216,0,0.5,0.9016941659010603,1.0938496451106379,False,239,60
olaparib,lineage,3,ACH-000839,bladder/urinary tract,1.0593950597707733,0.9850335727053312,0.7490780465924056,1.2209890988182568,,0.49847344596008947,0,0.5,0.9016941659010603,1.0938496451106379,False,239,60
olaparib,lineage,3,ACH-000302,uterus,1.217089063654245,0.9717283129903096,0.735772786877384,1.2076838391032352,0.0,0.5037857002243173,1,0.5,0.9016941659010603,1.0938496451106379,False,239,60
olaparib,lineage,3,ACH-000766,lung,1.0579665857403064,1.0016588985087043,0.7657033723957787,1.2376144246216298,,0.4990087596076486,0,0.5,0.9016941659010603,1.0938496451106379,False,239,60
olaparib,lineage,3,ACH-000082,bone,1.0837036025126952,0.892399474410243,0.6564439482973174,1.1283550005231686,,0.5078163787720117,1,0.5,0.9016941659010603,1.0938496451106379,False,239,60
olaparib,lineage,3,ACH-000647,esophagus/stomach,0.9643303101053018,1.0201140173937846,0.784158491280859,1.2560695435067102,,0.49706652344561164,0,0.5,0.9016941659010603,1.0938496451106379,False,239,60
olaparib,lineage,3,ACH-000835,soft tissue,0.8904358030339835,0.9500628563386349,0.7141073302257093,1.1860183824515604,1.0,0.5047632915847126,1,0.5,0.9016941659010603,1.0938496451106379,False,239,60
olaparib,lineage,3,ACH-000915,skin,1.114525900034266,1.006851521555223,0.7708959954422974,1.2428070476681485,0.0,0.4958829931107353,0,0.5,0.9016941659010603,1.0938496451106379,False,239,60
olaparib,lineage,3,ACH-000395,lung,1.09507131217292,1.0016588985087043,0.7657033723957787,1.2376144246216298,0.0,0.4990087596076486,0,0.5,0.9016941659010603,1.0938496451106379,False,239,60
olaparib,lineage,3,ACH-000292,lung,0.905591642242456,1.0016588985087043,0.7657033723957787,1.2376144246216298,,0.4990087596076486,0,0.5,0.9016941659010603,1.0938496451106379,False,239,60
olaparib,lineage,3,ACH-000445,cns/brain,0.9139001370542134,0.9923036126540572,0.7563480865411316,1.2282591387669828,,0.4981914966740963,0,0.5,0.9016941659010603,1.0938496451106379,False,239,60
olaparib,lineage,3,ACH-000463,lung,0.8792591547344102,1.0016588985087043,0.7657033723957787,1.2376144246216298,1.0,0.4990087596076486,0,0.5,0.9016941659010603,1.0938496451106379,False,239,60
olaparib,lineage,3,ACH-000147,breast,1.0398063503369999,0.9725082414458383,0.7365527153329127,1.2084637675587637,,0.5017833092183431,1,0.5,0.9016941659010603,1.0938496451106379,False,239,60
olaparib,lineage,3,ACH-000651,bowel,0.8506042641949583,0.9746291482966654,0.7386736221837398,1.210584674409591,1.0,0.5031219747509292,1,0.5,0.9016941659010603,1.0938496451106379,False,239,60
olaparib,lineage,3,ACH-000477,skin,1.234416479009695,1.006851521555223,0.7708959954422974,1.2428070476681485,0.0,0.4958829931107353,0,0.5,0.9016941659010603,1.0938496451106379,False,239,60
olaparib,lineage,3,ACH-000356,esophagus/stomach,0.8238595272016414,1.0201140173937846,0.784158491280859,1.2560695435067102,1.0,0.49706652344561164,0,0.5,0.9016941659010603,1.0938496451106379,False,239,60
olaparib,lineage,3,ACH-000452,esophagus/stomach,1.039355523700884,1.0201140173937846,0.784158491280859,1.2560695435067102,,0.49706652344561164,0,0.5,0.9016941659010603,1.0938496451106379,False,239,60
olaparib,lineage,3,ACH-000335,pleura,0.8886580976965033,1.035239025600256,0.7992834994873304,1.2711945517131815,1.0,0.5004492320702952,1,0.5,0.9016941659010603,1.0938496451106379,False,239,60
olaparib,lineage,3,ACH-000207,head and neck,0.9738181063755776,0.9854107996938971,0.7494552735809715,1.2213663258068226,,0.501470855724217,1,0.5,0.9016941659010603,1.0938496451106379,False,239,60
olaparib,lineage,3,ACH-000468,pancreas,1.1056603446719,1.0772942848469427,0.8413387587340171,1.3132498109598683,0.0,0.4940870368531286,0,0.5,0.9016941659010603,1.0938496451106379,False,239,60
olaparib,lineage,3,ACH-000456,thyroid,1.10823289030348,0.9780738504490657,0.7421183243361401,1.2140293765619914,0.0,0.5041634395009817,1,0.5,0.9016941659010603,1.0938496451106379,False,239,60
olaparib,lineage,3,ACH-000827,skin,1.080089908251769,1.006851521555223,0.7708959954422974,1.2428070476681485,,0.4958829931107353,0,0.5,0.9016941659010603,1.0938496451106379,False,239,60
olaparib,lineage,3,ACH-000174,thyroid,1.0252463292154013,0.9780738504490657,0.7421183243361401,1.2140293765619914,,0.5041634395009817,1,0.5,0.9016941659010603,1.0938496451106379,False,239,60
olaparib,lineage,3,ACH-000682,head and neck,0.8524319413091512,0.9854107996938971,0.7494552735809715,1.2213663258068226,1.0,0.501470855724217,1,0.5,0.9016941659010603,1.0938496451106379,False,239,60
olaparib,lineage,3,ACH-000212,breast,0.9683364584839453,0.9725082414458383,0.7365527153329127,1.2084637675587637,,0.5017833092183431,1,0.5,0.9016941659010603,1.0938496451106379,False,239,60
olaparib,lineage,3,ACH-000582,skin,0.9571004532800651,1.006851521555223,0.7708959954422974,1.2428070476681485,,0.4958829931107353,0,0.5,0.9016941659010603,1.0938496451106379,False,239,60
olaparib,lineage,3,ACH-000023,pancreas,0.9577714221831738,1.0772942848469427,0.8413387587340171,1.3132498109598683,,0.4940870368531286,0,0.5,0.9016941659010603,1.0938496451106379,False,239,60
olaparib,lineage,3,ACH-000595,cns/brain,1.24727642745928,0.9923036126540572,0.7563480865411316,1.2282591387669828,0.0,0.4981914966740963,0,0.5,0.9016941659010603,1.0938496451106379,False,239,60
olaparib,lineage,3,ACH-000169,soft tissue,0.956765759819813,0.9500628563386349,0.7141073302257093,1.1860183824515604,,0.5047632915847126,1,0.5,0.9016941659010603,1.0938496451106379,False,239,60
olaparib,lineage,3,ACH-000967,bowel,1.164104943549325,0.9746291482966654,0.7386736221837398,1.210584674409591,0.0,0.5031219747509292,1,0.5,0.9016941659010603,1.0938496451106379,False,239,60
olaparib,lineage,3,ACH-000701,ovary/fallopian tube,0.955537116415377,0.9941003810203479,0.7581448549074223,1.2300559071332735,,0.5000472731426394,1,0.5,0.9016941659010603,1.0938496451106379,False,239,60
olaparib,lineage,3,ACH-001075,lung,0.8924158941276171,1.0016588985087043,0.7657033723957787,1.2376144246216298,1.0,0.4990087596076486,0,0.5,0.9016941659010603,1.0938496451106379,False,239,60
olaparib,lineage,3,ACH-000996,uterus,1.1095832631477651,0.9717283129903096,0.735772786877384,1.2076838391032352,0.0,0.5037857002243173,1,0.5,0.9016941659010603,1.0938496451106379,False,239,60
olaparib,lineage,3,ACH-001128,soft tissue,0.687168866751509,0.9500628563386349,0.7141073302257093,1.1860183824515604,1.0,0.5047632915847126,1,0.5,0.9016941659010603,1.0938496451106379,False,239,60
olaparib,elastic_net,3,ACH-000351,esophagus/stomach,1.0,1.0423800884412675,0.8478316910883649,1.23692848579417,,0.4248520680023628,0,0.5,0.9016941659010603,1.0938496451106379,False,239,60
olaparib,elastic_net,3,ACH-000421,bowel,1.0818270506310301,1.0221352518369904,0.8275868544840878,1.2166836491898931,,0.5805965088543049,1,0.5,0.9016941659010603,1.0938496451106379,False,239,60
olaparib,elastic_net,3,ACH-000123,ovary/fallopian tube,0.7989751103999654,0.9354069306597266,0.7408585333068239,1.1299553280126293,1.0,0.567231807399169,1,0.5,0.9016941659010603,1.0938496451106379,False,239,60
olaparib,elastic_net,3,ACH-000376,cns/brain,0.921774404119427,0.9853031931204096,0.790754795767507,1.1798515904733122,,0.4862326056007057,0,0.5,0.9016941659010603,1.0938496451106379,False,239,60
olaparib,elastic_net,3,ACH-000322,skin,0.9390554535738935,0.9905726986545075,0.7960243013016048,1.1851210960074101,,0.4575307743007048,0,0.5,0.9016941659010603,1.0938496451106379,False,239,60
olaparib,elastic_net,3,ACH-000223,breast,1.0982300106422187,0.9459830119938971,0.7514346146409945,1.1405314093467998,0.0,0.5800627352749393,1,0.5,0.9016941659010603,1.0938496451106379,False,239,60
olaparib,elastic_net,3,ACH-000098,cns/brain,1.0040854186074148,0.9856654807779147,0.7911170834250121,1.1802138781308174,,0.426616892675958,0,0.5,0.9016941659010603,1.0938496451106379,False,239,60
olaparib,elastic_net,3,ACH-000544,esophagus/stomach,1.1265791689679638,0.9644629539159046,0.769914556563002,1.1590113512688074,0.0,0.5196005703373148,1,0.5,0.9016941659010603,1.0938496451106379,False,239,60
olaparib,elastic_net,3,ACH-000749,lung,0.7833229055584023,0.9102505760531296,0.715702178700227,1.1047989734060324,1.0,0.5851898992483469,1,0.5,0.9016941659010603,1.0938496451106379,False,239,60
olaparib,elastic_net,3,ACH-000429,kidney,1.230458248827928,0.9976696090460605,0.8031212116931579,1.1922180063989631,0.0,0.3768530173810661,0,0.5,0.9016941659010603,1.0938496451106379,False,239,60
olaparib,elastic_net,3,ACH-000012,lung,0.937080802228058,1.0324887180720066,0.837940320719104,1.2270371154249093,,0.5438188353055698,1,0.5,0.9016941659010603,1.0938496451106379,False,239,60
olaparib,elastic_net,3,ACH-000945,lung,0.9588084376238524,0.9331080568872897,0.7385596595343871,1.1276564542401923,,0.42793926777293606,0,0.5,0.9016941659010603,1.0938496451106379,False,239,60
olaparib,elastic_net,3,ACH-000324,ovary/fallopian tube,1.103890422667268,1.0395715459615653,0.8450231486086627,1.234119943314468,0.0,0.3558176051437593,0,0.5,0.9016941659010603,1.0938496451106379,False,239,60
olaparib,elastic_net,3,ACH-000842,bowel,1.0474236553930478,1.0482131232777636,0.853664725924861,1.2427615206306664,,0.5257714810768906,1,0.5,0.9016941659010603,1.0938496451106379,False,239,60
olaparib,elastic_net,3,ACH-000517,pancreas,1.0308508196007722,1.0210012130985924,0.8264528157456897,1.215549610451495,,0.5315723968772859,1,0.5,0.9016941659010603,1.0938496451106379,False,239,60
olaparib,elastic_net,3,ACH-000108,pancreas,0.9758964147873381,0.9933052110838875,0.7987568137309848,1.18785360843679,,0.39490206971752556,0,0.5,0.9016941659010603,1.0938496451106379,False,239,60
olaparib,elastic_net,3,ACH-000819,cns/brain,1.182637854240102,0.9829598135744704,0.7884114162215677,1.177508210927373,0.0,0.5541727181457292,1,0.5,0.9016941659010603,1.0938496451106379,False,239,60
olaparib,elastic_net,3,ACH-000758,esophagus/stomach,1.072385270144974,0.9780519630404912,0.7835035656875886,1.1726003603933939,,0.5684111867564972,1,0.5,0.9016941659010603,1.0938496451106379,False,239,60
olaparib,elastic_net,3,ACH-000901,lung,1.15557261442781,0.9533039539938436,0.758755556640941,1.1478523513467462,0.0,0.5695711260566504,1,0.5,0.9016941659010603,1.0938496451106379,False,239,60
olaparib,elastic_net,3,ACH-000836,head and neck,1.0706610279555746,0.976919977304575,0.7823715799516724,1.1714683746574777,,0.5793242303547389,1,0.5,0.9016941659010603,1.0938496451106379,False,239,60
olaparib,elastic_net,3,ACH-000834,bladder/urinary tract,0.7903638917587525,0.9924527738150029,0.7979043764621002,1.1870011711679056,1.0,0.4156918268404278,0,0.5,0.9016941659010603,1.0938496451106379,False,239,60
olaparib,elastic_net,3,ACH-000022,pancreas,1.0569774674617651,1.0265431752486875,0.8319947778957849,1.22109157260159,,0.4368876387634999,0,0.5,0.9016941659010603,1.0938496451106379,False,239,60
olaparib,elastic_net,3,ACH-000374,breast,1.1314456045483592,1.0198363800520398,0.8252879826991372,1.2143847774049426,0.0,0.4255607719424553,0,0.5,0.9016941659010603,1.0938496451106379,False,239,60
olaparib,elastic_net,3,ACH-000713,ovary/fallopian tube,0.9012577489902075,0.9690959110659669,0.7745475137130643,1.1636443084188697,1.0,0.5398599635772443,1,0.5,0.9016941659010603,1.0938496451106379,False,239,60
olaparib,elastic_net,3,ACH-000273,cns/brain,0.8703313078417505,0.9586617687950069,0.7641133714421042,1.1532101661479095,1.0,0.5484545186486043,1,0.5,0.9016941659010603,1.0938496451106379,False,239,60
olaparib,elastic_net,3,ACH-000674,esophagus/stomach,0.8402512595833357,1.0697009476557087,0.875152550302806,1.2642493450086114,1.0,0.36269123362220956,0,0.5,0.9016941659010603,1.0938496451106379,False,239,60
olaparib,elastic_net,3,ACH-000479,cns/brain,0.9971214235647227,1.0032526816785194,0.8087042843256168,1.197801079031422,,0.5839353589281546,1,0.5,0.9016941659010603,1.0938496451106379,False,239,60
olaparib,elastic_net,3,ACH-000118,pancreas,0.8942440392141342,1.0756460234592007,0.881097626106298,1.2701944208121034,1.0,0.5143228948533096,1,0.5,0.9016941659010603,1.0938496451106379,False,239,60
olaparib,elastic_net,3,ACH-000389,cns/brain,0.8152605934542552,0.9376846833199596,0.7431362859670569,1.1322330806728622,1.0,0.5833404420780383,1,0.5,0.9016941659010603,1.0938496451106379,False,239,60
olaparib,elastic_net,3,ACH-000756,cns/brain,0.7270765600742419,0.9742107111719643,0.7796623138190617,1.168759108524867,1.0,0.49214796697006824,0,0.5,0.9016941659010603,1.0938496451106379,False,239,60
olaparib,elastic_net,3,ACH-000956,prostate,1.182688846076685,0.9425012886092959,0.7479528912563933,1.1370496859621986,0.0,0.5409688059038151,1,0.5,0.9016941659010603,1.0938496451106379,False,239,60
olaparib,elastic_net,3,ACH-000652,pancreas,1.0,0.9832950845832283,0.7887466872303257,1.177843481936131,,0.3877815777184703,0,0.5,0.9016941659010603,1.0938496451106379,False,239,60
olaparib,elastic_net,3,ACH-000753,bladder/urinary tract,1.100669791690175,0.9636173796641583,0.7690689823112556,1.1581657770170608,0.0,0.37285038498407874,0,0.5,0.9016941659010603,1.0938496451106379,False,239,60
olaparib,elastic_net,3,ACH-000018,bladder/urinary tract,0.9750306090059782,0.9960529567392565,0.8015045593863539,1.1906013540921592,,0.3934273892779079,0,0.5,0.9016941659010603,1.0938496451106379,False,239,60
olaparib,elastic_net,3,ACH-000669,lung,0.8898277716107497,0.989183199962794,0.7946348026098914,1.1837315973156968,1.0,0.4421698958255514,0,0.5,0.9016941659010603,1.0938496451106379,False,239,60
olaparib,elastic_net,3,ACH-000628,lung,0.9101060097183432,0.9730706680089253,0.7785222706560226,1.167619065361828,,0.5041267115482095,1,0.5,0.9016941659010603,1.0938496451106379,False,239,60
olaparib,elastic_net,3,ACH-000649,kidney,1.130339665909065,1.050607826596034,0.8560594292431313,1.2451562239489364,0.0,0.34736046752589994,0,0.5,0.9016941659010603,1.0938496451106379,False,239,60
olaparib,elastic_net,3,ACH-000086,pleura,0.929745508466312,0.9829441641875155,0.7883957668346129,1.1774925615404181,,0.4116194967706521,0,0.5,0.9016941659010603,1.0938496451106379,False,239,60
olaparib,elastic_net,3,ACH-000142,bladder/urinary tract,0.9123678529838104,1.0085942520853979,0.8140458547324952,1.2031426494383006,,0.5144661724061109,1,0.5,0.9016941659010603,1.0938496451106379,False,239,60
olaparib,elastic_net,3,ACH-000667,lung,1.0452641075763767,1.0364811313855682,0.8419327340326656,1.2310295287384707,,0.4116738804546015,0,0.5,0.9016941659010603,1.0938496451106379,False,239,60
olaparib,elastic_net,3,ACH-000524,ovary/fallopian tube,0.9598574054537186,0.9657010156350903,0.7711526182821876,1.160249412987993,,0.48040883804217294,0,0.5,0.9016941659010603,1.0938496451106379,False,239,60
olaparib,elastic_net,3,ACH-000433,kidney,0.8337536398572695,1.055893558209936,0.8613451608570334,1.2504419555628385,1.0,0.34808422168208614,0,0.5,0.9016941659010603,1.0938496451106379,False,239,60
olaparib,elastic_net,3,ACH-000839,bladder/urinary tract,1.0593950597707733,0.9787787567976317,0.7842303594447291,1.1733271541505343,,0.4621296665306036,0,0.5,0.9016941659010603,1.0938496451106379,False,239,60
olaparib,elastic_net,3,ACH-000302,uterus,1.217089063654245,1.0207187283308403,0.8261703309779377,1.2152671256837428,0.0,0.3846189509169983,0,0.5,0.9016941659010603,1.0938496451106379,False,239,60
olaparib,elastic_net,3,ACH-000766,lung,1.0579665857403064,1.031415412790504,0.8368670154376013,1.2259638101434067,,0.546601048630594,1,0.5,0.9016941659010603,1.0938496451106379,False,239,60
olaparib,elastic_net,3,ACH-000082,bone,1.0837036025126952,0.9213489888220926,0.72680059146919,1.1158973861749952,,0.5630324385660355,1,0.5,0.9016941659010603,1.0938496451106379,False,239,60
olaparib,elastic_net,3,ACH-000647,esophagus/stomach,0.9643303101053018,1.0274393708077765,0.8328909734548738,1.221987768160679,,0.3709700822467068,0,0.5,0.9016941659010603,1.0938496451106379,False,239,60
olaparib,elastic_net,3,ACH-000835,soft tissue,0.8904358030339835,0.9432635533798345,0.7487151560269318,1.137811950732737,1.0,0.5462695117633494,1,0.5,0.9016941659010603,1.0938496451106379,False,239,60
olaparib,elastic_net,3,ACH-000915,skin,1.114525900034266,0.9965461487166978,0.8019977513637951,1.1910945460696003,0.0,0.36756191988811,0,0.5,0.9016941659010603,1.0938496451106379,False,239,60
olaparib,elastic_net,3,ACH-000395,lung,1.09507131217292,0.9031919984848866,0.708643601131984,1.0977403958377892,0.0,0.5751205829231555,1,0.5,0.9016941659010603,1.0938496451106379,False,239,60
olaparib,elastic_net,3,ACH-000292,lung,0.905591642242456,0.9186909939220975,0.7241425965691949,1.113239391275,,0.5810349600747194,1,0.5,0.9016941659010603,1.0938496451106379,False,239,60
olaparib,elastic_net,3,ACH-000445,cns/brain,0.9139001370542134,0.9375582108384801,0.7430098134855775,1.1321066081913829,,0.5382975418196096,1,0.5,0.9016941659010603,1.0938496451106379,False,239,60
olaparib,elastic_net,3,ACH-000463,lung,0.8792591547344102,0.9985130223253164,0.8039646249724137,1.193061419678219,1.0,0.5808252892900504,1,0.5,0.9016941659010603,1.0938496451106379,False,239,60
olaparib,elastic_net,3,ACH-000147,breast,1.0398063503369999,0.9515083230017707,0.756959925648868,1.1460567203546734,,0.5495264931773486,1,0.5,0.9016941659010603,1.0938496451106379,False,239,60
olaparib,elastic_net,3,ACH-000651,bowel,0.8506042641949583,1.01067726035276,0.8161288629998574,1.2052256577056628,1.0,0.5781605685372251,1,0.5,0.9016941659010603,1.0938496451106379,False,239,60
olaparib,elastic_net,3,ACH-000477,skin,1.234416479009695,1.0416210395918803,0.8470726422389777,1.2361694369447829,0.0,0.4023180601380358,0,0.5,0.9016941659010603,1.0938496451106379,False,239,60
olaparib,elastic_net,3,ACH-000356,esophagus/stomach,0.8238595272016414,1.0763152220626913,0.8817668247097886,1.2708636194155938,1.0,0.41271374281798656,0,0.5,0.9016941659010603,1.0938496451106379,False,239,60
olaparib,elastic_net,3,ACH-000452,esophagus/stomach,1.039355523700884,0.9613437637132752,0.7667953663603726,1.1558921610661779,,0.5831264275980339,1,0.5,0.9016941659010603,1.0938496451106379,False,239,60
olaparib,elastic_net,3,ACH-000335,pleura,0.8886580976965033,0.9561106785935181,0.7615622812406154,1.1506590759464208,1.0,0.5853175159745285,1,0.5,0.9016941659010603,1.0938496451106379,False,239,60
olaparib,elastic_net,3,ACH-000207,head and neck,0.9738181063755776,0.9976529480722758,0.8031045507193731,1.1922013454251785,,0.49279777338645686,0,0.5,0.9016941659010603,1.0938496451106379,False,239,60
olaparib,elastic_net,3,ACH-000468,pancreas,1.1056603446719,1.0739510572267112,0.8794026598738086,1.2684994545796138,0.0,0.3561085492075521,0,0.5,0.9016941659010603,1.0938496451106379,False,239,60
olaparib,elastic_net,3,ACH-000456,thyroid,1.10823289030348,0.9582279144909143,0.7636795171380116,1.1527763118438168,0.0,0.4696817290159526,0,0.5,0.9016941659010603,1.0938496451106379,False,239,60
olaparib,elastic_net,3,ACH-000827,skin,1.080089908251769,1.0262629847830398,0.8317145874301372,1.2208113821359423,,0.3593666355568578,0,0.5,0.9016941659010603,1.0938496451106379,False,239,60
olaparib,elastic_net,3,ACH-000174,thyroid,1.0252463292154013,0.9348830918476115,0.7403346944947089,1.1294314892005142,,0.5777502688960885,1,0.5,0.9016941659010603,1.0938496451106379,False,239,60
olaparib,elastic_net,3,ACH-000682,head and neck,0.8524319413091512,1.0258281626393702,0.8312797652864675,1.220376559992273,1.0,0.4124541336176952,0,0.5,0.9016941659010603,1.0938496451106379,False,239,60
olaparib,elastic_net,3,ACH-000212,breast,0.9683364584839453,0.9262084394129098,0.7316600420600071,1.1207568367658123,,0.5637376164489701,1,0.5,0.9016941659010603,1.0938496451106379,False,239,60
olaparib,elastic_net,3,ACH-000582,skin,0.9571004532800651,0.9655848926125916,0.771036495259689,1.1601332899654944,,0.38383559087798985,0,0.5,0.9016941659010603,1.0938496451106379,False,239,60
olaparib,elastic_net,3,ACH-000023,pancreas,0.9577714221831738,1.008706553792622,0.8141581564397194,1.2032549511455248,,0.45928541095438763,0,0.5,0.9016941659010603,1.0938496451106379,False,239,60
olaparib,elastic_net,3,ACH-000595,cns/brain,1.24727642745928,0.992558755507478,0.7980103581545753,1.1871071528603805,0.0,0.4802934902537381,0,0.5,0.9016941659010603,1.0938496451106379,False,239,60
olaparib,elastic_net,3,ACH-000169,soft tissue,0.956765759819813,0.90113816601185,0.7065897686589474,1.0956865633647528,,0.5839091533321233,1,0.5,0.9016941659010603,1.0938496451106379,False,239,60
olaparib,elastic_net,3,ACH-000967,bowel,1.164104943549325,1.0379641587751658,0.8434157614222632,1.2325125561280683,0.0,0.513085241518139,1,0.5,0.9016941659010603,1.0938496451106379,False,239,60
olaparib,elastic_net,3,ACH-000701,ovary/fallopian tube,0.955537116415377,1.0199275170743476,0.825379119721445,1.2144759144272501,,0.4144085423763165,0,0.5,0.9016941659010603,1.0938496451106379,False,239,60
olaparib,elastic_net,3,ACH-001075,lung,0.8924158941276171,0.9939031264389305,0.7993547290860279,1.1884515237918332,1.0,0.5789478312211221,1,0.5,0.9016941659010603,1.0938496451106379,False,239,60
olaparib,elastic_net,3,ACH-000996,uterus,1.1095832631477651,0.990188304202583,0.7956399068496803,1.1847367015554857,0.0,0.5396106578342013,1,0.5,0.9016941659010603,1.0938496451106379,False,239,60
olaparib,elastic_net,3,ACH-001128,soft tissue,0.687168866751509,0.9122762193105084,0.7177278219576058,1.106824616663411,1.0,0.5860396800810166,1,0.5,0.9016941659010603,1.0938496451106379,False,239,60
olaparib,xgboost,3,ACH-000351,esophagus/stomach,1.0,1.0243009328842163,0.8251587265724091,1.2234431391960237,,0.49918155882285853,0,0.5,0.9016941659010603,1.0938496451106379,False,239,60
olaparib,xgboost,3,ACH-000421,bowel,1.0818270506310301,1.0429691076278687,0.8438269013160614,1.242111313939676,,0.4745442403333961,0,0.5,0.9016941659010603,1.0938496451106379,False,239,60
olaparib,xgboost,3,ACH-000123,ovary/fallopian tube,0.7989751103999654,0.9880727529525757,0.7889305466407684,1.187214959264383,1.0,0.5078373991628484,1,0.5,0.9016941659010603,1.0938496451106379,False,239,60
olaparib,xgboost,3,ACH-000376,cns/brain,0.921774404119427,0.972714900970459,0.7735726946586517,1.1718571072822663,,0.49868592346534374,0,0.5,0.9016941659010603,1.0938496451106379,False,239,60
olaparib,xgboost,3,ACH-000322,skin,0.9390554535738935,0.9784970283508301,0.7793548220390228,1.1776392346626374,,0.4848337289024848,0,0.5,0.9016941659010603,1.0938496451106379,False,239,60
olaparib,xgboost,3,ACH-000223,breast,1.0982300106422187,0.8852474689483643,0.686105262636557,1.0843896752601716,0.0,0.48991835342081835,0,0.5,0.9016941659010603,1.0938496451106379,False,239,60
olaparib,xgboost,3,ACH-000098,cns/brain,1.0040854186074148,1.0061421394348145,0.8069999331230072,1.2052843457466218,,0.4829765714321984,0,0.5,0.9016941659010603,1.0938496451106379,False,239,60
olaparib,xgboost,3,ACH-000544,esophagus/stomach,1.1265791689679638,0.9536616206169128,0.7545194143051056,1.1528038269287202,0.0,0.4923419328683921,0,0.5,0.9016941659010603,1.0938496451106379,False,239,60
olaparib,xgboost,3,ACH-000749,lung,0.7833229055584023,0.9393188953399658,0.7401766890281586,1.1384611016517732,1.0,0.5377375825126555,1,0.5,0.9016941659010603,1.0938496451106379,False,239,60
olaparib,xgboost,3,ACH-000429,kidney,1.230458248827928,1.0325831174850464,0.8334409111732392,1.2317253237968537,0.0,0.4616796302219374,0,0.5,0.9016941659010603,1.0938496451106379,False,239,60
olaparib,xgboost,3,ACH-000012,lung,0.937080802228058,1.0335886478424072,0.8344464415306,1.2327308541542146,,0.48716868475308733,0,0.5,0.9016941659010603,1.0938496451106379,False,239,60
olaparib,xgboost,3,ACH-000945,lung,0.9588084376238524,0.9399152398109436,0.7407730334991364,1.139057446122751,,0.5191913571233361,1,0.5,0.9016941659010603,1.0938496451106379,False,239,60
olaparib,xgboost,3,ACH-000324,ovary/fallopian tube,1.103890422667268,1.0259594917297363,0.8268172854179291,1.2251016980415437,0.0,0.4693822308333379,0,0.5,0.9016941659010603,1.0938496451106379,False,239,60
olaparib,xgboost,3,ACH-000842,bowel,1.0474236553930478,1.0150803327560425,0.8159381264442352,1.2142225390678498,,0.4904233362544705,0,0.5,0.9016941659010603,1.0938496451106379,False,239,60
olaparib,xgboost,3,ACH-000517,pancreas,1.0308508196007722,1.0329166650772095,0.8337744587654022,1.2320588713890168,,0.47449566051221526,0,0.5,0.9016941659010603,1.0938496451106379,False,239,60
olaparib,xgboost,3,ACH-000108,pancreas,0.9758964147873381,1.1110960245132446,0.9119538182014374,1.310238230825052,,0.4613066096138296,0,0.5,0.9016941659010603,1.0938496451106379,False,239,60
olaparib,xgboost,3,ACH-000819,cns/brain,1.182637854240102,0.9951238036155701,0.7959815973037628,1.1942660099273774,0.0,0.5209444505996674,1,0.5,0.9016941659010603,1.0938496451106379,False,239,60
olaparib,xgboost,3,ACH-000758,esophagus/stomach,1.072385270144974,0.945015549659729,0.7458733433479218,1.1441577559715363,,0.5131668366894669,1,0.5,0.9016941659010603,1.0938496451106379,False,239,60
olaparib,xgboost,3,ACH-000901,lung,1.15557261442781,0.9191921353340149,0.7200499290222077,1.1183343416458222,0.0,0.520213165211248,1,0.5,0.9016941659010603,1.0938496451106379,False,239,60
olaparib,xgboost,3,ACH-000836,head and neck,1.0706610279555746,0.9759914875030518,0.7768492811912445,1.175133693814859,,0.5044890506873526,1,0.5,0.9016941659010603,1.0938496451106379,False,239,60
olaparib,xgboost,3,ACH-000834,bladder/urinary tract,0.7903638917587525,1.0307499170303345,0.8316077107185272,1.2298921233421418,1.0,0.45412938659049384,0,0.5,0.9016941659010603,1.0938496451106379,False,239,60
olaparib,xgboost,3,ACH-000022,pancreas,1.0569774674617651,1.0457615852355957,0.8466193789237885,1.244903791547403,,0.44886507372364426,0,0.5,0.9016941659010603,1.0938496451106379,False,239,60
olaparib,xgboost,3,ACH-000374,breast,1.1314456045483592,1.0155478715896606,0.8164056652778534,1.214690077901468,0.0,0.4663026702134023,0,0.5,0.9016941659010603,1.0938496451106379,False,239,60
olaparib,xgboost,3,ACH-000713,ovary/fallopian tube,0.9012577489902075,0.9497475028038025,0.7506052964919953,1.1488897091156098,1.0,0.48761472142939727,0,0.5,0.9016941659010603,1.0938496451106379,False,239,60
olaparib,xgboost,3,ACH-000273,cns/brain,0.8703313078417505,0.9089117050170898,0.7097694987052826,1.1080539113288972,1.0,0.5142328096947137,1,0.5,0.9016941659010603,1.0938496451106379,False,239,60
olaparib,xgboost,3,ACH-000674,esophagus/stomach,0.8402512595833357,1.0993915796279907,0.9002493733161835,1.298533785939798,1.0,0.467386794898524,0,0.5,0.9016941659010603,1.0938496451106379,False,239,60
olaparib,xgboost,3,ACH-000479,cns/brain,0.9971214235647227,0.9928532838821411,0.7937110775703339,1.1919954901939485,,0.4936269102541246,0,0.5,0.9016941659010603,1.0938496451106379,False,239,60
olaparib,xgboost,3,ACH-000118,pancreas,0.8942440392141342,0.9912773370742798,0.7921351307624726,1.1904195433860871,1.0,0.500141871787021,1,0.5,0.9016941659010603,1.0938496451106379,False,239,60
olaparib,xgboost,3,ACH-000389,cns/brain,0.8152605934542552,0.9364179968833923,0.7372757905715851,1.1355602031951997,1.0,0.4955571056585456,0,0.5,0.9016941659010603,1.0938496451106379,False,239,60
olaparib,xgboost,3,ACH-000756,cns/brain,0.7270765600742419,0.9579050540924072,0.7587628477806,1.1570472604042146,1.0,0.5382221389145572,1,0.5,0.9016941659010603,1.0938496451106379,False,239,60
olaparib,xgboost,3,ACH-000956,prostate,1.182688846076685,1.0265837907791138,0.8274415844673065,1.2257259970909211,0.0,0.4867083622156661,0,0.5,0.9016941659010603,1.0938496451106379,False,239,60
olaparib,xgboost,3,ACH-000652,pancreas,1.0,1.055051326751709,0.8559091204399017,1.2541935330635163,,0.4763462795769162,0,0.5,0.9016941659010603,1.0938496451106379,False,239,60
olaparib,xgboost,3,ACH-000753,bladder/urinary tract,1.100669791690175,0.9518750309944153,0.752732824682608,1.1510172373062226,0.0,0.5296967737019082,1,0.5,0.9016941659010603,1.0938496451106379,False,239,60
olaparib,xgboost,3,ACH-000018,bladder/urinary tract,0.9750306090059782,0.9823409914970398,0.7831987851852326,1.1814831978088471,,0.4997873060672173,0,0.5,0.9016941659010603,1.0938496451106379,False,239,60
olaparib,xgboost,3,ACH-000669,lung,0.8898277716107497,0.9576743841171265,0.7585321778053192,1.1568165904289338,1.0,0.46709942261397414,0,0.5,0.9016941659010603,1.0938496451106379,False,239,60
olaparib,xgboost,3,ACH-000628,lung,0.9101060097183432,0.9702460169792175,0.7711038106674103,1.1693882232910249,,0.4874211774751391,0,0.5,0.9016941659010603,1.0938496451106379,False,239,60
olaparib,xgboost,3,ACH-000649,kidney,1.130339665909065,0.9514074921607971,0.7522652858489899,1.1505496984726045,0.0,0.4760128931599279,0,0.5,0.9016941659010603,1.0938496451106379,False,239,60
olaparib,xgboost,3,ACH-000086,pleura,0.929745508466312,0.980138897895813,0.7809966915840058,1.1792811042076203,,0.5344481865176041,1,0.5,0.9016941659010603,1.0938496451106379,False,239,60
olaparib,xgboost,3,ACH-000142,bladder/urinary tract,0.9123678529838104,0.9969258308410645,0.7977836245292572,1.1960680371528718,,0.49304925635091873,0,0.5,0.9016941659010603,1.0938496451106379,False,239,60
olaparib,xgboost,3,ACH-000667,lung,1.0452641075763767,1.0520280599594116,0.8528858536476044,1.251170266271219,,0.4655151477977305,0,0.5,0.9016941659010603,1.0938496451106379,False,239,60
olaparib,xgboost,3,ACH-000524,ovary/fallopian tube,0.9598574054537186,0.9168465733528137,0.7177043670410065,1.115988779664621,,0.5249500564645893,1,0.5,0.9016941659010603,1.0938496451106379,False,239,60
olaparib,xgboost,3,ACH-000433,kidney,0.8337536398572695,1.066022276878357,0.8668800705665497,1.2651644831901643,1.0,0.4592158011285259,0,0.5,0.9016941659010603,1.0938496451106379,False,239,60
olaparib,xgboost,3,ACH-000839,bladder/urinary tract,1.0593950597707733,0.942315399646759,0.7431731933349518,1.1414576059585664,,0.48142593968305886,0,0.5,0.9016941659010603,1.0938496451106379,False,239,60
olaparib,xgboost,3,ACH-000302,uterus,1.217089063654245,1.0253565311431885,0.8262143248313812,1.2244987374549958,0.0,0.47690099124841323,0,0.5,0.9016941659010603,1.0938496451106379,False,239,60
olaparib,xgboost,3,ACH-000766,lung,1.0579665857403064,1.012810230255127,0.8136680239433197,1.2119524365669343,,0.48612261276355906,0,0.5,0.9016941659010603,1.0938496451106379,False,239,60
olaparib,xgboost,3,ACH-000082,bone,1.0837036025126952,0.9591991901397705,0.7600569838279633,1.1583413964515779,,0.5184052359185303,1,0.5,0.9016941659010603,1.0938496451106379,False,239,60
olaparib,xgboost,3,ACH-000647,esophagus/stomach,0.9643303101053018,1.0099354982376099,0.8107932919258026,1.2090777045494172,,0.4685695660046603,0,0.5,0.9016941659010603,1.0938496451106379,False,239,60
olaparib,xgboost,3,ACH-000835,soft tissue,0.8904358030339835,0.9429811239242554,0.7438389176124481,1.1421233302360627,1.0,0.5234702109329982,1,0.5,0.9016941659010603,1.0938496451106379,False,239,60
olaparib,xgboost,3,ACH-000915,skin,1.114525900034266,0.9545102119445801,0.7553680056327728,1.1536524182563874,0.0,0.462126046799613,0,0.5,0.9016941659010603,1.0938496451106379,False,239,60
olaparib,xgboost,3,ACH-000395,lung,1.09507131217292,0.9225999712944031,0.7234577649825958,1.1217421776062104,0.0,0.5232501967376151,1,0.5,0.9016941659010603,1.0938496451106379,False,239,60
olaparib,xgboost,3,ACH-000292,lung,0.905591642242456,0.8936082124710083,0.6944660061592011,1.0927504187828156,,0.522071013419674,1,0.5,0.9016941659010603,1.0938496451106379,False,239,60
olaparib,xgboost,3,ACH-000445,cns/brain,0.9139001370542134,0.9856889843940735,0.7865467780822663,1.1848311907058808,,0.4875585670481878,0,0.5,0.9016941659010603,1.0938496451106379,False,239,60
olaparib,xgboost,3,ACH-000463,lung,0.8792591547344102,0.9830589294433594,0.7839167231315521,1.1822011357551667,1.0,0.49480866796883366,0,0.5,0.9016941659010603,1.0938496451106379,False,239,60
olaparib,xgboost,3,ACH-000147,breast,1.0398063503369999,1.0298501253128052,0.8307079190009979,1.2289923316246125,,0.4759848024462076,0,0.5,0.9016941659010603,1.0938496451106379,False,239,60
olaparib,xgboost,3,ACH-000651,bowel,0.8506042641949583,0.9773603677749634,0.7782181614631561,1.1765025740867707,1.0,0.48627896612778365,0,0.5,0.9016941659010603,1.0938496451106379,False,239,60
olaparib,xgboost,3,ACH-000477,skin,1.234416479009695,1.0548964738845825,0.8557542675727753,1.2540386801963899,0.0,0.4804001455101408,0,0.5,0.9016941659010603,1.0938496451106379,False,239,60
olaparib,xgboost,3,ACH-000356,esophagus/stomach,0.8238595272016414,1.0740749835968018,0.8749327772849945,1.273217189908609,1.0,0.46865650249163504,0,0.5,0.9016941659010603,1.0938496451106379,False,239,60
olaparib,xgboost,3,ACH-000452,esophagus/stomach,1.039355523700884,0.9428921937942505,0.7437499874824433,1.1420344001060578,,0.530361960371885,1,0.5,0.9016941659010603,1.0938496451106379,False,239,60
olaparib,xgboost,3,ACH-000335,pleura,0.8886580976965033,0.9301788210868835,0.7310366147750763,1.129321027398691,1.0,0.5452715709473559,1,0.5,0.9016941659010603,1.0938496451106379,False,239,60
olaparib,xgboost,3,ACH-000207,head and neck,0.9738181063755776,0.9897429943084717,0.7906007879966644,1.188885200620279,,0.4859259980517284,0,0.5,0.9016941659010603,1.0938496451106379,False,239,60
olaparib,xgboost,3,ACH-000468,pancreas,1.1056603446719,1.080979347229004,0.8818371409171967,1.2801215535408113,0.0,0.451836839470897,0,0.5,0.9016941659010603,1.0938496451106379,False,239,60
olaparib,xgboost,3,ACH-000456,thyroid,1.10823289030348,0.9483082890510559,0.7491660827392487,1.1474504953628633,0.0,0.4957248429606234,0,0.5,0.9016941659010603,1.0938496451106379,False,239,60
olaparib,xgboost,3,ACH-000827,skin,1.080089908251769,1.0159251689910889,0.8167829626792816,1.2150673753028962,,0.4950440740892081,0,0.5,0.9016941659010603,1.0938496451106379,False,239,60
olaparib,xgboost,3,ACH-000174,thyroid,1.0252463292154013,0.9867458939552307,0.7876036876434235,1.185888100267038,,0.5299120577055272,1,0.5,0.9016941659010603,1.0938496451106379,False,239,60
olaparib,xgboost,3,ACH-000682,head and neck,0.8524319413091512,1.0599790811538696,0.8608368748420624,1.259121287465677,1.0,0.4819237862167448,0,0.5,0.9016941659010603,1.0938496451106379,False,239,60
olaparib,xgboost,3,ACH-000212,breast,0.9683364584839453,0.9854714274406433,0.7863292211288361,1.1846136337524507,,0.49655987069063157,0,0.5,0.9016941659010603,1.0938496451106379,False,239,60
olaparib,xgboost,3,ACH-000582,skin,0.9571004532800651,0.9753767251968384,0.7762345188850311,1.1745189315086457,,0.4882567376659662,0,0.5,0.9016941659010603,1.0938496451106379,False,239,60
olaparib,xgboost,3,ACH-000023,pancreas,0.9577714221831738,0.9875349402427673,0.7883927339309601,1.1866771465545747,,0.49387224358042164,0,0.5,0.9016941659010603,1.0938496451106379,False,239,60
olaparib,xgboost,3,ACH-000595,cns/brain,1.24727642745928,1.0204980373382568,0.8213558310264496,1.2196402436500642,0.0,0.45056855072478996,0,0.5,0.9016941659010603,1.0938496451106379,False,239,60
olaparib,xgboost,3,ACH-000169,soft tissue,0.956765759819813,0.8992360830307007,0.7000938767188934,1.098378289342508,,0.5461980080926572,1,0.5,0.9016941659010603,1.0938496451106379,False,239,60
olaparib,xgboost,3,ACH-000967,bowel,1.164104943549325,1.0739421844482422,0.874799978136435,1.2730843907600495,0.0,0.46481192445692976,0,0.5,0.9016941659010603,1.0938496451106379,False,239,60
olaparib,xgboost,3,ACH-000701,ovary/fallopian tube,0.955537116415377,1.0143415927886963,0.815199386476889,1.2134837991005036,,0.47346690590685364,0,0.5,0.9016941659010603,1.0938496451106379,False,239,60
olaparib,xgboost,3,ACH-001075,lung,0.8924158941276171,0.979403018951416,0.7802608126396088,1.1785452252632234,1.0,0.49836156626701966,0,0.5,0.9016941659010603,1.0938496451106379,False,239,60
olaparib,xgboost,3,ACH-000996,uterus,1.1095832631477651,0.9539698958396912,0.7548276895278839,1.1531121021514985,0.0,0.5195073253253862,1,0.5,0.9016941659010603,1.0938496451106379,False,239,60
olaparib,xgboost,3,ACH-001128,soft tissue,0.687168866751509,0.859731912612915,0.6605897063011078,1.0588741189247224,1.0,0.5475955590486612,1,0.5,0.9016941659010603,1.0938496451106379,False,239,60
olaparib,lineage,4,ACH-000570,cns/brain,0.951806660922074,1.002833860699842,0.7950371930695391,1.2106305283301446,,0.5166178052452722,1,0.5,0.9052796318103153,1.0938496451106379,False,239,60
olaparib,lineage,4,ACH-000769,lung,0.9676744356717795,0.9986805078604154,0.7908838402301126,1.2064771754907182,,0.5158246255070225,1,0.5,0.9052796318103153,1.0938496451106379,False,239,60
olaparib,lineage,4,ACH-000313,kidney,0.9061920484919476,1.0528538863177903,0.8450572186874875,1.2606505539480932,,0.5174434162777887,1,0.5,0.9052796318103153,1.0938496451106379,False,239,60
olaparib,lineage,4,ACH-000383,esophagus/stomach,1.1580433086151787,0.9888267181522473,0.7810300505219445,1.1966233857825501,0.0,0.5159117464890052,1,0.5,0.9052796318103153,1.0938496451106379,False,239,60
olaparib,lineage,4,ACH-000880,esophagus/stomach,0.9493122804856851,0.9888267181522473,0.7810300505219445,1.1966233857825501,,0.5159117464890052,1,0.5,0.9052796318103153,1.0938496451106379,False,239,60
olaparib,lineage,4,ACH-000552,bowel,1.155216729761662,1.0025473551854471,0.7947506875551443,1.2103440228157498,0.0,0.5158470759256548,1,0.5,0.9052796318103153,1.0938496451106379,False,239,60
olaparib,lineage,4,ACH-000344,esophagus/stomach,0.9665057041742835,0.9888267181522473,0.7810300505219445,1.1966233857825501,,0.5159117464890052,1,0.5,0.9052796318103153,1.0938496451106379,False,239,60
olaparib,lineage,4,ACH-000632,skin,1.110912740980245,1.0271010097072915,0.8193043420769887,1.2348976773375941,0.0,0.5178454140110141,1,0.5,0.9052796318103153,1.0938496451106379,False,239,60
olaparib,lineage,4,ACH-000332,pancreas,1.031506832698905,1.0502237763987987,0.8424271087684959,1.2580204440291016,,0.5172121609865972,1,0.5,0.9052796318103153,1.0938496451106379,False,239,60
olaparib,lineage,4,ACH-000832,head and neck,0.8887924325465857,1.0218618254969642,0.8140651578666614,1.2296584931272672,1.0,0.5162353593759539,1,0.5,0.9052796318103153,1.0938496451106379,False,239,60
olaparib,lineage,4,ACH-000331,pleura,1.0,1.0048128431915324,0.7970161755612296,1.212609510821835,,0.5161689413302588,1,0.5,0.9052796318103153,1.0938496451106379,False,239,60
olaparib,lineage,4,ACH-000643,breast,1.0284203813014325,1.034668789526579,0.8268721218962761,1.2424654571568818,,0.5178911408811421,1,0.5,0.9052796318103153,1.0938496451106379,False,239,60
olaparib,lineage,4,ACH-000711,breast,0.9440958059558737,1.034668789526579,0.8268721218962761,1.2424654571568818,,0.5178911408811421,1,0.5,0.9052796318103153,1.0938496451106379,False,239,60
olaparib,lineage,4,ACH-000231,cns/brain,0.9567266694648171,1.002833860699842,0.7950371930695391,1.2106305283301446,,0.5166178052452722,1,0.5,0.9052796318103153,1.0938496451106379,False,239,60
olaparib,lineage,4,ACH-000662,lung,1.0174406085786374,0.9986805078604154,0.7908838402301126,1.2064771754907182,,0.5158246255070225,1,0.5,0.9052796318103153,1.0938496451106379,False,239,60
olaparib,lineage,4,ACH-000261,lung,0.9111836500136974,0.9986805078604154,0.7908838402301126,1.2064771754907182,,0.5158246255070225,1,0.5,0.9052796318103153,1.0938496451106379,False,239,60
olaparib,lineage,4,ACH-000997,bowel,1.09663363048162,1.0025473551854471,0.7947506875551443,1.2103440228157498,0.0,0.5158470759256548,1,0.5,0.9052796318103153,1.0938496451106379,False,239,60
olaparib,lineage,4,ACH-000163,head and neck,0.5447815977343814,1.0218618254969642,0.8140651578666614,1.2296584931272672,1.0,0.5162353593759539,1,0.5,0.9052796318103153,1.0938496451106379,False,239,60
olaparib,lineage,4,ACH-000235,pancreas,1.50126445127805,1.0502237763987987,0.8424271087684959,1.2580204440291016,0.0,0.5172121609865972,1,0.5,0.9052796318103153,1.0938496451106379,False,239,60
olaparib,lineage,4,ACH-000924,lung,0.9264979012827138,0.9986805078604154,0.7908838402301126,1.2064771754907182,,0.5158246255070225,1,0.5,0.9052796318103153,1.0938496451106379,False,239,60
olaparib,lineage,4,ACH-000139,pancreas,0.9572660863225912,1.0502237763987987,0.8424271087684959,1.2580204440291016,,0.5172121609865972,1,0.5,0.9052796318103153,1.0938496451106379,False,239,60
olaparib,lineage,4,ACH-000420,liver,0.9683721968885132,0.9766921145249531,0.7688954468946503,1.1844887821552559,,0.5158470759256548,1,0.5,0.9052796318103153,1.0938496451106379,False,239,60
olaparib,lineage,4,ACH-000947,ovary/fallopian tube,0.7581448549074223,0.952710295826609,0.7449136281963062,1.1605069634569118,1.0,0.5152645743101485,1,0.5,0.9052796318103153,1.0938496451106379,False,239,60
olaparib,lineage,4,ACH-000476,liver,1.0667100068824649,0.9766921145249531,0.7688954468946503,1.1844887821552559,,0.5158470759256548,1,0.5,0.9052796318103153,1.0938496451106379,False,239,60
olaparib,lineage,4,ACH-000853,lung,0.989900850597009,0.9986805078604154,0.7908838402301126,1.2064771754907182,,0.5158246255070225,1,0.5,0.9052796318103153,1.0938496451106379,False,239,60
olaparib,lineage,4,ACH-000680,bowel,1.097194633379052,1.0025473551854471,0.7947506875551443,1.2103440228157498,0.0,0.5158470759256548,1,0.5,0.9052796318103153,1.0938496451106379,False,239,60
olaparib,lineage,4,ACH-000132,ovary/fallopian tube,1.086772392335595,0.952710295826609,0.7449136281963062,1.1605069634569118,,0.5152645743101485,1,0.5,0.9052796318103153,1.0938496451106379,False,239,60
olaparib,lineage,4,ACH-000237,ovary/fallopian tube,0.8385855030700398,0.952710295826609,0.7449136281963062,1.1605069634569118,1.0,0.5152645743101485,1,0.5,0.9052796318103153,1.0938496451106379,False,239,60
olaparib,lineage,4,ACH-000359,bone,0.8473632388128642,0.9262181079868632,0.7184214403565604,1.1340147756171661,1.0,0.5141937617894216,1,0.5,0.9052796318103153,1.0938496451106379,False,239,60
olaparib,lineage,4,ACH-000936,ovary/fallopian tube,0.9441755839544972,0.952710295826609,0.7449136281963062,1.1605069634569118,,0.5152645743101485,1,0.5,0.9052796318103153,1.0938496451106379,False,239,60
olaparib,lineage,4,ACH-000724,bladder/urinary tract,1.141539493552284,0.9562196336616928,0.74842296603139,1.1640163012919955,0.0,0.5156084850503468,1,0.5,0.9052796318103153,1.0938496451106379,False,239,60
olaparib,lineage,4,ACH-000210,bone,0.959159909100016,0.9262181079868632,0.7184214403565604,1.1340147756171661,,0.5141937617894216,1,0.5,0.9052796318103153,1.0938496451106379,False,239,60
olaparib,lineage,4,ACH-000605,esophagus/stomach,0.7971346987459167,0.9888267181522473,0.7810300505219445,1.1966233857825501,1.0,0.5159117464890052,1,0.5,0.9052796318103153,1.0938496451106379,False,239,60
olaparib,lineage,4,ACH-000688,ovary/fallopian tube,1.34627446600528,0.952710295826609,0.7449136281963062,1.1605069634569118,0.0,0.5152645743101485,1,0.5,0.9052796318103153,1.0938496451106379,False,239,60
olaparib,lineage,4,ACH-000648,pleura,1.272013964510617,1.0048128431915324,0.7970161755612296,1.212609510821835,0.0,0.5161689413302588,1,0.5,0.9052796318103153,1.0938496451106379,False,239,60
olaparib,lineage,4,ACH-000367,pleura,1.0902929121618024,1.0048128431915324,0.7970161755612296,1.212609510821835,,0.5161689413302588,1,0.5,0.9052796318103153,1.0938496451106379,False,239,60
olaparib,lineage,4,ACH-000099,peripheral nervous system,0.8170775827131196,0.9913124105265867,0.7835157428962839,1.1991090781568894,1.0,0.5153518686637888,1,0.5,0.9052796318103153,1.0938496451106379,False,239,60
olaparib,lineage,4,ACH-000809,esophagus/stomach,0.9712637419593385,0.9888267181522473,0.7810300505219445,1.1966233857825501,,0.5159117464890052,1,0.5,0.9052796318103153,1.0938496451106379,False,239,60
olaparib,lineage,4,ACH-000957,bowel,1.0464732937768009,1.0025473551854471,0.7947506875551443,1.2103440228157498,,0.5158470759256548,1,0.5,0.9052796318103153,1.0938496451106379,False,239,60
olaparib,lineage,4,ACH-000762,head and neck,1.013861294598465,1.0218618254969642,0.8140651578666614,1.2296584931272672,,0.5162353593759539,1,0.5,0.9052796318103153,1.0938496451106379,False,239,60
olaparib,lineage,4,ACH-000592,cns/brain,1.0811805899237246,1.002833860699842,0.7950371930695391,1.2106305283301446,,0.5166178052452722,1,0.5,0.9052796318103153,1.0938496451106379,False,239,60
olaparib,lineage,4,ACH-000768,breast,0.9545623402473088,1.034668789526579,0.8268721218962761,1.2424654571568818,,0.5178911408811421,1,0.5,0.9052796318103153,1.0938496451106379,False,239,60
olaparib,lineage,4,ACH-000411,kidney,0.9623923724397976,1.0528538863177903,0.8450572186874875,1.2606505539480932,,0.5174434162777887,1,0.5,0.9052796318103153,1.0938496451106379,False,239,60
olaparib,lineage,4,ACH-000278,ovary/fallopian tube,0.8739900177460461,0.952710295826609,0.7449136281963062,1.1605069634569118,1.0,0.5152645743101485,1,0.5,0.9052796318103153,1.0938496451106379,False,239,60
olaparib,lineage,4,ACH-000696,ovary/fallopian tube,1.176310002566247,0.952710295826609,0.7449136281963062,1.1605069634569118,0.0,0.5152645743101485,1,0.5,0.9052796318103153,1.0938496451106379,False,239,60
olaparib,lineage,4,ACH-000747,lung,1.139079064748475,0.9986805078604154,0.7908838402301126,1.2064771754907182,0.0,0.5158246255070225,1,0.5,0.9052796318103153,1.0938496451106379,False,239,60
olaparib,lineage,4,ACH-001307,thyroid,0.9347902060711234,1.017440844039245,0.8096441764089423,1.225237511669548,,0.5161689413302588,1,0.5,0.9052796318103153,1.0938496451106379,False,239,60
olaparib,lineage,4,ACH-000734,liver,1.1385585253567336,0.9766921145249531,0.7688954468946503,1.1844887821552559,0.0,0.5158470759256548,1,0.5,0.9052796318103153,1.0938496451106379,False,239,60
olaparib,lineage,4,ACH-000802,bladder/urinary tract,0.8449926780565168,0.9562196336616928,0.74842296603139,1.1640163012919955,1.0,0.5156084850503468,1,0.5,0.9052796318103153,1.0938496451106379,False,239,60
olaparib,lineage,4,ACH-000852,lung,1.1302618205184618,0.9986805078604154,0.7908838402301126,1.2064771754907182,0.0,0.5158246255070225,1,0.5,0.9052796318103153,1.0938496451106379,False,239,60
olaparib,lineage,4,ACH-000979,prostate,1.0174247203555014,1.0410768812794116,0.8332802136491088,1.2488735489097142,,0.5170307937942127,1,0.5,0.9052796318103153,1.0938496451106379,False,239,60
olaparib,lineage,4,ACH-000810,skin,1.109920079585252,1.0271010097072915,0.8193043420769887,1.2348976773375941,0.0,0.5178454140110141,1,0.5,0.9052796318103153,1.0938496451106379,False,239,60
olaparib,lineage,4,ACH-000837,lung,0.993496675225845,0.9986805078604154,0.7908838402301126,1.2064771754907182,,0.5158246255070225,1,0.5,0.9052796318103153,1.0938496451106379,False,239,60
olaparib,lineage,4,ACH-000899,skin,1.0336658127007767,1.0271010097072915,0.8193043420769887,1.2348976773375941,,0.5178454140110141,1,0.5,0.9052796318103153,1.0938496451106379,False,239,60
olaparib,lineage,4,ACH-000133,fibroblast,1.0515088088571467,1.001731693261337,0.7939350256310341,1.2095283608916398,,0.5161689413302588,1,0.5,0.9052796318103153,1.0938496451106379,False,239,60
olaparib,lineage,4,ACH-000473,bladder/urinary tract,1.1021267560791723,0.9562196336616928,0.74842296603139,1.1640163012919955,0.0,0.5156084850503468,1,0.5,0.9052796318103153,1.0938496451106379,False,239,60
olaparib,lineage,4,ACH-000054,soft tissue,0.8354344766043824,0.9153295288348834,0.7075328612045806,1.1231261964651862,1.0,0.5148356971238507,1,0.5,0.9052796318103153,1.0938496451106379,False,239,60
olaparib,lineage,4,ACH-001318,liver,1.046882170120481,0.9766921145249531,0.7688954468946503,1.1844887821552559,,0.5158470759256548,1,0.5,0.9052796318103153,1.0938496451106379,False,239,60
olaparib,lineage,4,ACH-000624,breast,0.88551954049632,1.034668789526579,0.8268721218962761,1.2424654571568818,1.0,0.5178911408811421,1,0.5,0.9052796318103153,1.0938496451106379,False,239,60
olaparib,lineage,4,ACH-000319,pleura,1.3258296549087,1.0048128431915324,0.7970161755612296,1.212609510821835,0.0,0.5161689413302588,1,0.5,0.9052796318103153,1.0938496451106379,False,239,60
olaparib,lineage,4,ACH-000352,breast,1.109121236599616,1.034668789526579,0.8268721218962761,1.2424654571568818,0.0,0.5178911408811421,1,0.5,0.9052796318103153,1.0938496451106379,False,239,60
olaparib,lineage,4,ACH-000416,lung,1.0419395395916897,0.9986805078604154,0.7908838402301126,1.2064771754907182,,0.5158246255070225,1,0.5,0.9052796318103153,1.0938496451106379,False,239,60
olaparib,lineage,4,ACH-000159,kidney,1.0786915827730919,1.0528538863177903,0.8450572186874875,1.2606505539480932,,0.5174434162777887,1,0.5,0.9052796318103153,1.0938496451106379,False,239,60
olaparib,lineage,4,ACH-000622,cns/brain,1.115585185658375,1.002833860699842,0.7950371930695391,1.2106305283301446,0.0,0.5166178052452722,1,0.5,0.9052796318103153,1.0938496451106379,False,239,60
olaparib,lineage,4,ACH-000720,bladder/urinary tract,0.8562375795200251,0.9562196336616928,0.74842296603139,1.1640163012919955,1.0,0.5156084850503468,1,0.5,0.9052796318103153,1.0938496451106379,False,239,60
olaparib,lineage,4,ACH-000940,uterus,1.070810494170706,0.9832124316087153,0.7754157639784125,1.191009099239018,,0.5158470759256548,1,0.5,0.9052796318103153,1.0938496451106379,False,239,60
olaparib,lineage,4,ACH-000311,lung,0.7700578329398661,0.9986805078604154,0.7908838402301126,1.2064771754907182,1.0,0.5158246255070225,1,0.5,0.9052796318103153,1.0938496451106379,False,239,60
olaparib,lineage,4,ACH-000211,cns/brain,0.8601711658876277,1.002833860699842,0.7950371930695391,1.2106305283301446,1.0,0.5166178052452722,1,0.5,0.9052796318103153,1.0938496451106379,False,239,60
olaparib,lineage,4,ACH-000776,cns/brain,0.9524390101495449,1.002833860699842,0.7950371930695391,1.2106305283301446,,0.5166178052452722,1,0.5,0.9052796318103153,1.0938496451106379,False,239,60
olaparib,lineage,4,ACH-000849,breast,0.7874810050469108,1.034668789526579,0.8268721218962761,1.2424654571568818,1.0,0.5178911408811421,1,0.5,0.9052796318103153,1.0938496451106379,False,239,60
olaparib,lineage,4,ACH-000444,lung,0.8100555389636951,0.9986805078604154,0.7908838402301126,1.2064771754907182,1.0,0.5158246255070225,1,0.5,0.9052796318103153,1.0938496451106379,False,239,60
olaparib,lineage,4,ACH-000510,lung,1.1195994464623893,0.9986805078604154,0.7908838402301126,1.2064771754907182,0.0,0.5158246255070225,1,0.5,0.9052796318103153,1.0938496451106379,False,239,60
olaparib,lineage,4,ACH-000959,bowel,0.8966645988477389,1.0025473551854471,0.7947506875551443,1.2103440228157498,1.0,0.5158470759256548,1,0.5,0.9052796318103153,1.0938496451106379,False,239,60
olaparib,lineage,4,ACH-000973,bladder/urinary tract,0.783822414967723,0.9562196336616928,0.74842296603139,1.1640163012919955,1.0,0.5156084850503468,1,0.5,0.9052796318103153,1.0938496451106379,False,239,60
olaparib,lineage,4,ACH-000750,skin,0.8223781871842742,1.0271010097072915,0.8193043420769887,1.2348976773375941,1.0,0.5178454140110141,1,0.5,0.9052796318103153,1.0938496451106379,False,239,60
olaparib,elastic_net,4,ACH-000570,cns/brain,0.951806660922074,0.9533008971231478,0.7506394954487019,1.1559622987975937,,0.5201633928768766,1,0.5,0.9052796318103153,1.0938496451106379,False,239,60
olaparib,elastic_net,4,ACH-000769,lung,0.9676744356717795,0.9665328796865301,0.7638714780120842,1.169194281360976,,0.5232747536890693,1,0.5,0.9052796318103153,1.0938496451106379,False,239,60
olaparib,elastic_net,4,ACH-000313,kidney,0.9061920484919476,1.0120977020927115,0.8094363004182656,1.2147591037671575,,0.5087650870507211,1,0.5,0.9052796318103153,1.0938496451106379,False,239,60
olaparib,elastic_net,4,ACH-000383,esophagus/stomach,1.1580433086151787,1.1098934852844367,0.9072320836099907,1.3125548869588826,0.0,0.5047710814070389,1,0.5,0.9052796318103153,1.0938496451106379,False,239,60
olaparib,elastic_net,4,ACH-000880,esophagus/stomach,0.9493122804856851,0.9363385608605892,0.7336771591861433,1.138999962535035,,0.5271644669173344,1,0.5,0.9052796318103153,1.0938496451106379,False,239,60
olaparib,elastic_net,4,ACH-000552,bowel,1.155216729761662,1.0374541325882418,0.8347927309137959,1.2401155342626877,0.0,0.5229034436278798,1,0.5,0.9052796318103153,1.0938496451106379,False,239,60
olaparib,elastic_net,4,ACH-000344,esophagus/stomach,0.9665057041742835,0.9678563068411536,0.7651949051667077,1.1705177085155996,,0.5252288398938957,1,0.5,0.9052796318103153,1.0938496451106379,False,239,60
olaparib,elastic_net,4,ACH-000632,skin,1.110912740980245,1.0032858205063946,0.8006244188319487,1.2059472221808405,0.0,0.5096331494868355,1,0.5,0.9052796318103153,1.0938496451106379,False,239,60
olaparib,elastic_net,4,ACH-000332,pancreas,1.031506832698905,1.1424235020125182,0.9397621003380723,1.345084903686964,,0.5057812339470182,1,0.5,0.9052796318103153,1.0938496451106379,False,239,60
olaparib,elastic_net,4,ACH-000832,head and neck,0.8887924325465857,1.0210926390038177,0.8184312373293718,1.2237540406782637,1.0,0.5078012596267456,1,0.5,0.9052796318103153,1.0938496451106379,False,239,60
olaparib,elastic_net,4,ACH-000331,pleura,1.0,1.0143198098884798,0.8116584082140339,1.2169812115629257,,0.516403929803454,1,0.5,0.9052796318103153,1.0938496451106379,False,239,60
olaparib,elastic_net,4,ACH-000643,breast,1.0284203813014325,0.9760190592236128,0.7733576575491669,1.1786804608980588,,0.5254848699813333,1,0.5,0.9052796318103153,1.0938496451106379,False,239,60
olaparib,elastic_net,4,ACH-000711,breast,0.9440958059558737,0.9865677882804117,0.7839063866059658,1.1892291899548577,,0.513442040418826,1,0.5,0.9052796318103153,1.0938496451106379,False,239,60
olaparib,elastic_net,4,ACH-000231,cns/brain,0.9567266694648171,0.9638566100038347,0.7611952083293888,1.1665180116782805,,0.5262355471623115,1,0.5,0.9052796318103153,1.0938496451106379,False,239,60
olaparib,elastic_net,4,ACH-000662,lung,1.0174406085786374,0.9470775490489322,0.7444161473744862,1.149738950723378,,0.5263638556935252,1,0.5,0.9052796318103153,1.0938496451106379,False,239,60
olaparib,elastic_net,4,ACH-000261,lung,0.9111836500136974,1.0108869964672293,0.8082255947927834,1.2135483981416753,,0.5075448929844069,1,0.5,0.9052796318103153,1.0938496451106379,False,239,60
olaparib,elastic_net,4,ACH-000997,bowel,1.09663363048162,0.9476071482679151,0.7449457465934692,1.150268549942361,0.0,0.525449401960401,1,0.5,0.9052796318103153,1.0938496451106379,False,239,60
olaparib,elastic_net,4,ACH-000163,head and neck,0.5447815977343814,0.9805452696719054,0.7778838679974595,1.1832066713463512,1.0,0.5126644586682605,1,0.5,0.9052796318103153,1.0938496451106379,False,239,60
olaparib,elastic_net,4,ACH-000235,pancreas,1.50126445127805,1.0181624977133932,0.8155010960389473,1.220823899387839,0.0,0.5160736934039424,1,0.5,0.9052796318103153,1.0938496451106379,False,239,60
olaparib,elastic_net,4,ACH-000924,lung,0.9264979012827138,1.0304807550775787,0.8278193534031328,1.2331421567520247,,0.5139940708153278,1,0.5,0.9052796318103153,1.0938496451106379,False,239,60
olaparib,elastic_net,4,ACH-000139,pancreas,0.9572660863225912,1.0089985185350698,0.8063371168606239,1.2116599202095157,,0.5254167194116027,1,0.5,0.9052796318103153,1.0938496451106379,False,239,60
olaparib,elastic_net,4,ACH-000420,liver,0.9683721968885132,1.0221120718386656,0.8194506701642197,1.2247734735131115,,0.5070332600733787,1,0.5,0.9052796318103153,1.0938496451106379,False,239,60
olaparib,elastic_net,4,ACH-000947,ovary/fallopian tube,0.7581448549074223,0.9329805381333179,0.730319136458872,1.1356419398077637,1.0,0.5238641034246571,1,0.5,0.9052796318103153,1.0938496451106379,False,239,60
olaparib,elastic_net,4,ACH-000476,liver,1.0667100068824649,1.0593876867974585,0.8567262851230126,1.2620490884719044,,0.5048105195067328,1,0.5,0.9052796318103153,1.0938496451106379,False,239,60
olaparib,elastic_net,4,ACH-000853,lung,0.989900850597009,1.016859867191854,0.8141984655174082,1.2195212688663,,0.5091469741269695,1,0.5,0.9052796318103153,1.0938496451106379,False,239,60
olaparib,elastic_net,4,ACH-000680,bowel,1.097194633379052,0.9569536159953085,0.7542922143208626,1.1596150176697544,0.0,0.5242664420035408,1,0.5,0.9052796318103153,1.0938496451106379,False,239,60
olaparib,elastic_net,4,ACH-000132,ovary/fallopian tube,1.086772392335595,1.0083876593255179,0.805726257651072,1.2110490609999638,,0.5129302570082717,1,0.5,0.9052796318103153,1.0938496451106379,False,239,60
olaparib,elastic_net,4,ACH-000237,ovary/fallopian tube,0.8385855030700398,0.9970921334613186,0.7944307317868727,1.1997535351357644,1.0,0.5212850464662604,1,0.5,0.9052796318103153,1.0938496451106379,False,239,60
olaparib,elastic_net,4,ACH-000359,bone,0.8473632388128642,1.0079796813869435,0.8053182797124976,1.2106410830613894,1.0,0.5194954425320533,1,0.5,0.9052796318103153,1.0938496451106379,False,239,60
olaparib,elastic_net,4,ACH-000936,ovary/fallopian tube,0.9441755839544972,0.9816514206298165,0.7789900189553706,1.1843128223042623,,0.5249119297947483,1,0.5,0.9052796318103153,1.0938496451106379,False,239,60
olaparib,elastic_net,4,ACH-000724,bladder/urinary tract,1.141539493552284,0.9781415395761988,0.7754801379017529,1.1808029412506447,0.0,0.5197266630381028,1,0.5,0.9052796318103153,1.0938496451106379,False,239,60
olaparib,elastic_net,4,ACH-000210,bone,0.959159909100016,0.9288284854336648,0.7261670837592189,1.1314898871081107,,0.5269108881888165,1,0.5,0.9052796318103153,1.0938496451106379,False,239,60
olaparib,elastic_net,4,ACH-000605,esophagus/stomach,0.7971346987459167,0.9761975060791971,0.7735361044047512,1.1788589077536429,1.0,0.51286318273848,1,0.5,0.9052796318103153,1.0938496451106379,False,239,60
olaparib,elastic_net,4,ACH-000688,ovary/fallopian tube,1.34627446600528,1.0269200211260852,0.8242586194516393,1.229581422800531,0.0,0.5202120183607195,1,0.5,0.9052796318103153,1.0938496451106379,False,239,60
olaparib,elastic_net,4,ACH-000648,pleura,1.272013964510617,1.024896110117566,0.8222347084431201,1.227557511792012,0.0,0.5080263381916752,1,0.5,0.9052796318103153,1.0938496451106379,False,239,60
olaparib,elastic_net,4,ACH-000367,pleura,1.0902929121618024,1.0280792854298637,0.8254178837554178,1.2307406871043096,,0.5260052856405932,1,0.5,0.9052796318103153,1.0938496451106379,False,239,60
olaparib,elastic_net,4,ACH-000099,peripheral nervous system,0.8170775827131196,0.9216811950214935,0.7190197933470476,1.1243425966959393,1.0,0.527299899295733,1,0.5,0.9052796318103153,1.0938496451106379,False,239,60
olaparib,elastic_net,4,ACH-000809,esophagus/stomach,0.9712637419593385,1.0495873931540598,0.8469259914796139,1.2522487948285057,,0.5047040518346626,1,0.5,0.9052796318103153,1.0938496451106379,False,239,60
olaparib,elastic_net,4,ACH-000957,bowel,1.0464732937768009,1.0047000585195909,0.802038656845145,1.2073614601940368,,0.5226155737649321,1,0.5,0.9052796318103153,1.0938496451106379,False,239,60
olaparib,elastic_net,4,ACH-000762,head and neck,1.013861294598465,1.0667202270951766,0.8640588254207306,1.2693816287696225,,0.5064480958110232,1,0.5,0.9052796318103153,1.0938496451106379,False,239,60
olaparib,elastic_net,4,ACH-000592,cns/brain,1.0811805899237246,0.991602704084127,0.7889413024096811,1.194264105758573,,0.5225012222484131,1,0.5,0.9052796318103153,1.0938496451106379,False,239,60
olaparib,elastic_net,4,ACH-000768,breast,0.9545623402473088,1.038680448607118,0.836019046932672,1.2413418502815639,,0.525477114618656,1,0.5,0.9052796318103153,1.0938496451106379,False,239,60
olaparib,elastic_net,4,ACH-000411,kidney,0.9623923724397976,1.0568407293321842,0.8541793276577383,1.25950213100663,,0.5050619996059562,1,0.5,0.9052796318103153,1.0938496451106379,False,239,60
olaparib,elastic_net,4,ACH-000278,ovary/fallopian tube,0.8739900177460461,0.9857180669044934,0.7830566652300475,1.1883794685789393,1.0,0.5261507665231121,1,0.5,0.9052796318103153,1.0938496451106379,False,239,60
olaparib,elastic_net,4,ACH-000696,ovary/fallopian tube,1.176310002566247,0.9727250184537795,0.7700636167793335,1.1753864201282254,0.0,0.5224727248369616,1,0.5,0.9052796318103153,1.0938496451106379,False,239,60
olaparib,elastic_net,4,ACH-000747,lung,1.139079064748475,0.9381276209155089,0.735466219241063,1.1407890225899548,0.0,0.5222661855973102,1,0.5,0.9052796318103153,1.0938496451106379,False,239,60
olaparib,elastic_net,4,ACH-001307,thyroid,0.9347902060711234,0.9812687950635263,0.7786073933890804,1.1839301967379723,,0.514491766540258,1,0.5,0.9052796318103153,1.0938496451106379,False,239,60
olaparib,elastic_net,4,ACH-000734,liver,1.1385585253567336,1.0080016138050156,0.8053402121305697,1.2106630154794615,0.0,0.5070184726609052,1,0.5,0.9052796318103153,1.0938496451106379,False,239,60
olaparib,elastic_net,4,ACH-000802,bladder/urinary tract,0.8449926780565168,0.9842347671578769,0.781573365483431,1.1868961688323227,1.0,0.5246140604452966,1,0.5,0.9052796318103153,1.0938496451106379,False,239,60
olaparib,elastic_net,4,ACH-000852,lung,1.1302618205184618,1.0237891738495772,0.8211277721751313,1.2264505755240231,0.0,0.5070948228865716,1,0.5,0.9052796318103153,1.0938496451106379,False,239,60
olaparib,elastic_net,4,ACH-000979,prostate,1.0174247203555014,0.9714587291791033,0.7687973275046573,1.1741201308535492,,0.5257384390461511,1,0.5,0.9052796318103153,1.0938496451106379,False,239,60
olaparib,elastic_net,4,ACH-000810,skin,1.109920079585252,0.9775076690644735,0.7748462673900276,1.1801690707389194,0.0,0.5204966380343865,1,0.5,0.9052796318103153,1.0938496451106379,False,239,60
olaparib,elastic_net,4,ACH-000837,lung,0.993496675225845,0.9577368274157276,0.7550754257412817,1.1603982290901735,,0.5220349567719518,1,0.5,0.9052796318103153,1.0938496451106379,False,239,60
olaparib,elastic_net,4,ACH-000899,skin,1.0336658127007767,1.0162667040483697,0.8136053023739238,1.2189281057228156,,0.5088385416663072,1,0.5,0.9052796318103153,1.0938496451106379,False,239,60
olaparib,elastic_net,4,ACH-000133,fibroblast,1.0515088088571467,0.9965043192746148,0.7938429176001689,1.1991657209490607,,0.5198565958986548,1,0.5,0.9052796318103153,1.0938496451106379,False,239,60
olaparib,elastic_net,4,ACH-000473,bladder/urinary tract,1.1021267560791723,0.9900340822388786,0.7873726805644327,1.1926954839133246,0.0,0.5166843751547661,1,0.5,0.9052796318103153,1.0938496451106379,False,239,60
olaparib,elastic_net,4,ACH-000054,soft tissue,0.8354344766043824,0.9525007938905359,0.74983939221609,1.1551621955649818,1.0,0.5260037431338094,1,0.5,0.9052796318103153,1.0938496451106379,False,239,60
olaparib,elastic_net,4,ACH-001318,liver,1.046882170120481,0.9923047263552554,0.7896433246808094,1.1949661280297013,,0.5243033013834774,1,0.5,0.9052796318103153,1.0938496451106379,False,239,60
olaparib,elastic_net,4,ACH-000624,breast,0.88551954049632,0.9232616250751601,0.7206002234007142,1.1259230267496059,1.0,0.5271253497298706,1,0.5,0.9052796318103153,1.0938496451106379,False,239,60
olaparib,elastic_net,4,ACH-000319,pleura,1.3258296549087,0.9649421484044646,0.7622807467300187,1.1676035500789106,0.0,0.5268519189196801,1,0.5,0.9052796318103153,1.0938496451106379,False,239,60
olaparib,elastic_net,4,ACH-000352,breast,1.109121236599616,1.0073862617135452,0.8047248600390993,1.210047663387991,0.0,0.5104882078045389,1,0.5,0.9052796318103153,1.0938496451106379,False,239,60
olaparib,elastic_net,4,ACH-000416,lung,1.0419395395916897,1.0174337165409184,0.8147723148664725,1.2200951182153643,,0.5112305389970717,1,0.5,0.9052796318103153,1.0938496451106379,False,239,60
olaparib,elastic_net,4,ACH-000159,kidney,1.0786915827730919,1.0056744732068865,0.8030130715324406,1.2083358748813324,,0.5049964351345311,1,0.5,0.9052796318103153,1.0938496451106379,False,239,60
olaparib,elastic_net,4,ACH-000622,cns/brain,1.115585185658375,0.9516244607268866,0.7489630590524406,1.1542858624013324,0.0,0.520738650300582,1,0.5,0.9052796318103153,1.0938496451106379,False,239,60
olaparib,elastic_net,4,ACH-000720,bladder/urinary tract,0.8562375795200251,1.004825581008012,0.8021641793335661,1.207486982682458,1.0,0.5074969268791552,1,0.5,0.9052796318103153,1.0938496451106379,False,239,60
olaparib,elastic_net,4,ACH-000940,uterus,1.070810494170706,0.9346105802327034,0.7319491785582575,1.1372719819071493,,0.5268271261124079,1,0.5,0.9052796318103153,1.0938496451106379,False,239,60
olaparib,elastic_net,4,ACH-000311,lung,0.7700578329398661,1.043285084852268,0.840623683177822,1.2459464865267138,1.0,0.5145391207426461,1,0.5,0.9052796318103153,1.0938496451106379,False,239,60
olaparib,elastic_net,4,ACH-000211,cns/brain,0.8601711658876277,0.9822681781137969,0.779606776439351,1.1849295797882426,1.0,0.5089785225131402,1,0.5,0.9052796318103153,1.0938496451106379,False,239,60
olaparib,elastic_net,4,ACH-000776,cns/brain,0.9524390101495449,0.9919157932737963,0.7892543915993504,1.1945771949482422,,0.5104853469977408,1,0.5,0.9052796318103153,1.0938496451106379,False,239,60
olaparib,elastic_net,4,ACH-000849,breast,0.7874810050469108,1.0061099902912682,0.8034485886168223,1.2087713919657141,1.0,0.5235775528965624,1,0.5,0.9052796318103153,1.0938496451106379,False,239,60
olaparib,elastic_net,4,ACH-000444,lung,0.8100555389636951,0.9709781525521979,0.768316750877752,1.1736395542266438,1.0,0.509876920293535,1,0.5,0.9052796318103153,1.0938496451106379,False,239,60
olaparib,elastic_net,4,ACH-000510,lung,1.1195994464623893,0.9961297697227952,0.7934683680483493,1.1987911713972412,0.0,0.5254774467274071,1,0.5,0.9052796318103153,1.0938496451106379,False,239,60
olaparib,elastic_net,4,ACH-000959,bowel,0.8966645988477389,0.9922776773565343,0.7896162756820884,1.1949390790309802,1.0,0.521283245349453,1,0.5,0.9052796318103153,1.0938496451106379,False,239,60
olaparib,elastic_net,4,ACH-000973,bladder/urinary tract,0.783822414967723,0.9344463609332031,0.7317849592587572,1.137107762607649,1.0,0.5267179395130511,1,0.5,0.9052796318103153,1.0938496451106379,False,239,60
olaparib,elastic_net,4,ACH-000750,skin,0.8223781871842742,0.9801711204171367,0.7775097187426908,1.1828325220915827,1.0,0.5059732717958464,1,0.5,0.9052796318103153,1.0938496451106379,False,239,60
olaparib,xgboost,4,ACH-000570,cns/brain,0.951806660922074,0.9842555522918701,0.7804853849312652,1.188025719652475,,0.5545882949815131,1,0.5,0.9052796318103153,1.0938496451106379,False,239,60
olaparib,xgboost,4,ACH-000769,lung,0.9676744356717795,0.9614874720573425,0.7577173046967376,1.1652576394179475,,0.5238816996903303,1,0.5,0.9052796318103153,1.0938496451106379,False,239,60
olaparib,xgboost,4,ACH-000313,kidney,0.9061920484919476,1.0379927158355713,0.8342225484749664,1.2417628831961762,,0.4930966845694308,0,0.5,0.9052796318103153,1.0938496451106379,False,239,60
olaparib,xgboost,4,ACH-000383,esophagus/stomach,1.1580433086151787,1.1166685819625854,0.9128984146019805,1.3204387493231904,0.0,0.4753825341263785,0,0.5,0.9052796318103153,1.0938496451106379,False,239,60
olaparib,xgboost,4,ACH-000880,esophagus/stomach,0.9493122804856851,0.9854590892791748,0.7816889219185699,1.1892292566397797,,0.551793477652289,1,0.5,0.9052796318103153,1.0938496451106379,False,239,60
olaparib,xgboost,4,ACH-000552,bowel,1.155216729761662,1.0076549053192139,0.8038847379586089,1.2114250726798188,0.0,0.538877859672662,1,0.5,0.9052796318103153,1.0938496451106379,False,239,60
olaparib,xgboost,4,ACH-000344,esophagus/stomach,0.9665057041742835,1.0269185304641724,0.8231483631035674,1.2306886978247773,,0.44291027947170064,0,0.5,0.9052796318103153,1.0938496451106379,False,239,60
olaparib,xgboost,4,ACH-000632,skin,1.110912740980245,0.9719228148460388,0.7681526474854339,1.1756929822066438,0.0,0.49159106426385024,0,0.5,0.9052796318103153,1.0938496451106379,False,239,60
olaparib,xgboost,4,ACH-000332,pancreas,1.031506832698905,1.0972108840942383,0.8934407167336333,1.3009810514548432,,0.4238080815721102,0,0.5,0.9052796318103153,1.0938496451106379,False,239,60
olaparib,xgboost,4,ACH-000832,head and neck,0.8887924325465857,1.028959035873413,0.8251888685128081,1.232729203234018,1.0,0.5133285381985122,1,0.5,0.9052796318103153,1.0938496451106379,False,239,60
olaparib,xgboost,4,ACH-000331,pleura,1.0,0.9852004051208496,0.7814302377602447,1.1889705724814545,,0.5088949192699589,1,0.5,0.9052796318103153,1.0938496451106379,False,239,60
olaparib,xgboost,4,ACH-000643,breast,1.0284203813014325,0.9626550674438477,0.7588849000832427,1.1664252348044526,,0.5030106098123807,1,0.5,0.9052796318103153,1.0938496451106379,False,239,60
olaparib,xgboost,4,ACH-000711,breast,0.9440958059558737,0.9841726422309875,0.7804024748703826,1.1879428095915925,,0.49877691869615076,0,0.5,0.9052796318103153,1.0938496451106379,False,239,60
olaparib,xgboost,4,ACH-000231,cns/brain,0.9567266694648171,0.9469171762466431,0.7431470088860381,1.150687343607248,,0.5618429909963907,1,0.5,0.9052796318103153,1.0938496451106379,False,239,60
olaparib,xgboost,4,ACH-000662,lung,1.0174406085786374,0.9970881342887878,0.7933179669281829,1.2008583016493928,,0.5600639032290384,1,0.5,0.9052796318103153,1.0938496451106379,False,239,60
olaparib,xgboost,4,ACH-000261,lung,0.9111836500136974,0.9500028491020203,0.7462326817414153,1.1537730164626252,,0.5089134442208751,1,0.5,0.9052796318103153,1.0938496451106379,False,239,60
olaparib,xgboost,4,ACH-000997,bowel,1.09663363048162,0.9730406403541565,0.7692704729935516,1.1768108077147614,0.0,0.560341752725142,1,0.5,0.9052796318103153,1.0938496451106379,False,239,60
olaparib,xgboost,4,ACH-000163,head and neck,0.5447815977343814,0.9915047287940979,0.787734561433493,1.1952748961547028,1.0,0.5490154016527388,1,0.5,0.9052796318103153,1.0938496451106379,False,239,60
olaparib,xgboost,4,ACH-000235,pancreas,1.50126445127805,1.0102146863937378,0.8064445190331329,1.2139848537543427,0.0,0.5432451486899345,1,0.5,0.9052796318103153,1.0938496451106379,False,239,60
olaparib,xgboost,4,ACH-000924,lung,0.9264979012827138,1.069164514541626,0.865394347181021,1.272934681902231,,0.5150991178581192,1,0.5,0.9052796318103153,1.0938496451106379,False,239,60
olaparib,xgboost,4,ACH-000139,pancreas,0.9572660863225912,0.9398021101951599,0.736031942834555,1.1435722775557648,,0.5223710411437781,1,0.5,0.9052796318103153,1.0938496451106379,False,239,60
olaparib,xgboost,4,ACH-000420,liver,0.9683721968885132,1.0850353240966797,0.8812651567360748,1.2888054914572846,,0.4582430000329698,0,0.5,0.9052796318103153,1.0938496451106379,False,239,60
olaparib,xgboost,4,ACH-000947,ovary/fallopian tube,0.7581448549074223,0.9078231453895569,0.704052978028952,1.1115933127501618,1.0,0.5673248134772129,1,0.5,0.9052796318103153,1.0938496451106379,False,239,60
olaparib,xgboost,4,ACH-000476,liver,1.0667100068824649,1.1355655193328857,0.9317953519722808,1.3393356866934907,,0.41916447015099273,0,0.5,0.9052796318103153,1.0938496451106379,False,239,60
olaparib,xgboost,4,ACH-000853,lung,0.989900850597009,0.9632360935211182,0.7594659261605132,1.167006260881723,,0.5596150166015309,1,0.5,0.9052796318103153,1.0938496451106379,False,239,60
olaparib,xgboost,4,ACH-000680,bowel,1.097194633379052,0.9769551753997803,0.7731850080391753,1.1807253427603852,0.0,0.4936079409178554,0,0.5,0.9052796318103153,1.0938496451106379,False,239,60
olaparib,xgboost,4,ACH-000132,ovary/fallopian tube,1.086772392335595,1.0296287536621094,0.8258585863015044,1.2333989210227143,,0.5056776565216956,1,0.5,0.9052796318103153,1.0938496451106379,False,239,60
olaparib,xgboost,4,ACH-000237,ovary/fallopian tube,0.8385855030700398,1.0250165462493896,0.8212463788887847,1.2287867136099946,1.0,0.506668365326312,1,0.5,0.9052796318103153,1.0938496451106379,False,239,60
olaparib,xgboost,4,ACH-000359,bone,0.8473632388128642,1.0071275234222412,0.8033573560616363,1.2108976907828461,1.0,0.5427941683220135,1,0.5,0.9052796318103153,1.0938496451106379,False,239,60
olaparib,xgboost,4,ACH-000936,ovary/fallopian tube,0.9441755839544972,0.9883136749267578,0.7845435075661529,1.1920838422873627,,0.4808653190597517,0,0.5,0.9052796318103153,1.0938496451106379,False,239,60
olaparib,xgboost,4,ACH-000724,bladder/urinary tract,1.141539493552284,1.0124009847640991,0.8086308174034942,1.216171152124704,0.0,0.5380676798259353,1,0.5,0.9052796318103153,1.0938496451106379,False,239,60
olaparib,xgboost,4,ACH-000210,bone,0.959159909100016,0.9331137537956238,0.7293435864350188,1.1368839211562287,,0.5628999431789032,1,0.5,0.9052796318103153,1.0938496451106379,False,239,60
olaparib,xgboost,4,ACH-000605,esophagus/stomach,0.7971346987459167,0.9663405418395996,0.7625703744789947,1.1701107092002045,1.0,0.4941336020116102,0,0.5,0.9052796318103153,1.0938496451106379,False,239,60
olaparib,xgboost,4,ACH-000688,ovary/fallopian tube,1.34627446600528,1.0102579593658447,0.8064877920052398,1.2140281267264497,0.0,0.5280374217939731,1,0.5,0.9052796318103153,1.0938496451106379,False,239,60
olaparib,xgboost,4,ACH-000648,pleura,1.272013964510617,1.0679928064346313,0.8642226390740264,1.2717629737952363,0.0,0.4977418193824411,0,0.5,0.9052796318103153,1.0938496451106379,False,239,60
olaparib,xgboost,4,ACH-000367,pleura,1.0902929121618024,0.9563791155815125,0.7526089482209075,1.1601492829421174,,0.5694388795561802,1,0.5,0.9052796318103153,1.0938496451106379,False,239,60
olaparib,xgboost,4,ACH-000099,peripheral nervous system,0.8170775827131196,0.9215526580810547,0.7177824907204498,1.1253228254416596,1.0,0.5821401248486652,1,0.5,0.9052796318103153,1.0938496451106379,False,239,60
olaparib,xgboost,4,ACH-000809,esophagus/stomach,0.9712637419593385,1.002371907234192,0.798601739873587,1.2061420745947968,,0.5038897100643337,1,0.5,0.9052796318103153,1.0938496451106379,False,239,60
olaparib,xgboost,4,ACH-000957,bowel,1.0464732937768009,0.9806042909622192,0.7768341236016143,1.1843744583228242,,0.5592819497082852,1,0.5,0.9052796318103153,1.0938496451106379,False,239,60
olaparib,xgboost,4,ACH-000762,head and neck,1.013861294598465,0.9668309688568115,0.7630608014962066,1.1706011362174165,,0.4614769106843014,0,0.5,0.9052796318103153,1.0938496451106379,False,239,60
olaparib,xgboost,4,ACH-000592,cns/brain,1.0811805899237246,0.9581759572029114,0.7544057898423064,1.1619461245635163,,0.5210759445632756,1,0.5,0.9052796318103153,1.0938496451106379,False,239,60
olaparib,xgboost,4,ACH-000768,breast,0.9545623402473088,0.9882164597511292,0.7844462923905242,1.191986627111734,,0.5023368430187803,1,0.5,0.9052796318103153,1.0938496451106379,False,239,60
olaparib,xgboost,4,ACH-000411,kidney,0.9623923724397976,1.0846413373947144,0.8808711700341094,1.2884115047553193,,0.43223408147053866,0,0.5,0.9052796318103153,1.0938496451106379,False,239,60
olaparib,xgboost,4,ACH-000278,ovary/fallopian tube,0.8739900177460461,1.0056813955307007,0.8019112281700957,1.2094515628913056,1.0,0.5073157769415528,1,0.5,0.9052796318103153,1.0938496451106379,False,239,60
olaparib,xgboost,4,ACH-000696,ovary/fallopian tube,1.176310002566247,0.965401828289032,0.761631660928427,1.169171995649637,0.0,0.5513149004787807,1,0.5,0.9052796318103153,1.0938496451106379,False,239,60
olaparib,xgboost,4,ACH-000747,lung,1.139079064748475,0.9662975072860718,0.7625273399254668,1.1700676746466767,0.0,0.5780711982502328,1,0.5,0.9052796318103153,1.0938496451106379,False,239,60
olaparib,xgboost,4,ACH-001307,thyroid,0.9347902060711234,1.0022414922714233,0.7984713249108184,1.2060116596320283,,0.46638064084624836,0,0.5,0.9052796318103153,1.0938496451106379,False,239,60
olaparib,xgboost,4,ACH-000734,liver,1.1385585253567336,1.054166555404663,0.8503963880440581,1.257936722765268,0.0,0.4750449024553,0,0.5,0.9052796318103153,1.0938496451106379,False,239,60
olaparib,xgboost,4,ACH-000802,bladder/urinary tract,0.8449926780565168,0.9985142350196838,0.7947440676590789,1.2022844023802888,1.0,0.543742105706292,1,0.5,0.9052796318103153,1.0938496451106379,False,239,60
olaparib,xgboost,4,ACH-000852,lung,1.1302618205184618,1.098412036895752,0.894641869535147,1.302182204256357,0.0,0.48205659738779233,0,0.5,0.9052796318103153,1.0938496451106379,False,239,60
olaparib,xgboost,4,ACH-000979,prostate,1.0174247203555014,0.9377874135971069,0.734017246236502,1.1415575809577119,,0.5410539614787137,1,0.5,0.9052796318103153,1.0938496451106379,False,239,60
olaparib,xgboost,4,ACH-000810,skin,1.109920079585252,1.029604196548462,0.825834029187857,1.2333743639090669,0.0,0.5193998011556323,1,0.5,0.9052796318103153,1.0938496451106379,False,239,60
olaparib,xgboost,4,ACH-000837,lung,0.993496675225845,1.028926968574524,0.825156801213919,1.2326971359351289,,0.48741810054725593,0,0.5,0.9052796318103153,1.0938496451106379,False,239,60
olaparib,xgboost,4,ACH-000899,skin,1.0336658127007767,1.0096553564071655,0.8058851890465606,1.2134255237677705,,0.5312421731753466,1,0.5,0.9052796318103153,1.0938496451106379,False,239,60
olaparib,xgboost,4,ACH-000133,fibroblast,1.0515088088571467,1.0029751062393188,0.7992049388787139,1.2067452735999238,,0.5520627987688844,1,0.5,0.9052796318103153,1.0938496451106379,False,239,60
olaparib,xgboost,4,ACH-000473,bladder/urinary tract,1.1021267560791723,0.9403138160705566,0.7365436487099517,1.1440839834311616,0.0,0.5088620430621791,1,0.5,0.9052796318103153,1.0938496451106379,False,239,60
olaparib,xgboost,4,ACH-000054,soft tissue,0.8354344766043824,0.9480701088905334,0.7442999415299285,1.1518402762511384,1.0,0.5566095520292491,1,0.5,0.9052796318103153,1.0938496451106379,False,239,60
olaparib,xgboost,4,ACH-001318,liver,1.046882170120481,0.96218341588974,0.758413248529135,1.165953583250345,,0.5195879949880782,1,0.5,0.9052796318103153,1.0938496451106379,False,239,60
olaparib,xgboost,4,ACH-000624,breast,0.88551954049632,0.9361738562583923,0.7324036888977874,1.1399440236189973,1.0,0.5545718556103216,1,0.5,0.9052796318103153,1.0938496451106379,False,239,60
olaparib,xgboost,4,ACH-000319,pleura,1.3258296549087,0.9496415257453918,0.7458713583847869,1.1534116931059968,0.0,0.5142470457529071,1,0.5,0.9052796318103153,1.0938496451106379,False,239,60
olaparib,xgboost,4,ACH-000352,breast,1.109121236599616,1.0058618783950806,0.8020917110344756,1.2096320457556855,0.0,0.47505964143507967,0,0.5,0.9052796318103153,1.0938496451106379,False,239,60
olaparib,xgboost,4,ACH-000416,lung,1.0419395395916897,1.0004905462265015,0.7967203788658965,1.2042607135871064,,0.46385937425886936,0,0.5,0.9052796318103153,1.0938496451106379,False,239,60
olaparib,xgboost,4,ACH-000159,kidney,1.0786915827730919,1.018736481666565,0.81496631430596,1.2225066490271699,,0.43935742323459676,0,0.5,0.9052796318103153,1.0938496451106379,False,239,60
olaparib,xgboost,4,ACH-000622,cns/brain,1.115585185658375,0.9729785919189453,0.7692084245583404,1.1767487592795502,0.0,0.5284294776237559,1,0.5,0.9052796318103153,1.0938496451106379,False,239,60
olaparib,xgboost,4,ACH-000720,bladder/urinary tract,0.8562375795200251,1.045544981956482,0.841774814595877,1.2493151493170869,1.0,0.4772781854693318,0,0.5,0.9052796318103153,1.0938496451106379,False,239,60
olaparib,xgboost,4,ACH-000940,uterus,1.070810494170706,0.9646922945976257,0.7609221272370208,1.1684624619582307,,0.5798500691780644,1,0.5,0.9052796318103153,1.0938496451106379,False,239,60
olaparib,xgboost,4,ACH-000311,lung,0.7700578329398661,1.1151467561721802,0.9113765888115752,1.3189169235327851,1.0,0.45805141436419683,0,0.5,0.9052796318103153,1.0938496451106379,False,239,60
olaparib,xgboost,4,ACH-000211,cns/brain,0.8601711658876277,0.9872799515724182,0.7835097842118133,1.1910501189330231,1.0,0.5086414082733477,1,0.5,0.9052796318103153,1.0938496451106379,False,239,60
olaparib,xgboost,4,ACH-000776,cns/brain,0.9524390101495449,1.0680924654006958,0.8643222980400909,1.2718626327613007,,0.44944832515384947,0,0.5,0.9052796318103153,1.0938496451106379,False,239,60
olaparib,xgboost,4,ACH-000849,breast,0.7874810050469108,1.0216768980026245,0.8179067306420196,1.2254470653632294,1.0,0.4930515384457554,0,0.5,0.9052796318103153,1.0938496451106379,False,239,60
olaparib,xgboost,4,ACH-000444,lung,0.8100555389636951,0.9586950540542603,0.7549248866936553,1.1624652214148652,1.0,0.5394158597157961,1,0.5,0.9052796318103153,1.0938496451106379,False,239,60
olaparib,xgboost,4,ACH-000510,lung,1.1195994464623893,0.9707611203193665,0.7669909529587615,1.1745312876799714,0.0,0.5466372725889004,1,0.5,0.9052796318103153,1.0938496451106379,False,239,60
olaparib,xgboost,4,ACH-000959,bowel,0.8966645988477389,0.96443110704422,0.760660939683615,1.168201274404825,1.0,0.5382295101520814,1,0.5,0.9052796318103153,1.0938496451106379,False,239,60
olaparib,xgboost,4,ACH-000973,bladder/urinary tract,0.783822414967723,0.9336832761764526,0.7299131088158477,1.1374534435370576,1.0,0.588302148502482,1,0.5,0.9052796318103153,1.0938496451106379,False,239,60
olaparib,xgboost,4,ACH-000750,skin,0.8223781871842742,0.9136418700218201,0.7098717026612151,1.117412037382425,1.0,0.5574026402006126,1,0.5,0.9052796318103153,1.0938496451106379,False,239,60
olaparib,lineage,5,ACH-000461,biliary tract,1.33498041853236,0.9381845312057349,0.6979394912168596,1.1784295711946102,0.0,0.49433300868647156,0,0.5,0.8995043215461892,1.0941943221188504,False,240,60
olaparib,lineage,5,ACH-000117,breast,1.258699458872415,1.015401275121999,0.7751562351331237,1.2556463151108743,0.0,0.5078463850403803,1,0.5,0.8995043215461892,1.0941943221188504,False,240,60
olaparib,lineage,5,ACH-000627,lung,1.0518939725288206,0.997823818982877,0.7575787789940017,1.2380688589717521,,0.501581929328539,1,0.5,0.8995043215461892,1.0941943221188504,False,240,60
olaparib,lineage,5,ACH-000941,uterus,1.16868484789658,1.0529382287918347,0.8126931888029595,1.29318326878071,0.0,0.5117707851084039,1,0.5,0.8995043215461892,1.0941943221188504,False,240,60
olaparib,lineage,5,ACH-000260,peripheral nervous system,1.042937211348955,0.9442870253619139,0.7040419853730386,1.1845320653507891,,0.4908576858008805,0,0.5,0.8995043215461892,1.0941943221188504,False,240,60
olaparib,lineage,5,ACH-000946,uterus,0.9916087500045663,1.0529382287918347,0.8126931888029595,1.29318326878071,,0.5117707851084039,1,0.5,0.8995043215461892,1.0941943221188504,False,240,60
olaparib,lineage,5,ACH-000019,breast,0.9493802432002255,1.015401275121999,0.7751562351331237,1.2556463151108743,,0.5078463850403803,1,0.5,0.8995043215461892,1.0941943221188504,False,240,60
olaparib,lineage,5,ACH-000684,kidney,0.9170426874914832,1.014516231262646,0.7742711912737706,1.254761271251521,,0.5027788510179556,1,0.5,0.8995043215461892,1.0941943221188504,False,240,60
olaparib,lineage,5,ACH-000732,head and neck,1.21343998902658,1.0162787476645196,0.7760337076756444,1.256523787653395,0.0,0.500115683210657,1,0.5,0.8995043215461892,1.0941943221188504,False,240,60
olaparib,lineage,5,ACH-000896,bladder/urinary tract,0.9093015146304231,0.9681106787038735,0.7278656387149982,1.2083557186927487,,0.4980884667599345,0,0.5,0.8995043215461892,1.0941943221188504,False,240,60
olaparib,lineage,5,ACH-000943,bowel,1.04138290509594,0.9605519785403179,0.7203069385514427,1.2007970185291932,,0.4945820691458641,0,0.5,0.8995043215461892,1.0941943221188504,False,240,60
olaparib,lineage,5,ACH-000164,pancreas,0.8731900054339309,1.1061792409481692,0.865934200959294,1.3464242809370446,1.0,0.5058057259325128,1,0.5,0.8995043215461892,1.0941943221188504,False,240,60
olaparib,lineage,5,ACH-000153,pleura,1.0829613278469485,1.0264526644293495,0.7862076244404742,1.2666977044182248,,0.4999931624290867,0,0.5,0.8995043215461892,1.0941943221188504,False,240,60
olaparib,lineage,5,ACH-000681,lung,1.053692916993004,0.997823818982877,0.7575787789940017,1.2380688589717521,,0.501581929328539,1,0.5,0.8995043215461892,1.0941943221188504,False,240,60
olaparib,lineage,5,ACH-000671,liver,1.1463363462986154,0.9961858793031243,0.755940839314249,1.2364309192919996,0.0,0.4960538146075025,0,0.5,0.8995043215461892,1.0941943221188504,False,240,60
olaparib,lineage,5,ACH-000890,lung,1.0812633491344594,0.997823818982877,0.7575787789940017,1.2380688589717521,,0.501581929328539,1,0.5,0.8995043215461892,1.0941943221188504,False,240,60
olaparib,lineage,5,ACH-000748,bone,1.0242670031129044,0.8960223026788321,0.6557772626899568,1.1362673426677072,,0.48666176418852114,0,0.5,0.8995043215461892,1.0941943221188504,False,240,60
olaparib,lineage,5,ACH-000403,bowel,1.29661181027489,0.9605519785403179,0.7203069385514427,1.2007970185291932,0.0,0.4945820691458641,0,0.5,0.8995043215461892,1.0941943221188504,False,240,60
olaparib,lineage,5,ACH-000318,esophagus/stomach,1.0488188864438632,0.998954598778037,0.7587095587891618,1.2391996387669124,,0.5002731668093142,1,0.5,0.8995043215461892,1.0941943221188504,False,240,60
olaparib,lineage,5,ACH-000736,esophagus/stomach,0.7242549713651092,0.998954598778037,0.7587095587891618,1.2391996387669124,1.0,0.5002731668093142,1,0.5,0.8995043215461892,1.0941943221188504,False,240,60
olaparib,lineage,5,ACH-000361,liver,0.89396979040285,0.9961858793031243,0.755940839314249,1.2364309192919996,1.0,0.4960538146075025,0,0.5,0.8995043215461892,1.0941943221188504,False,240,60
olaparib,lineage,5,ACH-000407,uterus,0.7351266298804133,1.0529382287918347,0.8126931888029595,1.29318326878071,1.0,0.5117707851084039,1,0.5,0.8995043215461892,1.0941943221188504,False,240,60
olaparib,lineage,5,ACH-000599,pancreas,0.9220996053433483,1.1061792409481692,0.865934200959294,1.3464242809370446,,0.5058057259325128,1,0.5,0.8995043215461892,1.0941943221188504,False,240,60
olaparib,lineage,5,ACH-000250,kidney,1.1242579039988598,1.014516231262646,0.7742711912737706,1.254761271251521,0.0,0.5027788510179556,1,0.5,0.8995043215461892,1.0941943221188504,False,240,60
olaparib,lineage,5,ACH-000155,pancreas,0.8336496710734396,1.1061792409481692,0.865934200959294,1.3464242809370446,1.0,0.5058057259325128,1,0.5,0.8995043215461892,1.0941943221188504,False,240,60
olaparib,lineage,5,ACH-000188,head and neck,0.9314348072535975,1.0162787476645196,0.7760337076756444,1.256523787653395,,0.500115683210657,1,0.5,0.8995043215461892,1.0941943221188504,False,240,60
olaparib,lineage,5,ACH-000415,head and neck,0.814175306613331,1.0162787476645196,0.7760337076756444,1.256523787653395,1.0,0.500115683210657,1,0.5,0.8995043215461892,1.0941943221188504,False,240,60
olaparib,lineage,5,ACH-000618,head and neck,1.1016623725531183,1.0162787476645196,0.7760337076756444,1.256523787653395,0.0,0.500115683210657,1,0.5,0.8995043215461892,1.0941943221188504,False,240,60
olaparib,lineage,5,ACH-000014,skin,0.8489803516919985,1.0448579217110385,0.8046128817221633,1.2851029616999137,1.0,0.5158556819440493,1,0.5,0.8995043215461892,1.0941943221188504,False,240,60
olaparib,lineage,5,ACH-000855,esophagus/stomach,1.027487468448635,0.998954598778037,0.7587095587891618,1.2391996387669124,,0.5002731668093142,1,0.5,0.8995043215461892,1.0941943221188504,False,240,60
olaparib,lineage,5,ACH-000393,liver,1.0975990682866699,0.9961858793031243,0.755940839314249,1.2364309192919996,0.0,0.4960538146075025,0,0.5,0.8995043215461892,1.0941943221188504,False,240,60
olaparib,lineage,5,ACH-000007,bowel,1.0522536546237922,0.9605519785403179,0.7203069385514427,1.2007970185291932,,0.4945820691458641,0,0.5,0.8995043215461892,1.0941943221188504,False,240,60
olaparib,lineage,5,ACH-000665,lung,1.15526350443082,0.997823818982877,0.7575787789940017,1.2380688589717521,0.0,0.501581929328539,1,0.5,0.8995043215461892,1.0941943221188504,False,240,60
olaparib,lineage,5,ACH-001239,skin,1.005920339079884,1.0448579217110385,0.8046128817221633,1.2851029616999137,,0.5158556819440493,1,0.5,0.8995043215461892,1.0941943221188504,False,240,60
olaparib,lineage,5,ACH-000826,lung,0.9132373194616379,0.997823818982877,0.7575787789940017,1.2380688589717521,,0.501581929328539,1,0.5,0.8995043215461892,1.0941943221188504,False,240,60
olaparib,lineage,5,ACH-000589,lung,1.0366575335882193,0.997823818982877,0.7575787789940017,1.2380688589717521,,0.501581929328539,1,0.5,0.8995043215461892,1.0941943221188504,False,240,60
olaparib,lineage,5,ACH-000243,pancreas,0.9699857710186843,1.1061792409481692,0.865934200959294,1.3464242809370446,,0.5058057259325128,1,0.5,0.8995043215461892,1.0941943221188504,False,240,60
olaparib,lineage,5,ACH-000840,lung,0.9872453755941546,0.997823818982877,0.7575787789940017,1.2380688589717521,,0.501581929328539,1,0.5,0.8995043215461892,1.0941943221188504,False,240,60
olaparib,lineage,5,ACH-000822,skin,0.9208902326796444,1.0448579217110385,0.8046128817221633,1.2851029616999137,,0.5158556819440493,1,0.5,0.8995043215461892,1.0941943221188504,False,240,60
olaparib,lineage,5,ACH-000527,ovary/fallopian tube,0.938137860277567,0.9515239790218,0.7112789390329247,1.1917690190106751,,0.4922823833806569,0,0.5,0.8995043215461892,1.0941943221188504,False,240,60
olaparib,lineage,5,ACH-000021,lung,0.965777323746698,0.997823818982877,0.7575787789940017,1.2380688589717521,,0.501581929328539,1,0.5,0.8995043215461892,1.0941943221188504,False,240,60
olaparib,lineage,5,ACH-000573,breast,0.6803862367794584,1.015401275121999,0.7751562351331237,1.2556463151108743,1.0,0.5078463850403803,1,0.5,0.8995043215461892,1.0941943221188504,False,240,60
olaparib,lineage,5,ACH-000364,bone,0.8556028475729687,0.8960223026788321,0.6557772626899568,1.1362673426677072,1.0,0.48666176418852114,0,0.5,0.8995043215461892,1.0941943221188504,False,240,60
olaparib,lineage,5,ACH-001306,thyroid,1.0596074356032497,0.9647838484644096,0.7245388084755343,1.2050288884532847,,0.4999931624290867,0,0.5,0.8995043215461892,1.0941943221188504,False,240,60
olaparib,lineage,5,ACH-000738,cns/brain,0.9800892066490869,0.9730086837790639,0.7327636437901887,1.2132537237679393,,0.49625194429738845,0,0.5,0.8995043215461892,1.0941943221188504,False,240,60
olaparib,lineage,5,ACH-000759,breast,0.9376499341813875,1.015401275121999,0.7751562351331237,1.2556463151108743,,0.5078463850403803,1,0.5,0.8995043215461892,1.0941943221188504,False,240,60
olaparib,lineage,5,ACH-000921,lung,1.0523745762887051,0.997823818982877,0.7575787789940017,1.2380688589717521,,0.501581929328539,1,0.5,0.8995043215461892,1.0941943221188504,False,240,60
olaparib,lineage,5,ACH-000488,esophagus/stomach,1.0799229209238734,0.998954598778037,0.7587095587891618,1.2391996387669124,,0.5002731668093142,1,0.5,0.8995043215461892,1.0941943221188504,False,240,60
olaparib,lineage,5,ACH-000693,esophagus/stomach,0.9191774649911234,0.998954598778037,0.7587095587891618,1.2391996387669124,,0.5002731668093142,1,0.5,0.8995043215461892,1.0941943221188504,False,240,60
olaparib,lineage,5,ACH-000601,pancreas,0.9415786135719869,1.1061792409481692,0.865934200959294,1.3464242809370446,,0.5058057259325128,1,0.5,0.8995043215461892,1.0941943221188504,False,240,60
olaparib,lineage,5,ACH-000630,head and neck,1.4281056391282547,1.0162787476645196,0.7760337076756444,1.256523787653395,0.0,0.500115683210657,1,0.5,0.8995043215461892,1.0941943221188504,False,240,60
olaparib,lineage,5,ACH-000042,pancreas,1.1114704116956027,1.1061792409481692,0.865934200959294,1.3464242809370446,0.0,0.5058057259325128,1,0.5,0.8995043215461892,1.0941943221188504,False,240,60
olaparib,lineage,5,ACH-000182,ampulla of vater,0.8450416702693868,0.9924643960738084,0.7522193560849332,1.2327094360626836,1.0,0.49974825568390835,0,0.5,0.8995043215461892,1.0941943221188504,False,240,60
olaparib,lineage,5,ACH-000846,head and neck,0.839542239393295,1.0162787476645196,0.7760337076756444,1.256523787653395,1.0,0.500115683210657,1,0.5,0.8995043215461892,1.0941943221188504,False,240,60
olaparib,lineage,5,ACH-000062,lung,0.8978181822164104,0.997823818982877,0.7575787789940017,1.2380688589717521,1.0,0.501581929328539,1,0.5,0.8995043215461892,1.0941943221188504,False,240,60
olaparib,lineage,5,ACH-000939,uterus,0.9005886348111677,1.0529382287918347,0.8126931888029595,1.29318326878071,,0.5117707851084039,1,0.5,0.8995043215461892,1.0941943221188504,False,240,60
olaparib,lineage,5,ACH-000961,uterus,0.9566572889627851,1.0529382287918347,0.8126931888029595,1.29318326878071,,0.5117707851084039,1,0.5,0.8995043215461892,1.0941943221188504,False,240,60
olaparib,lineage,5,ACH-000833,soft tissue,0.8988550238497067,0.9174402415175673,0.6771952015286921,1.1576852815064425,1.0,0.4931488815727419,0,0.5,0.8995043215461892,1.0941943221188504,False,240,60
olaparib,lineage,5,ACH-000091,ovary/fallopian tube,1.14261511967893,0.9515239790218,0.7112789390329247,1.1917690190106751,0.0,0.4922823833806569,0,0.5,0.8995043215461892,1.0941943221188504,False,240,60
olaparib,lineage,5,ACH-000013,ovary/fallopian tube,0.782731051179854,0.9515239790218,0.7112789390329247,1.1917690190106751,1.0,0.4922823833806569,0,0.5,0.8995043215461892,1.0941943221188504,False,240,60
olaparib,lineage,5,ACH-000869,lung,1.0786966735208345,0.997823818982877,0.7575787789940017,1.2380688589717521,,0.501581929328539,1,0.5,0.8995043215461892,1.0941943221188504,False,240,60
olaparib,lineage,5,ACH-000347,pancreas,1.106849888800025,1.1061792409481692,0.865934200959294,1.3464242809370446,0.0,0.5058057259325128,1,0.5,0.8995043215461892,1.0941943221188504,False,240,60
olaparib,lineage,5,ACH-000307,pancreas,1.0654335748024626,1.1061792409481692,0.865934200959294,1.3464242809370446,,0.5058057259325128,1,0.5,0.8995043215461892,1.0941943221188504,False,240,60
olaparib,lineage,5,ACH-000663,ovary/fallopian tube,1.2301559271809301,0.9515239790218,0.7112789390329247,1.1917690190106751,0.0,0.4922823833806569,0,0.5,0.8995043215461892,1.0941943221188504,False,240,60
olaparib,lineage,5,ACH-000471,liver,1.11417914917047,0.9961858793031243,0.755940839314249,1.2364309192919996,0.0,0.4960538146075025,0,0.5,0.8995043215461892,1.0941943221188504,False,240,60
olaparib,lineage,5,ACH-000888,lung,1.0194255701188601,0.997823818982877,0.7575787789940017,1.2380688589717521,,0.501581929328539,1,0.5,0.8995043215461892,1.0941943221188504,False,240,60
olaparib,lineage,5,ACH-000030,lung,0.893915059631603,0.997823818982877,0.7575787789940017,1.2380688589717521,1.0,0.501581929328539,1,0.5,0.8995043215461892,1.0941943221188504,False,240,60
olaparib,lineage,5,ACH-000796,ovary/fallopian tube,1.0305286409645946,0.9515239790218,0.7112789390329247,1.1917690190106751,,0.4922823833806569,0,0.5,0.8995043215461892,1.0941943221188504,False,240,60
olaparib,lineage,5,ACH-000408,esophagus/stomach,1.1966233857825501,0.998954598778037,0.7587095587891618,1.2391996387669124,0.0,0.5002731668093142,1,0.5,0.8995043215461892,1.0941943221188504,False,240,60
olaparib,lineage,5,ACH-000788,skin,0.8558145614939869,1.0448579217110385,0.8046128817221633,1.2851029616999137,1.0,0.5158556819440493,1,0.5,0.8995043215461892,1.0941943221188504,False,240,60
olaparib,lineage,5,ACH-000542,ovary/fallopian tube,0.902799696990953,0.9515239790218,0.7112789390329247,1.1917690190106751,,0.4922823833806569,0,0.5,0.8995043215461892,1.0941943221188504,False,240,60
olaparib,lineage,5,ACH-000288,breast,1.14195367411983,1.015401275121999,0.7751562351331237,1.2556463151108743,0.0,0.5078463850403803,1,0.5,0.8995043215461892,1.0941943221188504,False,240,60
olaparib,lineage,5,ACH-000320,pancreas,0.9108576245223048,1.1061792409481692,0.865934200959294,1.3464242809370446,,0.5058057259325128,1,0.5,0.8995043215461892,1.0941943221188504,False,240,60
olaparib,lineage,5,ACH-000052,bone,0.884920530601704,0.8960223026788321,0.6557772626899568,1.1362673426677072,1.0,0.48666176418852114,0,0.5,0.8995043215461892,1.0941943221188504,False,240,60
olaparib,elastic_net,5,ACH-000461,biliary tract,1.33498041853236,1.0578617651974225,0.8438834609815503,1.2718400694132947,0.0,0.47000106707019523,0,0.5,0.8995043215461892,1.0941943221188504,False,240,60
olaparib,elastic_net,5,ACH-000117,breast,1.258699458872415,0.9970833673550381,0.783105063139166,1.2110616715709104,0.0,0.48263212439958275,0,0.5,0.8995043215461892,1.0941943221188504,False,240,60
olaparib,elastic_net,5,ACH-000627,lung,1.0518939725288206,1.065314614544498,0.8513363103286259,1.2792929187603703,,0.4572144959146556,0,0.5,0.8995043215461892,1.0941943221188504,False,240,60
olaparib,elastic_net,5,ACH-000941,uterus,1.16868484789658,0.9583823194599931,0.7444040152441209,1.1723606236758652,0.0,0.49802894196237807,0,0.5,0.8995043215461892,1.0941943221188504,False,240,60
olaparib,elastic_net,5,ACH-000260,peripheral nervous system,1.042937211348955,0.9838219819197992,0.769843677703927,1.1978002861356714,,0.5194531720077978,1,0.5,0.8995043215461892,1.0941943221188504,False,240,60
olaparib,elastic_net,5,ACH-000946,uterus,0.9916087500045663,1.0032561022416333,0.7892777980257611,1.2172344064575054,,0.5415542967145113,1,0.5,0.8995043215461892,1.0941943221188504,False,240,60
olaparib,elastic_net,5,ACH-000019,breast,0.9493802432002255,1.0063453638003685,0.7923670595844964,1.2203236680162406,,0.4572203097393564,0,0.5,0.8995043215461892,1.0941943221188504,False,240,60
olaparib,elastic_net,5,ACH-000684,kidney,0.9170426874914832,1.0664239859349909,0.8524456817191187,1.280402290150863,,0.4622735518070456,0,0.5,0.8995043215461892,1.0941943221188504,False,240,60
olaparib,elastic_net,5,ACH-000732,head and neck,1.21343998902658,1.040528247844385,0.8265499436285128,1.2545065520602572,0.0,0.5175268449778332,1,0.5,0.8995043215461892,1.0941943221188504,False,240,60
olaparib,elastic_net,5,ACH-000896,bladder/urinary tract,0.9093015146304231,1.0407613218864433,0.8267830176705712,1.2547396261023156,,0.49314363248013904,0,0.5,0.8995043215461892,1.0941943221188504,False,240,60
olaparib,elastic_net,5,ACH-000943,bowel,1.04138290509594,0.9871018335868508,0.7731235293709786,1.201080137802723,,0.5076202173292936,1,0.5,0.8995043215461892,1.0941943221188504,False,240,60
olaparib,elastic_net,5,ACH-000164,pancreas,0.8731900054339309,1.0171492453240714,0.8031709411081992,1.2311275495399436,1.0,0.4727745145298547,0,0.5,0.8995043215461892,1.0941943221188504,False,240,60
olaparib,elastic_net,5,ACH-000153,pleura,1.0829613278469485,1.0020022783099027,0.7880239740940306,1.2159805825257748,,0.48442523186292263,0,0.5,0.8995043215461892,1.0941943221188504,False,240,60
olaparib,elastic_net,5,ACH-000681,lung,1.053692916993004,1.0301386400448913,0.8161603358290191,1.2441169442607634,,0.5363409849768211,1,0.5,0.8995043215461892,1.0941943221188504,False,240,60
olaparib,elastic_net,5,ACH-000671,liver,1.1463363462986154,0.9583887401882822,0.7444104359724101,1.1723670444041545,0.0,0.4582693287264058,0,0.5,0.8995043215461892,1.0941943221188504,False,240,60
olaparib,elastic_net,5,ACH-000890,lung,1.0812633491344594,0.9754738034377028,0.7614954992218307,1.1894521076535751,,0.47017292087398743,0,0.5,0.8995043215461892,1.0941943221188504,False,240,60
olaparib,elastic_net,5,ACH-000748,bone,1.0242670031129044,0.931124076288011,0.7171457720721388,1.1451023805038831,,0.5407502812024728,1,0.5,0.8995043215461892,1.0941943221188504,False,240,60
olaparib,elastic_net,5,ACH-000403,bowel,1.29661181027489,1.023244001060892,0.8092656968450199,1.2372223052767644,0.0,0.528336751292869,1,0.5,0.8995043215461892,1.0941943221188504,False,240,60
olaparib,elastic_net,5,ACH-000318,esophagus/stomach,1.0488188864438632,1.0165203445641244,0.8025420403482523,1.2304986487799967,,0.4985916274701434,0,0.5,0.8995043215461892,1.0941943221188504,False,240,60
olaparib,elastic_net,5,ACH-000736,esophagus/stomach,0.7242549713651092,0.9978118953123738,0.7838335910965016,1.211790199528246,1.0,0.5422252198667297,1,0.5,0.8995043215461892,1.0941943221188504,False,240,60
olaparib,elastic_net,5,ACH-000361,liver,0.89396979040285,0.9987988745297404,0.7848205703138682,1.2127771787456125,1.0,0.4806061809788224,0,0.5,0.8995043215461892,1.0941943221188504,False,240,60
olaparib,elastic_net,5,ACH-000407,uterus,0.7351266298804133,0.962429115608253,0.7484508113923808,1.176407419824125,1.0,0.5296962081839174,1,0.5,0.8995043215461892,1.0941943221188504,False,240,60
olaparib,elastic_net,5,ACH-000599,pancreas,0.9220996053433483,1.0325643253182468,0.8185860211023747,1.2465426295341189,,0.4671492558203987,0,0.5,0.8995043215461892,1.0941943221188504,False,240,60
olaparib,elastic_net,5,ACH-000250,kidney,1.1242579039988598,1.030635181308198,0.8166568770923258,1.24461348552407,0.0,0.46574835836874845,0,0.5,0.8995043215461892,1.0941943221188504,False,240,60
olaparib,elastic_net,5,ACH-000155,pancreas,0.8336496710734396,1.0501254089278096,0.8361471047119374,1.2641037131436819,1.0,0.46600667079200064,0,0.5,0.8995043215461892,1.0941943221188504,False,240,60
olaparib,elastic_net,5,ACH-000188,head and neck,0.9314348072535975,0.9934153016117803,0.7794369973959081,1.2073936058276524,,0.5413613255699746,1,0.5,0.8995043215461892,1.0941943221188504,False,240,60
olaparib,elastic_net,5,ACH-000415,head and neck,0.814175306613331,1.0163133922238121,0.80233508800794,1.2302916964396844,1.0,0.5310539642278671,1,0.5,0.8995043215461892,1.0941943221188504,False,240,60
olaparib,elastic_net,5,ACH-000618,head and neck,1.1016623725531183,0.9943018430598393,0.7803235388439671,1.2082801472757114,0.0,0.5372579820861818,1,0.5,0.8995043215461892,1.0941943221188504,False,240,60
olaparib,elastic_net,5,ACH-000014,skin,0.8489803516919985,1.079155166040594,0.8651768618247219,1.2931334702564663,1.0,0.454882874478083,0,0.5,0.8995043215461892,1.0941943221188504,False,240,60
olaparib,elastic_net,5,ACH-000855,esophagus/stomach,1.027487468448635,0.971173605773461,0.7571953015575889,1.185151909989333,,0.4950689755634936,0,0.5,0.8995043215461892,1.0941943221188504,False,240,60
olaparib,elastic_net,5,ACH-000393,liver,1.0975990682866699,1.00495681468426,0.7909785104683879,1.218935118900132,0.0,0.4648448126320155,0,0.5,0.8995043215461892,1.0941943221188504,False,240,60
olaparib,elastic_net,5,ACH-000007,bowel,1.0522536546237922,1.0359716640392027,0.8219933598233305,1.2499499682550748,,0.46185012575997286,0,0.5,0.8995043215461892,1.0941943221188504,False,240,60
olaparib,elastic_net,5,ACH-000665,lung,1.15526350443082,1.0234502470034632,0.809471942787591,1.2374285512193355,0.0,0.524623688581398,1,0.5,0.8995043215461892,1.0941943221188504,False,240,60
olaparib,elastic_net,5,ACH-001239,skin,1.005920339079884,1.03355880907877,0.8195805048628978,1.247537113294642,,0.4547806547326068,0,0.5,0.8995043215461892,1.0941943221188504,False,240,60
olaparib,elastic_net,5,ACH-000826,lung,0.9132373194616379,1.0723443678297513,0.8583660636138791,1.2863226720456233,,0.4573250991160875,0,0.5,0.8995043215461892,1.0941943221188504,False,240,60
olaparib,elastic_net,5,ACH-000589,lung,1.0366575335882193,0.9918020961533062,0.777823791937434,1.2057804003691783,,0.48661509257173724,0,0.5,0.8995043215461892,1.0941943221188504,False,240,60
olaparib,elastic_net,5,ACH-000243,pancreas,0.9699857710186843,0.9953938576371804,0.7814155534213082,1.2093721618530524,,0.4832711859216996,0,0.5,0.8995043215461892,1.0941943221188504,False,240,60
olaparib,elastic_net,5,ACH-000840,lung,0.9872453755941546,0.9989520698874141,0.784973765671542,1.2129303741032862,,0.4949300939335561,0,0.5,0.8995043215461892,1.0941943221188504,False,240,60
olaparib,elastic_net,5,ACH-000822,skin,0.9208902326796444,1.0503449382581025,0.8363666340422303,1.2643232424739748,,0.4561155608834556,0,0.5,0.8995043215461892,1.0941943221188504,False,240,60
olaparib,elastic_net,5,ACH-000527,ovary/fallopian tube,0.938137860277567,1.0273275671621471,0.813349262946275,1.2413058713780192,,0.4606978875347282,0,0.5,0.8995043215461892,1.0941943221188504,False,240,60
olaparib,elastic_net,5,ACH-000021,lung,0.965777323746698,1.0427721668628638,0.8287938626469916,1.2567504710787358,,0.45549185077362647,0,0.5,0.8995043215461892,1.0941943221188504,False,240,60
olaparib,elastic_net,5,ACH-000573,breast,0.6803862367794584,1.0428445377344824,0.8288662335186102,1.2568228419503544,1.0,0.4602575358760417,0,0.5,0.8995043215461892,1.0941943221188504,False,240,60
olaparib,elastic_net,5,ACH-000364,bone,0.8556028475729687,0.9216022202232237,0.7076239160073515,1.1355805244390957,1.0,0.5067991354055379,1,0.5,0.8995043215461892,1.0941943221188504,False,240,60
olaparib,elastic_net,5,ACH-001306,thyroid,1.0596074356032497,1.0164288861797577,0.8024505819638855,1.23040719039563,,0.4610078992102942,0,0.5,0.8995043215461892,1.0941943221188504,False,240,60
olaparib,elastic_net,5,ACH-000738,cns/brain,0.9800892066490869,1.0311624725319606,0.8171841683160884,1.2451407767478329,,0.46545977673541794,0,0.5,0.8995043215461892,1.0941943221188504,False,240,60
olaparib,elastic_net,5,ACH-000759,breast,0.9376499341813875,1.0564018285174273,0.8424235243015551,1.2703801327332993,,0.511444846072279,1,0.5,0.8995043215461892,1.0941943221188504,False,240,60
olaparib,elastic_net,5,ACH-000921,lung,1.0523745762887051,1.0529957945995703,0.8390174903836981,1.2669740988154423,,0.46166845005726187,0,0.5,0.8995043215461892,1.0941943221188504,False,240,60
olaparib,elastic_net,5,ACH-000488,esophagus/stomach,1.0799229209238734,0.9899837896002581,0.776005485384386,1.2039620938161302,,0.5389163969760222,1,0.5,0.8995043215461892,1.0941943221188504,False,240,60
olaparib,elastic_net,5,ACH-000693,esophagus/stomach,0.9191774649911234,0.9855940238110414,0.7716157195951693,1.1995723280269135,,0.5412147752124665,1,0.5,0.8995043215461892,1.0941943221188504,False,240,60
olaparib,elastic_net,5,ACH-000601,pancreas,0.9415786135719869,0.9930648247579413,0.7790865205420692,1.2070431289738135,,0.5143480773905832,1,0.5,0.8995043215461892,1.0941943221188504,False,240,60
olaparib,elastic_net,5,ACH-000630,head and neck,1.4281056391282547,0.9471396076744325,0.7331613034585603,1.1611179118903046,0.0,0.5400451576171512,1,0.5,0.8995043215461892,1.0941943221188504,False,240,60
olaparib,elastic_net,5,ACH-000042,pancreas,1.1114704116956027,1.0750061112080047,0.8610278069921325,1.2889844154238768,0.0,0.4626481131792521,0,0.5,0.8995043215461892,1.0941943221188504,False,240,60
olaparib,elastic_net,5,ACH-000182,ampulla of vater,0.8450416702693868,1.0722141326990293,0.8582358284831572,1.2861924369149014,1.0,0.513404433509501,1,0.5,0.8995043215461892,1.0941943221188504,False,240,60
olaparib,elastic_net,5,ACH-000846,head and neck,0.839542239393295,0.9926970997915578,0.7787187955756857,1.20667540400743,1.0,0.5411191343896755,1,0.5,0.8995043215461892,1.0941943221188504,False,240,60
olaparib,elastic_net,5,ACH-000062,lung,0.8978181822164104,0.9285300493624618,0.7145517451465896,1.142508353578334,1.0,0.5017750481844026,1,0.5,0.8995043215461892,1.0941943221188504,False,240,60
olaparib,elastic_net,5,ACH-000939,uterus,0.9005886348111677,0.9652771399620869,0.7512988357462147,1.179255444177959,,0.5405377205295822,1,0.5,0.8995043215461892,1.0941943221188504,False,240,60
olaparib,elastic_net,5,ACH-000961,uterus,0.9566572889627851,0.9742749318000975,0.7602966275842253,1.1882532360159697,,0.4622893515362522,0,0.5,0.8995043215461892,1.0941943221188504,False,240,60
olaparib,elastic_net,5,ACH-000833,soft tissue,0.8988550238497067,0.9974116577316121,0.78343335351574,1.2113899619474844,1.0,0.4756391932994001,0,0.5,0.8995043215461892,1.0941943221188504,False,240,60
olaparib,elastic_net,5,ACH-000091,ovary/fallopian tube,1.14261511967893,1.003245182410199,0.789266878194327,1.2172234866260712,0.0,0.5205143152524169,1,0.5,0.8995043215461892,1.0941943221188504,False,240,60
olaparib,elastic_net,5,ACH-000013,ovary/fallopian tube,0.782731051179854,0.9890004994772166,0.7750221952613444,1.2029788036930888,1.0,0.49012272367661663,0,0.5,0.8995043215461892,1.0941943221188504,False,240,60
olaparib,elastic_net,5,ACH-000869,lung,1.0786966735208345,1.024636638557162,0.8106583343412898,1.238614942773034,,0.45736604078554005,0,0.5,0.8995043215461892,1.0941943221188504,False,240,60
olaparib,elastic_net,5,ACH-000347,pancreas,1.106849888800025,1.0188449930413759,0.8048666888255037,1.232823297257248,0.0,0.46581154668506797,0,0.5,0.8995043215461892,1.0941943221188504,False,240,60
olaparib,elastic_net,5,ACH-000307,pancreas,1.0654335748024626,0.9959623207196119,0.7819840165037397,1.209940624935484,,0.48435478287804734,0,0.5,0.8995043215461892,1.0941943221188504,False,240,60
olaparib,elastic_net,5,ACH-000663,ovary/fallopian tube,1.2301559271809301,1.0668797566890367,0.8529014524731645,1.280858060904909,0.0,0.4555386519523266,0,0.5,0.8995043215461892,1.0941943221188504,False,240,60
olaparib,elastic_net,5,ACH-000471,liver,1.11417914917047,1.0228128595856232,0.808834555369751,1.2367911638014952,0.0,0.5427504251267273,1,0.5,0.8995043215461892,1.0941943221188504,False,240,60
olaparib,elastic_net,5,ACH-000888,lung,1.0194255701188601,0.9814309443820173,0.7674526401661451,1.1954092485978896,,0.45806753128155936,0,0.5,0.8995043215461892,1.0941943221188504,False,240,60
olaparib,elastic_net,5,ACH-000030,lung,0.893915059631603,1.0525255498978843,0.8385472456820121,1.2665038541137563,1.0,0.47199819067100424,0,0.5,0.8995043215461892,1.0941943221188504,False,240,60
olaparib,elastic_net,5,ACH-000796,ovary/fallopian tube,1.0305286409645946,1.0696275249268552,0.855649220710983,1.2836058291427275,,0.46345022059883767,0,0.5,0.8995043215461892,1.0941943221188504,False,240,60
olaparib,elastic_net,5,ACH-000408,esophagus/stomach,1.1966233857825501,0.9628201627793938,0.7488418585635216,1.1767984669952658,0.0,0.5357748784037948,1,0.5,0.8995043215461892,1.0941943221188504,False,240,60
olaparib,elastic_net,5,ACH-000788,skin,0.8558145614939869,1.0173923340353597,0.8034140298194875,1.231370638251232,1.0,0.45503565119629946,0,0.5,0.8995043215461892,1.0941943221188504,False,240,60
olaparib,elastic_net,5,ACH-000542,ovary/fallopian tube,0.902799696990953,1.0183310511859514,0.8043527469700792,1.2323093554018234,,0.4574851933054032,0,0.5,0.8995043215461892,1.0941943221188504,False,240,60
olaparib,elastic_net,5,ACH-000288,breast,1.14195367411983,0.9987030741648779,0.7847247699490058,1.2126813783807502,0.0,0.4913258432148338,0,0.5,0.8995043215461892,1.0941943221188504,False,240,60
olaparib,elastic_net,5,ACH-000320,pancreas,0.9108576245223048,0.9375454377803006,0.7235671335644285,1.1515237419961728,,0.49858631891950617,0,0.5,0.8995043215461892,1.0941943221188504,False,240,60
olaparib,elastic_net,5,ACH-000052,bone,0.884920530601704,0.9069893403488781,0.693011036133006,1.1209676445647503,1.0,0.5431023739009319,1,0.5,0.8995043215461892,1.0941943221188504,False,240,60
olaparib,xgboost,5,ACH-000461,biliary tract,1.33498041853236,1.1442512273788452,0.9039093965286163,1.3845930582290742,0.0,0.45804431315829863,0,0.5,0.8995043215461892,1.0941943221188504,False,240,60
olaparib,xgboost,5,ACH-000117,breast,1.258699458872415,1.005406141281128,0.7650643104308991,1.245747972131357,0.0,0.47434410774045643,0,0.5,0.8995043215461892,1.0941943221188504,False,240,60
olaparib,xgboost,5,ACH-000627,lung,1.0518939725288206,1.0791748762130737,0.8388330453628449,1.3195167070633027,,0.49103816793432253,0,0.5,0.8995043215461892,1.0941943221188504,False,240,60
olaparib,xgboost,5,ACH-000941,uterus,1.16868484789658,1.0019766092300415,0.7616347783798126,1.2423184400802705,0.0,0.48044095428106254,0,0.5,0.8995043215461892,1.0941943221188504,False,240,60
olaparib,xgboost,5,ACH-000260,peripheral nervous system,1.042937211348955,0.9606374502182007,0.7202956193679718,1.2009792810684297,,0.5393173498522961,1,0.5,0.8995043215461892,1.0941943221188504,False,240,60
olaparib,xgboost,5,ACH-000946,uterus,0.9916087500045663,0.9442170858383179,0.703875254988089,1.1845589166885468,,0.5162624492108489,1,0.5,0.8995043215461892,1.0941943221188504,False,240,60
olaparib,xgboost,5,ACH-000019,breast,0.9493802432002255,0.9944581985473633,0.7541163676971344,1.2348000293975923,,0.49689548348215545,0,0.5,0.8995043215461892,1.0941943221188504,False,240,60
olaparib,xgboost,5,ACH-000684,kidney,0.9170426874914832,1.0078465938568115,0.7675047630065827,1.2481884247070405,,0.45983767141562093,0,0.5,0.8995043215461892,1.0941943221188504,False,240,60
olaparib,xgboost,5,ACH-000732,head and neck,1.21343998902658,0.9677857160568237,0.7274438852065949,1.2081275469070527,0.0,0.5019426122517185,1,0.5,0.8995043215461892,1.0941943221188504,False,240,60
olaparib,xgboost,5,ACH-000896,bladder/urinary tract,0.9093015146304231,1.038143277168274,0.7978014463180451,1.278485108018503,,0.470509105756943,0,0.5,0.8995043215461892,1.0941943221188504,False,240,60
olaparib,xgboost,5,ACH-000943,bowel,1.04138290509594,0.9354776740074158,0.6951358431571869,1.1758195048576447,,0.5240924545368065,1,0.5,0.8995043215461892,1.0941943221188504,False,240,60
olaparib,xgboost,5,ACH-000164,pancreas,0.8731900054339309,1.0331847667694092,0.7928429359191803,1.2735265976196382,1.0,0.474933497410961,0,0.5,0.8995043215461892,1.0941943221188504,False,240,60
olaparib,xgboost,5,ACH-000153,pleura,1.0829613278469485,0.9809591770172119,0.740617346166983,1.221301007867441,,0.5150453009377363,1,0.5,0.8995043215461892,1.0941943221188504,False,240,60
olaparib,xgboost,5,ACH-000681,lung,1.053692916993004,1.0331705808639526,0.7928287500137238,1.2735124117141816,,0.5132767607358568,1,0.5,0.8995043215461892,1.0941943221188504,False,240,60
olaparib,xgboost,5,ACH-000671,liver,1.1463363462986154,0.9687573313713074,0.7284155005210785,1.2090991622215363,0.0,0.5208114890428874,1,0.5,0.8995043215461892,1.0941943221188504,False,240,60
olaparib,xgboost,5,ACH-000890,lung,1.0812633491344594,0.9943395853042603,0.7539977544540314,1.2346814161544892,,0.4844736491022591,0,0.5,0.8995043215461892,1.0941943221188504,False,240,60
olaparib,xgboost,5,ACH-000748,bone,1.0242670031129044,0.9805084466934204,0.7401666158431915,1.2208502775436494,,0.5286437363383795,1,0.5,0.8995043215461892,1.0941943221188504,False,240,60
olaparib,xgboost,5,ACH-000403,bowel,1.29661181027489,1.0753694772720337,0.8350276464218048,1.3157113081222627,0.0,0.5042337264159973,1,0.5,0.8995043215461892,1.0941943221188504,False,240,60
olaparib,xgboost,5,ACH-000318,esophagus/stomach,1.0488188864438632,1.0574676990509033,0.8171258682006745,1.2978095299011323,,0.49460876410952276,0,0.5,0.8995043215461892,1.0941943221188504,False,240,60
olaparib,xgboost,5,ACH-000736,esophagus/stomach,0.7242549713651092,1.0322353839874268,0.7918935531371979,1.2725772148376557,1.0,0.5123053662423459,1,0.5,0.8995043215461892,1.0941943221188504,False,240,60
olaparib,xgboost,5,ACH-000361,liver,0.89396979040285,1.0465935468673706,0.8062517160171417,1.2869353777175996,1.0,0.4737219833460655,0,0.5,0.8995043215461892,1.0941943221188504,False,240,60
olaparib,xgboost,5,ACH-000407,uterus,0.7351266298804133,0.9726673364639282,0.7323255056136994,1.2130091673141572,1.0,0.5259748623006036,1,0.5,0.8995043215461892,1.0941943221188504,False,240,60
olaparib,xgboost,5,ACH-000599,pancreas,0.9220996053433483,1.042941927909851,0.8026000970596222,1.28328375876008,,0.4494698122954448,0,0.5,0.8995043215461892,1.0941943221188504,False,240,60
olaparib,xgboost,5,ACH-000250,kidney,1.1242579039988598,1.0039905309677124,0.7636487001174835,1.2443323618179414,0.0,0.4854622049413998,0,0.5,0.8995043215461892,1.0941943221188504,False,240,60
olaparib,xgboost,5,ACH-000155,pancreas,0.8336496710734396,1.0324403047561646,0.7920984739059357,1.2727821356063935,1.0,0.4604196067207117,0,0.5,0.8995043215461892,1.0941943221188504,False,240,60
olaparib,xgboost,5,ACH-000188,head and neck,0.9314348072535975,0.991495668888092,0.7511538380378632,1.231837499738321,,0.5086526812746879,1,0.5,0.8995043215461892,1.0941943221188504,False,240,60
olaparib,xgboost,5,ACH-000415,head and neck,0.814175306613331,1.0287007093429565,0.7883588784927277,1.2690425401931855,1.0,0.5044704489893822,1,0.5,0.8995043215461892,1.0941943221188504,False,240,60
olaparib,xgboost,5,ACH-000618,head and neck,1.1016623725531183,1.0270483493804932,0.7867065185302643,1.2673901802307221,0.0,0.5248648031491423,1,0.5,0.8995043215461892,1.0941943221188504,False,240,60
olaparib,xgboost,5,ACH-000014,skin,0.8489803516919985,1.0410919189453125,0.8007500880950836,1.2814337497955415,1.0,0.44427243274726763,0,0.5,0.8995043215461892,1.0941943221188504,False,240,60
olaparib,xgboost,5,ACH-000855,esophagus/stomach,1.027487468448635,0.9473394751548767,0.7069976443046478,1.1876813060051057,,0.5250739026453536,1,0.5,0.8995043215461892,1.0941943221188504,False,240,60
olaparib,xgboost,5,ACH-000393,liver,1.0975990682866699,1.0314202308654785,0.7910784000152496,1.2717620617157075,0.0,0.4863025215165691,0,0.5,0.8995043215461892,1.0941943221188504,False,240,60
olaparib,xgboost,5,ACH-000007,bowel,1.0522536546237922,1.07219398021698,0.8318521493667511,1.312535811067209,,0.47926402759719755,0,0.5,0.8995043215461892,1.0941943221188504,False,240,60
olaparib,xgboost,5,ACH-000665,lung,1.15526350443082,0.9817644357681274,0.7414226049178986,1.2221062666183564,0.0,0.48988128659722724,0,0.5,0.8995043215461892,1.0941943221188504,False,240,60
olaparib,xgboost,5,ACH-001239,skin,1.005920339079884,1.0516489744186401,0.8113071435684113,1.2919908052688691,,0.45355285036563353,0,0.5,0.8995043215461892,1.0941943221188504,False,240,60
olaparib,xgboost,5,ACH-000826,lung,0.9132373194616379,1.0048880577087402,0.7645462268585114,1.2452298885589692,,0.4635095319977149,0,0.5,0.8995043215461892,1.0941943221188504,False,240,60
olaparib,xgboost,5,ACH-000589,lung,1.0366575335882193,1.0681746006011963,0.8278327697509674,1.3085164314514253,,0.47144002792433215,0,0.5,0.8995043215461892,1.0941943221188504,False,240,60
olaparib,xgboost,5,ACH-000243,pancreas,0.9699857710186843,1.0025957822799683,0.7622539514297394,1.2429376131301972,,0.5244797251343709,1,0.5,0.8995043215461892,1.0941943221188504,False,240,60
olaparib,xgboost,5,ACH-000840,lung,0.9872453755941546,0.9693408012390137,0.7289989703887848,1.2096826320892426,,0.47327344091822593,0,0.5,0.8995043215461892,1.0941943221188504,False,240,60
olaparib,xgboost,5,ACH-000822,skin,0.9208902326796444,1.0125441551208496,0.7722023242706207,1.2528859859710786,,0.4429984177582741,0,0.5,0.8995043215461892,1.0941943221188504,False,240,60
olaparib,xgboost,5,ACH-000527,ovary/fallopian tube,0.938137860277567,0.9932732582092285,0.7529314273589996,1.2336150890594575,,0.44713389575560536,0,0.5,0.8995043215461892,1.0941943221188504,False,240,60
olaparib,xgboost,5,ACH-000021,lung,0.965777323746698,1.034230351448059,0.7938885205978302,1.274572182298288,,0.4525558232736816,0,0.5,0.8995043215461892,1.0941943221188504,False,240,60
olaparib,xgboost,5,ACH-000573,breast,0.6803862367794584,1.0516414642333984,0.8112996333831696,1.2919832950836274,1.0,0.49251835983381836,0,0.5,0.8995043215461892,1.0941943221188504,False,240,60
olaparib,xgboost,5,ACH-000364,bone,0.8556028475729687,0.9516638517379761,0.7113220208877472,1.192005682588205,1.0,0.49031173690217816,0,0.5,0.8995043215461892,1.0941943221188504,False,240,60
olaparib,xgboost,5,ACH-001306,thyroid,1.0596074356032497,1.0735238790512085,0.8331820482009796,1.3138657099014375,,0.45938883696959193,0,0.5,0.8995043215461892,1.0941943221188504,False,240,60
olaparib,xgboost,5,ACH-000738,cns/brain,0.9800892066490869,1.035090446472168,0.7947486156219391,1.275432277322397,,0.4926944548628174,0,0.5,0.8995043215461892,1.0941943221188504,False,240,60
olaparib,xgboost,5,ACH-000759,breast,0.9376499341813875,1.0601907968521118,0.819848966001883,1.3005326277023408,,0.45106940572659976,0,0.5,0.8995043215461892,1.0941943221188504,False,240,60
olaparib,xgboost,5,ACH-000921,lung,1.0523745762887051,0.9795171618461609,0.739175330995932,1.2198589926963899,,0.5070551975718091,1,0.5,0.8995043215461892,1.0941943221188504,False,240,60
olaparib,xgboost,5,ACH-000488,esophagus/stomach,1.0799229209238734,0.9998679757118225,0.7595261448615936,1.2402098065620515,,0.4715325666578405,0,0.5,0.8995043215461892,1.0941943221188504,False,240,60
olaparib,xgboost,5,ACH-000693,esophagus/stomach,0.9191774649911234,0.978119969367981,0.7377781385177521,1.21846180021821,,0.5350648756836206,1,0.5,0.8995043215461892,1.0941943221188504,False,240,60
olaparib,xgboost,5,ACH-000601,pancreas,0.9415786135719869,1.0378057956695557,0.7974639648193268,1.2781476265197846,,0.49022085296108686,0,0.5,0.8995043215461892,1.0941943221188504,False,240,60
olaparib,xgboost,5,ACH-000630,head and neck,1.4281056391282547,0.9852401614189148,0.7448983305686859,1.2255819922691438,0.0,0.5228558339304156,1,0.5,0.8995043215461892,1.0941943221188504,False,240,60
olaparib,xgboost,5,ACH-000042,pancreas,1.1114704116956027,1.0668410062789917,0.8264991754287628,1.3071828371292207,0.0,0.4564936818350639,0,0.5,0.8995043215461892,1.0941943221188504,False,240,60
olaparib,xgboost,5,ACH-000182,ampulla of vater,0.8450416702693868,1.078679084777832,0.8383372539276032,1.319020915628061,1.0,0.48572801933144827,0,0.5,0.8995043215461892,1.0941943221188504,False,240,60
olaparib,xgboost,5,ACH-000846,head and neck,0.839542239393295,0.9224978089332581,0.6821559780830292,1.162839639783487,1.0,0.5417512658852665,1,0.5,0.8995043215461892,1.0941943221188504,False,240,60
olaparib,xgboost,5,ACH-000062,lung,0.8978181822164104,1.003304123878479,0.7629622930282501,1.243645954728708,1.0,0.5090067998614591,1,0.5,0.8995043215461892,1.0941943221188504,False,240,60
olaparib,xgboost,5,ACH-000939,uterus,0.9005886348111677,0.9643406271934509,0.7239987963432221,1.20468245804368,,0.5261369556197576,1,0.5,0.8995043215461892,1.0941943221188504,False,240,60
olaparib,xgboost,5,ACH-000961,uterus,0.9566572889627851,0.9891198873519897,0.7487780565017609,1.2294617182022187,,0.5329909282261863,1,0.5,0.8995043215461892,1.0941943221188504,False,240,60
olaparib,xgboost,5,ACH-000833,soft tissue,0.8988550238497067,1.0046449899673462,0.7643031591171173,1.2449868208175752,1.0,0.5071487263103094,1,0.5,0.8995043215461892,1.0941943221188504,False,240,60
olaparib,xgboost,5,ACH-000091,ovary/fallopian tube,1.14261511967893,1.0428104400634766,0.8024686092132477,1.2831522709137055,0.0,0.4874270244365486,0,0.5,0.8995043215461892,1.0941943221188504,False,240,60
olaparib,xgboost,5,ACH-000013,ovary/fallopian tube,0.782731051179854,0.9896900057792664,0.7493481749290375,1.2300318366294953,1.0,0.5144305596652375,1,0.5,0.8995043215461892,1.0941943221188504,False,240,60
olaparib,xgboost,5,ACH-000869,lung,1.0786966735208345,1.033430814743042,0.7930889838928131,1.273772645593271,,0.45385214710668526,0,0.5,0.8995043215461892,1.0941943221188504,False,240,60
olaparib,xgboost,5,ACH-000347,pancreas,1.106849888800025,1.0007424354553223,0.7604006046050934,1.2410842663055512,0.0,0.47331447747139566,0,0.5,0.8995043215461892,1.0941943221188504,False,240,60
olaparib,xgboost,5,ACH-000307,pancreas,1.0654335748024626,1.039663553237915,0.7993217223876862,1.280005384088144,,0.5169467350563537,1,0.5,0.8995043215461892,1.0941943221188504,False,240,60
olaparib,xgboost,5,ACH-000663,ovary/fallopian tube,1.2301559271809301,1.035075306892395,0.7947334760421662,1.275417137742624,0.0,0.4735542487025882,0,0.5,0.8995043215461892,1.0941943221188504,False,240,60
olaparib,xgboost,5,ACH-000471,liver,1.11417914917047,1.0273796319961548,0.7870378011459259,1.2677214628463838,0.0,0.4683946475075498,0,0.5,0.8995043215461892,1.0941943221188504,False,240,60
olaparib,xgboost,5,ACH-000888,lung,1.0194255701188601,0.9715679287910461,0.7312260979408173,1.2119097596412751,,0.5153268355912678,1,0.5,0.8995043215461892,1.0941943221188504,False,240,60
olaparib,xgboost,5,ACH-000030,lung,0.893915059631603,1.0292317867279053,0.7888899558776764,1.2695736175781343,1.0,0.4732793021293612,0,0.5,0.8995043215461892,1.0941943221188504,False,240,60
olaparib,xgboost,5,ACH-000796,ovary/fallopian tube,1.0305286409645946,1.1181732416152954,0.8778314107650665,1.3585150724655244,,0.47422320652947725,0,0.5,0.8995043215461892,1.0941943221188504,False,240,60
olaparib,xgboost,5,ACH-000408,esophagus/stomach,1.1966233857825501,0.8879591822624207,0.6476173514121918,1.1283010131126496,0.0,0.547993596433406,1,0.5,0.8995043215461892,1.0941943221188504,False,240,60
olaparib,xgboost,5,ACH-000788,skin,0.8558145614939869,1.0367664098739624,0.7964245790237335,1.2771082407241914,1.0,0.4492232745297768,0,0.5,0.8995043215461892,1.0941943221188504,False,240,60
olaparib,xgboost,5,ACH-000542,ovary/fallopian tube,0.902799696990953,1.0311506986618042,0.7908088678115753,1.2714925295120332,,0.48469577716787143,0,0.5,0.8995043215461892,1.0941943221188504,False,240,60
olaparib,xgboost,5,ACH-000288,breast,1.14195367411983,0.999222993850708,0.7588811630004791,1.239564824700937,0.0,0.5164429092263492,1,0.5,0.8995043215461892,1.0941943221188504,False,240,60
olaparib,xgboost,5,ACH-000320,pancreas,0.9108576245223048,0.9926123023033142,0.7522704714530853,1.2329541331535432,,0.5021402766391851,1,0.5,0.8995043215461892,1.0941943221188504,False,240,60
olaparib,xgboost,5,ACH-000052,bone,0.884920530601704,0.9249442219734192,0.6846023911231903,1.1652860528236482,1.0,0.5498965191227633,1,0.5,0.8995043215461892,1.0941943221188504,False,240,60
