drug,family,fold,model_id,lineage,true_auc,predicted_auc,interval_lower,interval_upper,true_sensitive,sensitivity_probability,predicted_sensitive,decision_threshold,sensitive_auc_max,resistant_auc_min,technical_eligibility,n_fit,n_calibration
palbociclib,lineage,1,ACH-000461,biliary tract,1.18874919678512,1.099172763955252,0.8172392594769625,1.3811062684335416,0.0,0.46468415136408836,0,0.5,0.8476627647957431,1.0,False,236,60
palbociclib,lineage,1,ACH-000421,bowel,0.9689163260433755,1.0015785453948183,0.7196450409165288,1.2835120498731079,,0.4672773956413014,0,0.5,0.8476627647957431,1.0,False,236,60
palbociclib,lineage,1,ACH-000008,skin,1.1473288529541885,0.9072177060081043,0.6252842015298148,1.1891512104863937,0.0,0.47965838045369713,0,0.5,0.8476627647957431,1.0,False,236,60
palbociclib,lineage,1,ACH-000800,lung,1.455216176912435,0.9687203666419676,0.6867868621636781,1.250653871120257,0.0,0.4652428468431868,0,0.5,0.8476627647957431,1.0,False,236,60
palbociclib,lineage,1,ACH-000587,lung,0.883579831449213,0.9687203666419676,0.6867868621636781,1.250653871120257,,0.4652428468431868,0,0.5,0.8476627647957431,1.0,False,236,60
palbociclib,lineage,1,ACH-000785,lung,1.496967233613245,0.9687203666419676,0.6867868621636781,1.250653871120257,0.0,0.4652428468431868,0,0.5,0.8476627647957431,1.0,False,236,60
palbociclib,lineage,1,ACH-000880,esophagus/stomach,0.9132734691997395,0.9590522879098495,0.6771187834315601,1.2409857923881389,,0.4746470277465023,0,0.5,0.8476627647957431,1.0,False,236,60
palbociclib,lineage,1,ACH-000035,lung,0.9294569533139768,0.9687203666419676,0.6867868621636781,1.250653871120257,,0.4652428468431868,0,0.5,0.8476627647957431,1.0,False,236,60
palbociclib,lineage,1,ACH-000260,peripheral nervous system,1.130546157350615,0.9368192841269373,0.6548857796486478,1.2187527886052267,0.0,0.476176815197621,0,0.5,0.8476627647957431,1.0,False,236,60
palbociclib,lineage,1,ACH-000223,breast,1.1994939171362549,1.0075485423298625,0.725615037851573,1.289482046808152,0.0,0.45669912238853727,0,0.5,0.8476627647957431,1.0,False,236,60
palbociclib,lineage,1,ACH-000832,head and neck,0.8781835398898736,0.8751825372378693,0.5932490327595799,1.1571160417161588,,0.484201866998922,0,0.5,0.8476627647957431,1.0,False,236,60
palbociclib,lineage,1,ACH-000544,esophagus/stomach,0.795662316298265,0.9590522879098495,0.6771187834315601,1.2409857923881389,1.0,0.4746470277465023,0,0.5,0.8476627647957431,1.0,False,236,60
palbociclib,lineage,1,ACH-000684,kidney,0.8192936175718013,1.036091390288487,0.7541578858101975,1.3180248947667765,1.0,0.4776838555265266,0,0.5,0.8476627647957431,1.0,False,236,60
palbociclib,lineage,1,ACH-000896,bladder/urinary tract,0.9302072889176365,0.976920376729611,0.6949868722513215,1.2588538812079004,,0.47965838045369713,0,0.5,0.8476627647957431,1.0,False,236,60
palbociclib,lineage,1,ACH-000784,esophagus/stomach,0.9892208181399951,0.9590522879098495,0.6771187834315601,1.2409857923881389,,0.4746470277465023,0,0.5,0.8476627647957431,1.0,False,236,60
palbociclib,lineage,1,ACH-000662,lung,0.8852997017321202,0.9687203666419676,0.6867868621636781,1.250653871120257,,0.4652428468431868,0,0.5,0.8476627647957431,1.0,False,236,60
palbociclib,lineage,1,ACH-000164,pancreas,0.8709833896987611,0.9463639793769951,0.6644304748987057,1.2282974838552847,,0.47530182046580116,0,0.5,0.8476627647957431,1.0,False,236,60
palbociclib,lineage,1,ACH-000997,bowel,1.1845723828391201,1.0015785453948183,0.7196450409165288,1.2835120498731079,0.0,0.4672773956413014,0,0.5,0.8476627647957431,1.0,False,236,60
palbociclib,lineage,1,ACH-000819,cns/brain,0.8286476650553555,0.9634856815140115,0.681552177035722,1.245419185992301,1.0,0.46826643656057293,0,0.5,0.8476627647957431,1.0,False,236,60
palbociclib,lineage,1,ACH-000954,uterus,0.869728131534732,1.155738650525051,0.8738051460467616,1.4376721550033404,,0.4580470360924338,0,0.5,0.8476627647957431,1.0,False,236,60
palbociclib,lineage,1,ACH-000836,head and neck,0.8542943099145042,0.8751825372378693,0.5932490327595799,1.1571160417161588,,0.484201866998922,0,0.5,0.8476627647957431,1.0,False,236,60
palbociclib,lineage,1,ACH-000318,esophagus/stomach,1.10113321275385,0.9590522879098495,0.6771187834315601,1.2409857923881389,0.0,0.4746470277465023,0,0.5,0.8476627647957431,1.0,False,236,60
palbociclib,lineage,1,ACH-000719,ovary/fallopian tube,1.134251420300139,1.0261640389958437,0.7442305345175543,1.3080975434741333,0.0,0.46895841104612845,0,0.5,0.8476627647957431,1.0,False,236,60
palbociclib,lineage,1,ACH-000674,esophagus/stomach,0.69639625298509,0.9590522879098495,0.6771187834315601,1.2409857923881389,1.0,0.4746470277465023,0,0.5,0.8476627647957431,1.0,False,236,60
palbociclib,lineage,1,ACH-000139,pancreas,0.9357031209311775,0.9463639793769951,0.6644304748987057,1.2282974838552847,,0.47530182046580116,0,0.5,0.8476627647957431,1.0,False,236,60
palbociclib,lineage,1,ACH-000188,head and neck,1.339486126063643,0.8751825372378693,0.5932490327595799,1.1571160417161588,0.0,0.484201866998922,0,0.5,0.8476627647957431,1.0,False,236,60
palbociclib,lineage,1,ACH-000680,bowel,0.8439982186196285,1.0015785453948183,0.7196450409165288,1.2835120498731079,1.0,0.4672773956413014,0,0.5,0.8476627647957431,1.0,False,236,60
palbociclib,lineage,1,ACH-000118,pancreas,0.8827730330845878,0.9463639793769951,0.6644304748987057,1.2282974838552847,,0.47530182046580116,0,0.5,0.8476627647957431,1.0,False,236,60
palbociclib,lineage,1,ACH-000265,pancreas,0.938605354429622,0.9463639793769951,0.6644304748987057,1.2282974838552847,,0.47530182046580116,0,0.5,0.8476627647957431,1.0,False,236,60
palbociclib,lineage,1,ACH-000855,esophagus/stomach,0.8795061276011826,0.9590522879098495,0.6771187834315601,1.2409857923881389,,0.4746470277465023,0,0.5,0.8476627647957431,1.0,False,236,60
palbociclib,lineage,1,ACH-000359,bone,0.7781588618986085,0.950235568932906,0.6683020644546165,1.2321690734111954,1.0,0.46468415136408836,0,0.5,0.8476627647957431,1.0,False,236,60
palbociclib,lineage,1,ACH-000716,thyroid,0.7364914210335489,1.037049000983562,0.7551154965052725,1.3189825054618516,1.0,0.46468415136408836,0,0.5,0.8476627647957431,1.0,False,236,60
palbociclib,lineage,1,ACH-000375,kidney,0.7400958563740054,1.036091390288487,0.7541578858101975,1.3180248947667765,1.0,0.4776838555265266,0,0.5,0.8476627647957431,1.0,False,236,60
palbociclib,lineage,1,ACH-000753,bladder/urinary tract,0.9389327649201711,0.976920376729611,0.6949868722513215,1.2588538812079004,,0.47965838045369713,0,0.5,0.8476627647957431,1.0,False,236,60
palbociclib,lineage,1,ACH-000605,esophagus/stomach,0.7695866927482493,0.9590522879098495,0.6771187834315601,1.2409857923881389,1.0,0.4746470277465023,0,0.5,0.8476627647957431,1.0,False,236,60
palbociclib,lineage,1,ACH-000367,pleura,0.8379438940417434,1.1190065418026582,0.8370730373243688,1.4009400462809478,1.0,0.4609495126148664,0,0.5,0.8476627647957431,1.0,False,236,60
palbociclib,lineage,1,ACH-000099,peripheral nervous system,0.871284205085127,0.9368192841269373,0.6548857796486478,1.2187527886052267,,0.476176815197621,0,0.5,0.8476627647957431,1.0,False,236,60
palbociclib,lineage,1,ACH-000649,kidney,0.82504119064785,1.036091390288487,0.7541578858101975,1.3180248947667765,1.0,0.4776838555265266,0,0.5,0.8476627647957431,1.0,False,236,60
palbociclib,lineage,1,ACH-000768,breast,0.9100292099226501,1.0075485423298625,0.725615037851573,1.289482046808152,,0.45669912238853727,0,0.5,0.8476627647957431,1.0,False,236,60
palbociclib,lineage,1,ACH-000527,ovary/fallopian tube,1.3172430934547399,1.0261640389958437,0.7442305345175543,1.3080975434741333,0.0,0.46895841104612845,0,0.5,0.8476627647957431,1.0,False,236,60
palbociclib,lineage,1,ACH-000696,ovary/fallopian tube,1.32785948260751,1.0261640389958437,0.7442305345175543,1.3080975434741333,0.0,0.46895841104612845,0,0.5,0.8476627647957431,1.0,False,236,60
palbociclib,lineage,1,ACH-001307,thyroid,0.9206339299291035,1.037049000983562,0.7551154965052725,1.3189825054618516,,0.46468415136408836,0,0.5,0.8476627647957431,1.0,False,236,60
palbociclib,lineage,1,ACH-000323,cns/brain,1.1511619434515106,0.9634856815140115,0.681552177035722,1.245419185992301,0.0,0.46826643656057293,0,0.5,0.8476627647957431,1.0,False,236,60
palbociclib,lineage,1,ACH-000021,lung,1.37410460815153,0.9687203666419676,0.6867868621636781,1.250653871120257,0.0,0.4652428468431868,0,0.5,0.8476627647957431,1.0,False,236,60
palbociclib,lineage,1,ACH-001190,skin,0.9624270808407724,0.9072177060081043,0.6252842015298148,1.1891512104863937,,0.47965838045369713,0,0.5,0.8476627647957431,1.0,False,236,60
palbociclib,lineage,1,ACH-000759,breast,0.9136784204080284,1.0075485423298625,0.725615037851573,1.289482046808152,,0.45669912238853727,0,0.5,0.8476627647957431,1.0,False,236,60
palbociclib,lineage,1,ACH-000693,esophagus/stomach,0.9664263297230089,0.9590522879098495,0.6771187834315601,1.2409857923881389,,0.4746470277465023,0,0.5,0.8476627647957431,1.0,False,236,60
palbociclib,lineage,1,ACH-000982,bowel,0.8602071341729137,1.0015785453948183,0.7196450409165288,1.2835120498731079,,0.4672773956413014,0,0.5,0.8476627647957431,1.0,False,236,60
palbociclib,lineage,1,ACH-000308,ovary/fallopian tube,0.9066262917367185,1.0261640389958437,0.7442305345175543,1.3080975434741333,,0.46895841104612845,0,0.5,0.8476627647957431,1.0,False,236,60
palbociclib,lineage,1,ACH-000837,lung,0.859614201729052,0.9687203666419676,0.6867868621636781,1.250653871120257,,0.4652428468431868,0,0.5,0.8476627647957431,1.0,False,236,60
palbociclib,lineage,1,ACH-000048,ovary/fallopian tube,0.615009355769655,1.0261640389958437,0.7442305345175543,1.3080975434741333,1.0,0.46895841104612845,0,0.5,0.8476627647957431,1.0,False,236,60
palbociclib,lineage,1,ACH-000133,fibroblast,1.253732205064365,0.9894505838540241,0.7075170793757346,1.2713840883323135,0.0,0.47032581428384024,0,0.5,0.8476627647957431,1.0,False,236,60
palbociclib,lineage,1,ACH-000630,head and neck,0.8961699616187381,0.8751825372378693,0.5932490327595799,1.1571160417161588,,0.484201866998922,0,0.5,0.8476627647957431,1.0,False,236,60
palbociclib,lineage,1,ACH-000042,pancreas,0.9141220804141796,0.9463639793769951,0.6644304748987057,1.2282974838552847,,0.47530182046580116,0,0.5,0.8476627647957431,1.0,False,236,60
palbociclib,lineage,1,ACH-000221,liver,0.783535337148865,1.0163965382534106,0.7344630337751211,1.2983300427317,1.0,0.4727668547797448,0,0.5,0.8476627647957431,1.0,False,236,60
palbociclib,lineage,1,ACH-000457,kidney,0.917651617444482,1.036091390288487,0.7541578858101975,1.3180248947667765,,0.4776838555265266,0,0.5,0.8476627647957431,1.0,False,236,60
palbociclib,lineage,1,ACH-000593,bladder/urinary tract,0.8239323815431565,0.976920376729611,0.6949868722513215,1.2588538812079004,1.0,0.47965838045369713,0,0.5,0.8476627647957431,1.0,False,236,60
palbociclib,lineage,1,ACH-000159,kidney,0.7390622253667875,1.036091390288487,0.7541578858101975,1.3180248947667765,1.0,0.4776838555265266,0,0.5,0.8476627647957431,1.0,False,236,60
palbociclib,lineage,1,ACH-000335,pleura,0.8034794561575873,1.1190065418026582,0.8370730373243688,1.4009400462809478,1.0,0.4609495126148664,0,0.5,0.8476627647957431,1.0,False,236,60
palbociclib,lineage,1,ACH-000764,esophagus/stomach,0.921358570861526,0.9590522879098495,0.6771187834315601,1.2409857923881389,,0.4746470277465023,0,0.5,0.8476627647957431,1.0,False,236,60
palbociclib,lineage,1,ACH-000846,head and neck,0.608026739813845,0.8751825372378693,0.5932490327595799,1.1571160417161588,1.0,0.484201866998922,0,0.5,0.8476627647957431,1.0,False,236,60
palbociclib,lineage,1,ACH-000939,uterus,1.081343033708654,1.155738650525051,0.8738051460467616,1.4376721550033404,0.0,0.4580470360924338,0,0.5,0.8476627647957431,1.0,False,236,60
palbociclib,lineage,1,ACH-000919,esophagus/stomach,0.9332418927389725,0.9590522879098495,0.6771187834315601,1.2409857923881389,,0.4746470277465023,0,0.5,0.8476627647957431,1.0,False,236,60
palbociclib,lineage,1,ACH-000096,kidney,0.5822227825333224,1.036091390288487,0.7541578858101975,1.3180248947667765,1.0,0.4776838555265266,0,0.5,0.8476627647957431,1.0,False,236,60
palbociclib,lineage,1,ACH-000849,breast,1.33019744226812,1.0075485423298625,0.725615037851573,1.289482046808152,0.0,0.45669912238853727,0,0.5,0.8476627647957431,1.0,False,236,60
palbociclib,lineage,1,ACH-000911,esophagus/stomach,0.7977367948494447,0.9590522879098495,0.6771187834315601,1.2409857923881389,1.0,0.4746470277465023,0,0.5,0.8476627647957431,1.0,False,236,60
palbociclib,lineage,1,ACH-000869,lung,0.944088204591807,0.9687203666419676,0.6867868621636781,1.250653871120257,,0.4652428468431868,0,0.5,0.8476627647957431,1.0,False,236,60
palbociclib,lineage,1,ACH-000985,bowel,0.9544899368971937,1.0015785453948183,0.7196450409165288,1.2835120498731079,,0.4672773956413014,0,0.5,0.8476627647957431,1.0,False,236,60
palbociclib,lineage,1,ACH-000347,pancreas,0.9827541067841681,0.9463639793769951,0.6644304748987057,1.2282974838552847,,0.47530182046580116,0,0.5,0.8476627647957431,1.0,False,236,60
palbociclib,lineage,1,ACH-000771,head and neck,0.92192486535096,0.8751825372378693,0.5932490327595799,1.1571160417161588,,0.484201866998922,0,0.5,0.8476627647957431,1.0,False,236,60
palbociclib,lineage,1,ACH-000967,bowel,0.9665090159383145,1.0015785453948183,0.7196450409165288,1.2835120498731079,,0.4672773956413014,0,0.5,0.8476627647957431,1.0,False,236,60
palbociclib,lineage,1,ACH-000996,uterus,1.1794713602265001,1.155738650525051,0.8738051460467616,1.4376721550033404,0.0,0.4580470360924338,0,0.5,0.8476627647957431,1.0,False,236,60
palbociclib,lineage,1,ACH-000505,soft tissue,1.25075769674561,0.8665336370303645,0.584600132552075,1.1484671415086538,0.0,0.477115774499701,0,0.5,0.8476627647957431,1.0,False,236,60
palbociclib,lineage,1,ACH-000781,lung,0.8905430514880903,0.9687203666419676,0.6867868621636781,1.250653871120257,,0.4652428468431868,0,0.5,0.8476627647957431,1.0,False,236,60
palbociclib,elastic_net,1,ACH-000461,biliary tract,1.18874919678512,0.9386813461716305,0.6316129389069748,1.2457497534362862,0.0,0.3779587487812279,0,0.5,0.8476627647957431,1.0,False,236,60
palbociclib,elastic_net,1,ACH-000421,bowel,0.9689163260433755,1.0294192945394869,0.7223508872748312,1.3364877018041426,,0.3589783144368923,0,0.5,0.8476627647957431,1.0,False,236,60
palbociclib,elastic_net,1,ACH-000008,skin,1.1473288529541885,1.0260642922936225,0.7189958850289668,1.3331326995582782,0.0,0.3510796910910539,0,0.5,0.8476627647957431,1.0,False,236,60
palbociclib,elastic_net,1,ACH-000800,lung,1.455216176912435,1.0214545542444688,0.7143861469798132,1.3285229615091245,0.0,0.3485127589652049,0,0.5,0.8476627647957431,1.0,False,236,60
palbociclib,elastic_net,1,ACH-000587,lung,0.883579831449213,0.9287472911805075,0.6216788839158518,1.2358156984451631,,0.36652191906605097,0,0.5,0.8476627647957431,1.0,False,236,60
palbociclib,elastic_net,1,ACH-000785,lung,1.496967233613245,0.9047518086864866,0.597683401421831,1.2118202159511422,0.0,0.44145166030172883,0,0.5,0.8476627647957431,1.0,False,236,60
palbociclib,elastic_net,1,ACH-000880,esophagus/stomach,0.9132734691997395,1.0081012517340597,0.7010328444694041,1.3151696589987154,,0.42066291663306044,0,0.5,0.8476627647957431,1.0,False,236,60
palbociclib,elastic_net,1,ACH-000035,lung,0.9294569533139768,1.0247090116437072,0.7176406043790515,1.3317774189083629,,0.3603277631049358,0,0.5,0.8476627647957431,1.0,False,236,60
palbociclib,elastic_net,1,ACH-000260,peripheral nervous system,1.130546157350615,0.9638554470294376,0.6567870397647819,1.2709238542940933,0.0,0.5716428466292743,1,0.5,0.8476627647957431,1.0,False,236,60
palbociclib,elastic_net,1,ACH-000223,breast,1.1994939171362549,1.2342824462104378,0.9272140389457821,1.5413508534750935,0.0,0.3454179930031843,0,0.5,0.8476627647957431,1.0,False,236,60
palbociclib,elastic_net,1,ACH-000832,head and neck,0.8781835398898736,1.0884471717801336,0.7813787645154779,1.3955155790447893,,0.529853274350031,1,0.5,0.8476627647957431,1.0,False,236,60
palbociclib,elastic_net,1,ACH-000544,esophagus/stomach,0.795662316298265,0.8518770023543052,0.5448085950896495,1.1589454096189609,1.0,0.6043019714939004,1,0.5,0.8476627647957431,1.0,False,236,60
palbociclib,elastic_net,1,ACH-000684,kidney,0.8192936175718013,0.9998472559070967,0.692778848642441,1.3069156631717522,1.0,0.531042285829045,1,0.5,0.8476627647957431,1.0,False,236,60
palbociclib,elastic_net,1,ACH-000896,bladder/urinary tract,0.9302072889176365,1.2827870959365235,0.9757186886718678,1.5898555032011792,,0.34539417231019537,0,0.5,0.8476627647957431,1.0,False,236,60
palbociclib,elastic_net,1,ACH-000784,esophagus/stomach,0.9892208181399951,0.8523532226863825,0.5452848154217268,1.159421629951038,,0.5900671892530495,1,0.5,0.8476627647957431,1.0,False,236,60
palbociclib,elastic_net,1,ACH-000662,lung,0.8852997017321202,1.0592645695191514,0.7521961622544957,1.366332976783807,,0.35098457972554353,0,0.5,0.8476627647957431,1.0,False,236,60
palbociclib,elastic_net,1,ACH-000164,pancreas,0.8709833896987611,0.8551363873165173,0.5480679800518616,1.1622047945811729,,0.4846195887746249,0,0.5,0.8476627647957431,1.0,False,236,60
palbociclib,elastic_net,1,ACH-000997,bowel,1.1845723828391201,1.059480409381678,0.7524120021170224,1.3665488166463338,0.0,0.36424119783638786,0,0.5,0.8476627647957431,1.0,False,236,60
palbociclib,elastic_net,1,ACH-000819,cns/brain,0.8286476650553555,0.9703839478535647,0.6633155405889091,1.2774523551182204,1.0,0.5246928167765128,1,0.5,0.8476627647957431,1.0,False,236,60
palbociclib,elastic_net,1,ACH-000954,uterus,0.869728131534732,1.0571585734278324,0.7500901661631767,1.364226980692488,,0.5464263338960116,1,0.5,0.8476627647957431,1.0,False,236,60
palbociclib,elastic_net,1,ACH-000836,head and neck,0.8542943099145042,1.0050397151278612,0.6979713078632055,1.3121081223925168,,0.5900357241875207,1,0.5,0.8476627647957431,1.0,False,236,60
palbociclib,elastic_net,1,ACH-000318,esophagus/stomach,1.10113321275385,0.8480121858766431,0.5409437786119874,1.1550805931412986,0.0,0.5933288109789869,1,0.5,0.8476627647957431,1.0,False,236,60
palbociclib,elastic_net,1,ACH-000719,ovary/fallopian tube,1.134251420300139,0.9623676635998104,0.6552992563351547,1.269436070864466,0.0,0.4428707637972226,0,0.5,0.8476627647957431,1.0,False,236,60
palbociclib,elastic_net,1,ACH-000674,esophagus/stomach,0.69639625298509,0.9833733491713875,0.6763049419067318,1.290441756436043,1.0,0.3668585309912973,0,0.5,0.8476627647957431,1.0,False,236,60
palbociclib,elastic_net,1,ACH-000139,pancreas,0.9357031209311775,1.0184546440553321,0.7113862367906765,1.3255230513199878,,0.35329508393433023,0,0.5,0.8476627647957431,1.0,False,236,60
palbociclib,elastic_net,1,ACH-000188,head and neck,1.339486126063643,0.9735870169874471,0.6665186097227914,1.2806554242521027,0.0,0.5874676972941572,1,0.5,0.8476627647957431,1.0,False,236,60
palbociclib,elastic_net,1,ACH-000680,bowel,0.8439982186196285,0.974508949675538,0.6674405424108824,1.2815773569401938,1.0,0.43978184445664303,0,0.5,0.8476627647957431,1.0,False,236,60
palbociclib,elastic_net,1,ACH-000118,pancreas,0.8827730330845878,1.064232102070934,0.7571636948062783,1.3713005093355897,,0.4543808984087151,0,0.5,0.8476627647957431,1.0,False,236,60
palbociclib,elastic_net,1,ACH-000265,pancreas,0.938605354429622,0.7540238636368235,0.4469554563721678,1.0610922709014792,,0.6033805119663391,1,0.5,0.8476627647957431,1.0,False,236,60
palbociclib,elastic_net,1,ACH-000855,esophagus/stomach,0.8795061276011826,0.9661863113917718,0.6591179041271161,1.2732547186564274,,0.5083438866710557,1,0.5,0.8476627647957431,1.0,False,236,60
palbociclib,elastic_net,1,ACH-000359,bone,0.7781588618986085,0.9266691087723632,0.6196007015077075,1.233737516037019,1.0,0.5961062059001877,1,0.5,0.8476627647957431,1.0,False,236,60
palbociclib,elastic_net,1,ACH-000716,thyroid,0.7364914210335489,0.9206362426657039,0.6135678354010482,1.2277046499303594,1.0,0.6033051793373789,1,0.5,0.8476627647957431,1.0,False,236,60
palbociclib,elastic_net,1,ACH-000375,kidney,0.7400958563740054,0.8788719777543935,0.5718035704897378,1.185940385019049,1.0,0.5211304249241049,1,0.5,0.8476627647957431,1.0,False,236,60
palbociclib,elastic_net,1,ACH-000753,bladder/urinary tract,0.9389327649201711,0.9279510902546189,0.6208826829899632,1.2350194975192745,,0.5794746772901272,1,0.5,0.8476627647957431,1.0,False,236,60
palbociclib,elastic_net,1,ACH-000605,esophagus/stomach,0.7695866927482493,0.8737495462629686,0.566681138998313,1.1808179535276242,1.0,0.6004333650649321,1,0.5,0.8476627647957431,1.0,False,236,60
palbociclib,elastic_net,1,ACH-000367,pleura,0.8379438940417434,1.0127140078170118,0.7056456005523561,1.3197824150816675,1.0,0.42092187816920723,0,0.5,0.8476627647957431,1.0,False,236,60
palbociclib,elastic_net,1,ACH-000099,peripheral nervous system,0.871284205085127,0.9831407122960295,0.6760723050313738,1.2902091195606853,,0.5034711046392144,1,0.5,0.8476627647957431,1.0,False,236,60
palbociclib,elastic_net,1,ACH-000649,kidney,0.82504119064785,0.9310079477772364,0.6239395405125807,1.238076355041892,1.0,0.6029028839458157,1,0.5,0.8476627647957431,1.0,False,236,60
palbociclib,elastic_net,1,ACH-000768,breast,0.9100292099226501,1.0153271722589663,0.7082587649943106,1.322395579523622,,0.43434159206797085,0,0.5,0.8476627647957431,1.0,False,236,60
palbociclib,elastic_net,1,ACH-000527,ovary/fallopian tube,1.3172430934547399,1.2361178371522685,0.9290494298876129,1.5431862444169242,0.0,0.35141275529938826,0,0.5,0.8476627647957431,1.0,False,236,60
palbociclib,elastic_net,1,ACH-000696,ovary/fallopian tube,1.32785948260751,1.1743845150685597,0.867316107803904,1.4814529223332153,0.0,0.354384315567488,0,0.5,0.8476627647957431,1.0,False,236,60
palbociclib,elastic_net,1,ACH-001307,thyroid,0.9206339299291035,0.952987632123705,0.6459192248590493,1.2600560393883606,,0.5943062892421924,1,0.5,0.8476627647957431,1.0,False,236,60
palbociclib,elastic_net,1,ACH-000323,cns/brain,1.1511619434515106,0.8834660636632502,0.5763976563985945,1.190534470927906,0.0,0.5605906300720191,1,0.5,0.8476627647957431,1.0,False,236,60
palbociclib,elastic_net,1,ACH-000021,lung,1.37410460815153,0.8775200625452183,0.5704516552805626,1.1845884698098739,0.0,0.5049569233116383,1,0.5,0.8476627647957431,1.0,False,236,60
palbociclib,elastic_net,1,ACH-001190,skin,0.9624270808407724,1.1281624461001218,0.8210940388354662,1.4352308533647775,,0.36283892500035475,0,0.5,0.8476627647957431,1.0,False,236,60
palbociclib,elastic_net,1,ACH-000759,breast,0.9136784204080284,0.9063763530795093,0.5993079458148536,1.213444760344165,,0.3832743811602226,0,0.5,0.8476627647957431,1.0,False,236,60
palbociclib,elastic_net,1,ACH-000693,esophagus/stomach,0.9664263297230089,0.740868411211963,0.43380000394730733,1.0479368184766187,,0.6045054375840422,1,0.5,0.8476627647957431,1.0,False,236,60
palbociclib,elastic_net,1,ACH-000982,bowel,0.8602071341729137,1.078781181583216,0.7717127743185603,1.3858495888478717,,0.34575058837397754,0,0.5,0.8476627647957431,1.0,False,236,60
palbociclib,elastic_net,1,ACH-000308,ovary/fallopian tube,0.9066262917367185,1.220101593300056,0.9130331860354004,1.5271700005647117,,0.34618538168670854,0,0.5,0.8476627647957431,1.0,False,236,60
palbociclib,elastic_net,1,ACH-000837,lung,0.859614201729052,1.0121428560889982,0.7050744488243426,1.319211263353654,,0.39651817124845423,0,0.5,0.8476627647957431,1.0,False,236,60
palbociclib,elastic_net,1,ACH-000048,ovary/fallopian tube,0.615009355769655,0.8906334399890706,0.583565032724415,1.1977018472537262,1.0,0.5836391088396804,1,0.5,0.8476627647957431,1.0,False,236,60
palbociclib,elastic_net,1,ACH-000133,fibroblast,1.253732205064365,1.0372283745149955,0.7301599672503398,1.3442967817796512,0.0,0.38267679016949674,0,0.5,0.8476627647957431,1.0,False,236,60
palbociclib,elastic_net,1,ACH-000630,head and neck,0.8961699616187381,1.0247735890737633,0.7177051818091076,1.331841996338419,,0.5696773209209137,1,0.5,0.8476627647957431,1.0,False,236,60
palbociclib,elastic_net,1,ACH-000042,pancreas,0.9141220804141796,1.0615260821930443,0.7544576749283887,1.3685944894577,,0.3467422507596268,0,0.5,0.8476627647957431,1.0,False,236,60
palbociclib,elastic_net,1,ACH-000221,liver,0.783535337148865,0.8692953623169445,0.5622269550522888,1.1763637695816,1.0,0.5995064874473932,1,0.5,0.8476627647957431,1.0,False,236,60
palbociclib,elastic_net,1,ACH-000457,kidney,0.917651617444482,1.0200708237573435,0.7130024164926878,1.3271392310219992,,0.5693530607364176,1,0.5,0.8476627647957431,1.0,False,236,60
palbociclib,elastic_net,1,ACH-000593,bladder/urinary tract,0.8239323815431565,0.9241091891973408,0.6170407819326851,1.2311775964619964,1.0,0.5634773188604233,1,0.5,0.8476627647957431,1.0,False,236,60
palbociclib,elastic_net,1,ACH-000159,kidney,0.7390622253667875,0.966727612077613,0.6596592048129574,1.2737960193422686,1.0,0.6018800693573814,1,0.5,0.8476627647957431,1.0,False,236,60
palbociclib,elastic_net,1,ACH-000335,pleura,0.8034794561575873,0.8888576913928241,0.5817892841281684,1.1959260986574798,1.0,0.5930651802164955,1,0.5,0.8476627647957431,1.0,False,236,60
palbociclib,elastic_net,1,ACH-000764,esophagus/stomach,0.921358570861526,0.9979812654266998,0.6909128581620442,1.3050496726913554,,0.5489541721800574,1,0.5,0.8476627647957431,1.0,False,236,60
palbociclib,elastic_net,1,ACH-000846,head and neck,0.608026739813845,0.9742791119017713,0.6672107046371156,1.281347519166427,1.0,0.5951865741527752,1,0.5,0.8476627647957431,1.0,False,236,60
palbociclib,elastic_net,1,ACH-000939,uterus,1.081343033708654,1.012933199636172,0.7058647923715162,1.3200016069008276,0.0,0.37116150217327487,0,0.5,0.8476627647957431,1.0,False,236,60
palbociclib,elastic_net,1,ACH-000919,esophagus/stomach,0.9332418927389725,0.8594458309820872,0.5523774237174315,1.1665142382467428,,0.47205585637442793,0,0.5,0.8476627647957431,1.0,False,236,60
palbociclib,elastic_net,1,ACH-000096,kidney,0.5822227825333224,0.962265487459656,0.6551970801950003,1.2693338947243116,1.0,0.5534865893209489,1,0.5,0.8476627647957431,1.0,False,236,60
palbociclib,elastic_net,1,ACH-000849,breast,1.33019744226812,1.1418096372955797,0.834741230030924,1.4488780445602354,0.0,0.34536301776884354,0,0.5,0.8476627647957431,1.0,False,236,60
palbociclib,elastic_net,1,ACH-000911,esophagus/stomach,0.7977367948494447,0.9571913592335576,0.6501229519689019,1.2642597664982134,1.0,0.5337505797125057,1,0.5,0.8476627647957431,1.0,False,236,60
palbociclib,elastic_net,1,ACH-000869,lung,0.944088204591807,0.9795250902546875,0.6724566829900318,1.2865934975193432,,0.3834798369532195,0,0.5,0.8476627647957431,1.0,False,236,60
palbociclib,elastic_net,1,ACH-000985,bowel,0.9544899368971937,1.0140023427403995,0.7069339354757438,1.3210707500050551,,0.37251017447299967,0,0.5,0.8476627647957431,1.0,False,236,60
palbociclib,elastic_net,1,ACH-000347,pancreas,0.9827541067841681,1.0830236349867972,0.7759552277221415,1.3900920422514529,,0.3840561531904487,0,0.5,0.8476627647957431,1.0,False,236,60
palbociclib,elastic_net,1,ACH-000771,head and neck,0.92192486535096,1.1165373735988204,0.8094689663341648,1.4236057808634761,,0.47734453840185526,0,0.5,0.8476627647957431,1.0,False,236,60
palbociclib,elastic_net,1,ACH-000967,bowel,0.9665090159383145,1.0484834087606407,0.741415001495985,1.3555518160252964,,0.35023667925680413,0,0.5,0.8476627647957431,1.0,False,236,60
palbociclib,elastic_net,1,ACH-000996,uterus,1.1794713602265001,1.1401166524479664,0.8330482451833108,1.4471850597126221,0.0,0.3772370491074791,0,0.5,0.8476627647957431,1.0,False,236,60
palbociclib,elastic_net,1,ACH-000505,soft tissue,1.25075769674561,0.8482512446400327,0.541182837375377,1.1553196519046884,0.0,0.6013100156358179,1,0.5,0.8476627647957431,1.0,False,236,60
palbociclib,elastic_net,1,ACH-000781,lung,0.8905430514880903,0.9522547989094905,0.6451863916448348,1.2593232061741462,,0.40924859290966287,0,0.5,0.8476627647957431,1.0,False,236,60
palbociclib,xgboost,1,ACH-000461,biliary tract,1.18874919678512,1.0126174688339233,0.7158429410767424,1.3093919965911043,0.0,0.4387244793706846,0,0.5,0.8476627647957431,1.0,False,236,60
palbociclib,xgboost,1,ACH-000421,bowel,0.9689163260433755,1.0997458696365356,0.8029713418793547,1.3965203973937166,,0.3861291974482768,0,0.5,0.8476627647957431,1.0,False,236,60
palbociclib,xgboost,1,ACH-000008,skin,1.1473288529541885,0.9407769441604614,0.6440024164032805,1.2375514719176424,0.0,0.46587912131434056,0,0.5,0.8476627647957431,1.0,False,236,60
palbociclib,xgboost,1,ACH-000800,lung,1.455216176912435,1.0882997512817383,0.7915252235245573,1.3850742790389192,0.0,0.42867715279665486,0,0.5,0.8476627647957431,1.0,False,236,60
palbociclib,xgboost,1,ACH-000587,lung,0.883579831449213,0.9730889201164246,0.6763143923592436,1.2698634478736055,,0.40052715516661686,0,0.5,0.8476627647957431,1.0,False,236,60
palbociclib,xgboost,1,ACH-000785,lung,1.496967233613245,0.934772789478302,0.6379982617211211,1.231547317235483,0.0,0.43598636085558584,0,0.5,0.8476627647957431,1.0,False,236,60
palbociclib,xgboost,1,ACH-000880,esophagus/stomach,0.9132734691997395,1.1495226621627808,0.8527481344055998,1.4462971899199617,,0.44580345648393394,0,0.5,0.8476627647957431,1.0,False,236,60
palbociclib,xgboost,1,ACH-000035,lung,0.9294569533139768,0.9910904169082642,0.6943158891510832,1.287864944665445,,0.4092792106869005,0,0.5,0.8476627647957431,1.0,False,236,60
palbociclib,xgboost,1,ACH-000260,peripheral nervous system,1.130546157350615,0.8601772785186768,0.5634027507614958,1.1569518062758577,0.0,0.5487205549330365,1,0.5,0.8476627647957431,1.0,False,236,60
palbociclib,xgboost,1,ACH-000223,breast,1.1994939171362549,1.3109287023544312,1.0141541745972502,1.607703230111612,0.0,0.37651469849775815,0,0.5,0.8476627647957431,1.0,True,236,60
palbociclib,xgboost,1,ACH-000832,head and neck,0.8781835398898736,1.037430763244629,0.740656235487448,1.3342052910018098,,0.4228793797047672,0,0.5,0.8476627647957431,1.0,False,236,60
palbociclib,xgboost,1,ACH-000544,esophagus/stomach,0.795662316298265,0.837064266204834,0.540289738447653,1.133838793962015,1.0,0.5587135692646179,1,0.5,0.8476627647957431,1.0,False,236,60
palbociclib,xgboost,1,ACH-000684,kidney,0.8192936175718013,0.9428966641426086,0.6461221363854277,1.2396711918997896,1.0,0.5756379084033763,1,0.5,0.8476627647957431,1.0,False,236,60
palbociclib,xgboost,1,ACH-000896,bladder/urinary tract,0.9302072889176365,1.1387364864349365,0.8419619586777556,1.4355110141921175,,0.4095406109225752,0,0.5,0.8476627647957431,1.0,False,236,60
palbociclib,xgboost,1,ACH-000784,esophagus/stomach,0.9892208181399951,0.9037157893180847,0.6069412615609038,1.2004903170752657,,0.5413909946758569,1,0.5,0.8476627647957431,1.0,False,236,60
palbociclib,xgboost,1,ACH-000662,lung,0.8852997017321202,1.0678554773330688,0.7710809495758879,1.3646300050902498,,0.4319402743683764,0,0.5,0.8476627647957431,1.0,False,236,60
palbociclib,xgboost,1,ACH-000164,pancreas,0.8709833896987611,0.8653474450111389,0.568572917253958,1.1621219727683199,,0.5373209449220226,1,0.5,0.8476627647957431,1.0,False,236,60
palbociclib,xgboost,1,ACH-000997,bowel,1.1845723828391201,1.1400938034057617,0.8433192756485808,1.4368683311629427,0.0,0.435568755217964,0,0.5,0.8476627647957431,1.0,False,236,60
palbociclib,xgboost,1,ACH-000819,cns/brain,0.8286476650553555,0.8865633606910706,0.5897888329338896,1.1833378884482515,1.0,0.5068914982176416,1,0.5,0.8476627647957431,1.0,False,236,60
palbociclib,xgboost,1,ACH-000954,uterus,0.869728131534732,1.0420178174972534,0.7452432897400725,1.3387923452544344,,0.4774177005807168,0,0.5,0.8476627647957431,1.0,False,236,60
palbociclib,xgboost,1,ACH-000836,head and neck,0.8542943099145042,0.8742263913154602,0.5774518635582793,1.1710009190726411,,0.49622942053172553,0,0.5,0.8476627647957431,1.0,False,236,60
palbociclib,xgboost,1,ACH-000318,esophagus/stomach,1.10113321275385,0.9393660426139832,0.6425915148568022,1.236140570371164,0.0,0.5220668671576905,1,0.5,0.8476627647957431,1.0,False,236,60
palbociclib,xgboost,1,ACH-000719,ovary/fallopian tube,1.134251420300139,1.0066381692886353,0.7098636415314543,1.3034126970458162,0.0,0.5000980341874485,1,0.5,0.8476627647957431,1.0,False,236,60
palbociclib,xgboost,1,ACH-000674,esophagus/stomach,0.69639625298509,0.8923455476760864,0.5955710199189055,1.1891200754332674,1.0,0.45907802647308565,0,0.5,0.8476627647957431,1.0,False,236,60
palbociclib,xgboost,1,ACH-000139,pancreas,0.9357031209311775,1.1154592037200928,0.8186846759629118,1.4122337314772737,,0.42407708305107705,0,0.5,0.8476627647957431,1.0,False,236,60
palbociclib,xgboost,1,ACH-000188,head and neck,1.339486126063643,0.8521881699562073,0.5554136421990263,1.1489626977133882,0.0,0.5195888848622264,1,0.5,0.8476627647957431,1.0,False,236,60
palbociclib,xgboost,1,ACH-000680,bowel,0.8439982186196285,0.9014688730239868,0.6046943452668059,1.1982434007811678,1.0,0.4830682551944088,0,0.5,0.8476627647957431,1.0,False,236,60
palbociclib,xgboost,1,ACH-000118,pancreas,0.8827730330845878,0.9494005441665649,0.652626016409384,1.2461750719237459,,0.525644699632085,1,0.5,0.8476627647957431,1.0,False,236,60
palbociclib,xgboost,1,ACH-000265,pancreas,0.938605354429622,0.852786123752594,0.556011595995413,1.149560651509775,,0.5818456803018693,1,0.5,0.8476627647957431,1.0,False,236,60
palbociclib,xgboost,1,ACH-000855,esophagus/stomach,0.8795061276011826,1.1719138622283936,0.8751393344712126,1.4686883899855745,,0.46442325180915894,0,0.5,0.8476627647957431,1.0,False,236,60
palbociclib,xgboost,1,ACH-000359,bone,0.7781588618986085,0.8847740888595581,0.5879995611023772,1.181548616616739,1.0,0.5691597870292068,1,0.5,0.8476627647957431,1.0,False,236,60
palbociclib,xgboost,1,ACH-000716,thyroid,0.7364914210335489,0.9152138829231262,0.6184393551659453,1.2119884106803072,1.0,0.5282929278848226,1,0.5,0.8476627647957431,1.0,False,236,60
palbociclib,xgboost,1,ACH-000375,kidney,0.7400958563740054,0.7896432876586914,0.49286875990151047,1.0864178154158723,1.0,0.5597492954390004,1,0.5,0.8476627647957431,1.0,False,236,60
palbociclib,xgboost,1,ACH-000753,bladder/urinary tract,0.9389327649201711,1.056339979171753,0.759565451414572,1.3531145069289339,,0.5510667391321115,1,0.5,0.8476627647957431,1.0,False,236,60
palbociclib,xgboost,1,ACH-000605,esophagus/stomach,0.7695866927482493,0.9315209984779358,0.6347464707207549,1.2282955262351167,1.0,0.5390303447031572,1,0.5,0.8476627647957431,1.0,False,236,60
palbociclib,xgboost,1,ACH-000367,pleura,0.8379438940417434,0.9453375339508057,0.6485630061936247,1.2421120617079866,1.0,0.5700207390451723,1,0.5,0.8476627647957431,1.0,False,236,60
palbociclib,xgboost,1,ACH-000099,peripheral nervous system,0.871284205085127,0.936980664730072,0.6402061369728911,1.233755192487253,,0.4632861003475412,0,0.5,0.8476627647957431,1.0,False,236,60
palbociclib,xgboost,1,ACH-000649,kidney,0.82504119064785,0.8591938018798828,0.5624192741227019,1.1559683296370638,1.0,0.5762240988639723,1,0.5,0.8476627647957431,1.0,False,236,60
palbociclib,xgboost,1,ACH-000768,breast,0.9100292099226501,0.9442248344421387,0.6474503066849577,1.2409993621993196,,0.4153063059250816,0,0.5,0.8476627647957431,1.0,False,236,60
palbociclib,xgboost,1,ACH-000527,ovary/fallopian tube,1.3172430934547399,1.171643853187561,0.8748693254303801,1.468418380944742,0.0,0.4156333451933907,0,0.5,0.8476627647957431,1.0,False,236,60
palbociclib,xgboost,1,ACH-000696,ovary/fallopian tube,1.32785948260751,1.0456408262252808,0.7488662984680998,1.3424153539824617,0.0,0.49540744539631987,0,0.5,0.8476627647957431,1.0,False,236,60
palbociclib,xgboost,1,ACH-001307,thyroid,0.9206339299291035,0.9109857678413391,0.6142112400841582,1.20776029559852,,0.48228294190750176,0,0.5,0.8476627647957431,1.0,False,236,60
palbociclib,xgboost,1,ACH-000323,cns/brain,1.1511619434515106,0.9404397010803223,0.6436651733231413,1.2372142288375032,0.0,0.5113775306829517,1,0.5,0.8476627647957431,1.0,False,236,60
palbociclib,xgboost,1,ACH-000021,lung,1.37410460815153,0.9723460078239441,0.6755714800667632,1.269120535581125,0.0,0.4152824784577336,0,0.5,0.8476627647957431,1.0,False,236,60
palbociclib,xgboost,1,ACH-001190,skin,0.9624270808407724,1.0297845602035522,0.7330100324463713,1.3265590879607332,,0.512782155903589,1,0.5,0.8476627647957431,1.0,False,236,60
palbociclib,xgboost,1,ACH-000759,breast,0.9136784204080284,0.954326868057251,0.65755234030007,1.251101395814432,,0.4049898982285866,0,0.5,0.8476627647957431,1.0,False,236,60
palbociclib,xgboost,1,ACH-000693,esophagus/stomach,0.9664263297230089,0.7934341430664062,0.4966596153092253,1.0902086708235872,,0.579471453509191,1,0.5,0.8476627647957431,1.0,False,236,60
palbociclib,xgboost,1,ACH-000982,bowel,0.8602071341729137,0.9883077144622803,0.6915331867050993,1.2850822422194612,,0.4001433469249605,0,0.5,0.8476627647957431,1.0,False,236,60
palbociclib,xgboost,1,ACH-000308,ovary/fallopian tube,0.9066262917367185,1.2589174509048462,0.9621429231476653,1.5556919786620271,,0.3768437722203595,0,0.5,0.8476627647957431,1.0,False,236,60
palbociclib,xgboost,1,ACH-000837,lung,0.859614201729052,0.9022507071495056,0.6054761793923247,1.1990252349066866,,0.5113103947734153,1,0.5,0.8476627647957431,1.0,False,236,60
palbociclib,xgboost,1,ACH-000048,ovary/fallopian tube,0.615009355769655,0.8386343717575073,0.5418598440003264,1.1354088995146883,1.0,0.5253387587102744,1,0.5,0.8476627647957431,1.0,False,236,60
palbociclib,xgboost,1,ACH-000133,fibroblast,1.253732205064365,1.0992871522903442,0.8025126245331633,1.3960616800475252,0.0,0.4335393148576468,0,0.5,0.8476627647957431,1.0,False,236,60
palbociclib,xgboost,1,ACH-000630,head and neck,0.8961699616187381,1.1829453706741333,0.8861708429169524,1.4797198984313142,,0.40320460890813425,0,0.5,0.8476627647957431,1.0,False,236,60
palbociclib,xgboost,1,ACH-000042,pancreas,0.9141220804141796,1.0123931169509888,0.7156185891938078,1.3091676447081697,,0.40830016237463884,0,0.5,0.8476627647957431,1.0,False,236,60
palbociclib,xgboost,1,ACH-000221,liver,0.783535337148865,0.8051853179931641,0.5084107902359831,1.101959845750345,1.0,0.5595291844321344,1,0.5,0.8476627647957431,1.0,False,236,60
palbociclib,xgboost,1,ACH-000457,kidney,0.917651617444482,0.8676936626434326,0.5709191348862517,1.1644681904006136,,0.5621372479474722,1,0.5,0.8476627647957431,1.0,False,236,60
palbociclib,xgboost,1,ACH-000593,bladder/urinary tract,0.8239323815431565,0.9184670448303223,0.6216925170731413,1.2152415725875032,1.0,0.5100392278957757,1,0.5,0.8476627647957431,1.0,False,236,60
palbociclib,xgboost,1,ACH-000159,kidney,0.7390622253667875,0.9549802541732788,0.6582057264160979,1.2517547819304597,1.0,0.5641302530269001,1,0.5,0.8476627647957431,1.0,False,236,60
palbociclib,xgboost,1,ACH-000335,pleura,0.8034794561575873,0.8587468266487122,0.5619722988915312,1.155521354405893,1.0,0.5776650274614062,1,0.5,0.8476627647957431,1.0,False,236,60
palbociclib,xgboost,1,ACH-000764,esophagus/stomach,0.921358570861526,1.0123599767684937,0.7155854490113127,1.3091345045256746,,0.5369064634072594,1,0.5,0.8476627647957431,1.0,False,236,60
palbociclib,xgboost,1,ACH-000846,head and neck,0.608026739813845,0.955776572227478,0.6590020444702971,1.252551099984659,1.0,0.4562962115905334,0,0.5,0.8476627647957431,1.0,False,236,60
palbociclib,xgboost,1,ACH-000939,uterus,1.081343033708654,1.1595841646194458,0.8628096368622649,1.4563586923766267,0.0,0.4527859971877672,0,0.5,0.8476627647957431,1.0,False,236,60
palbociclib,xgboost,1,ACH-000919,esophagus/stomach,0.9332418927389725,0.9799762964248657,0.6832017686676848,1.2767508241820467,,0.4291318119721856,0,0.5,0.8476627647957431,1.0,False,236,60
palbociclib,xgboost,1,ACH-000096,kidney,0.5822227825333224,0.8695510625839233,0.5727765348267424,1.1663255903411043,1.0,0.5280372523380528,1,0.5,0.8476627647957431,1.0,False,236,60
palbociclib,xgboost,1,ACH-000849,breast,1.33019744226812,1.0890718698501587,0.7922973420929778,1.3858463976073396,0.0,0.3878673149632349,0,0.5,0.8476627647957431,1.0,False,236,60
palbociclib,xgboost,1,ACH-000911,esophagus/stomach,0.7977367948494447,1.045072078704834,0.748297550947653,1.341846606462015,1.0,0.477662298084097,0,0.5,0.8476627647957431,1.0,False,236,60
palbociclib,xgboost,1,ACH-000869,lung,0.944088204591807,0.996644914150238,0.6998703863930571,1.293419441907419,,0.4094101742510792,0,0.5,0.8476627647957431,1.0,False,236,60
palbociclib,xgboost,1,ACH-000985,bowel,0.9544899368971937,1.0833364725112915,0.7865619447541106,1.3801110002684724,,0.4039480761755135,0,0.5,0.8476627647957431,1.0,False,236,60
palbociclib,xgboost,1,ACH-000347,pancreas,0.9827541067841681,1.147029161453247,0.8502546336960661,1.443803689210428,,0.4459030857477875,0,0.5,0.8476627647957431,1.0,False,236,60
palbociclib,xgboost,1,ACH-000771,head and neck,0.92192486535096,1.0423986911773682,0.7456241634201872,1.339173218934549,,0.42403747200356257,0,0.5,0.8476627647957431,1.0,False,236,60
palbociclib,xgboost,1,ACH-000967,bowel,0.9665090159383145,1.123603105545044,0.826828577787863,1.4203776333022249,,0.412524220053441,0,0.5,0.8476627647957431,1.0,False,236,60
palbociclib,xgboost,1,ACH-000996,uterus,1.1794713602265001,1.154153823852539,0.8573792960953581,1.45092835160972,0.0,0.40322862746863175,0,0.5,0.8476627647957431,1.0,False,236,60
palbociclib,xgboost,1,ACH-000505,soft tissue,1.25075769674561,0.9078432321548462,0.6110687043976653,1.2046177599120271,0.0,0.5537717853876158,1,0.5,0.8476627647957431,1.0,False,236,60
palbociclib,xgboost,1,ACH-000781,lung,0.8905430514880903,1.0260547399520874,0.7292802121949065,1.3228292677092683,,0.44151110671488486,0,0.5,0.8476627647957431,1.0,False,236,60
palbociclib,lineage,2,ACH-000123,ovary/fallopian tube,0.6416622689196986,1.0984618185210457,0.615009355769655,1.5819142812724365,1.0,0.42500911347747655,0,0.5,0.8476627647957431,1.0,False,236,60
palbociclib,lineage,2,ACH-000627,lung,0.8908362312516565,0.9471572749295218,0.4637048121781311,1.4306097376809126,,0.44069772994894435,0,0.5,0.8476627647957431,1.0,False,236,60
palbociclib,lineage,2,ACH-000941,uterus,1.094378379401335,1.3238927684144552,0.8404403056630645,1.807345231165846,0.0,0.41817991424592676,0,0.5,0.8476627647957431,1.0,False,236,60
palbociclib,lineage,2,ACH-000019,breast,1.1220256946115401,1.052094989694302,0.5686425269429112,1.5355474524456927,0.0,0.41929598898854226,0,0.5,0.8476627647957431,1.0,False,236,60
palbociclib,lineage,2,ACH-000481,lung,0.893701483777651,0.9471572749295218,0.4637048121781311,1.4306097376809126,,0.44069772994894435,0,0.5,0.8476627647957431,1.0,False,236,60
palbociclib,lineage,2,ACH-000749,lung,1.0,0.9471572749295218,0.4637048121781311,1.4306097376809126,0.0,0.44069772994894435,0,0.5,0.8476627647957431,1.0,False,236,60
palbociclib,lineage,2,ACH-000261,lung,0.8218217061045605,0.9471572749295218,0.4637048121781311,1.4306097376809126,1.0,0.44069772994894435,0,0.5,0.8476627647957431,1.0,False,236,60
palbociclib,lineage,2,ACH-000484,kidney,1.29659663808308,0.8461939904134188,0.36274152766202805,1.3296464531648096,0.0,0.46291285187639597,0,0.5,0.8476627647957431,1.0,False,236,60
palbociclib,lineage,2,ACH-000866,lung,0.9473321780544794,0.9471572749295218,0.4637048121781311,1.4306097376809126,,0.44069772994894435,0,0.5,0.8476627647957431,1.0,False,236,60
palbociclib,lineage,2,ACH-000890,lung,0.8352073872003274,0.9471572749295218,0.4637048121781311,1.4306097376809126,1.0,0.44069772994894435,0,0.5,0.8476627647957431,1.0,False,236,60
palbociclib,lineage,2,ACH-000022,pancreas,0.9229454549309726,0.9214466394822243,0.4379941767308335,1.404899102233615,,0.44203813253312957,0,0.5,0.8476627647957431,1.0,False,236,60
palbociclib,lineage,2,ACH-000437,cns/brain,0.8317556566346571,1.010512411051176,0.5270599482997853,1.4939648738025668,1.0,0.43087907959639443,0,0.5,0.8476627647957431,1.0,False,236,60
palbociclib,lineage,2,ACH-000361,liver,0.7256105472471241,1.0200802905984832,0.5366278278470924,1.503532753349874,1.0,0.43870211973866524,0,0.5,0.8476627647957431,1.0,False,236,60
palbociclib,lineage,2,ACH-000407,uterus,0.662224093110952,1.3238927684144552,0.8404403056630645,1.807345231165846,1.0,0.41817991424592676,0,0.5,0.8476627647957431,1.0,False,236,60
palbociclib,lineage,2,ACH-000947,ovary/fallopian tube,0.7618639052480056,1.0984618185210457,0.615009355769655,1.5819142812724365,1.0,0.42500911347747655,0,0.5,0.8476627647957431,1.0,False,236,60
palbociclib,lineage,2,ACH-000853,lung,0.8973802379886651,0.9471572749295218,0.4637048121781311,1.4306097376809126,,0.44069772994894435,0,0.5,0.8476627647957431,1.0,False,236,60
palbociclib,lineage,2,ACH-000618,head and neck,0.9315319372530559,0.8839608948366174,0.4005084320852267,1.367413357588008,,0.4551766128987455,0,0.5,0.8476627647957431,1.0,False,236,60
palbociclib,lineage,2,ACH-000132,ovary/fallopian tube,1.194289493870985,1.0984618185210457,0.615009355769655,1.5819142812724365,0.0,0.42500911347747655,0,0.5,0.8476627647957431,1.0,False,236,60
palbociclib,lineage,2,ACH-000936,ovary/fallopian tube,0.977663933389824,1.0984618185210457,0.615009355769655,1.5819142812724365,,0.42500911347747655,0,0.5,0.8476627647957431,1.0,False,236,60
palbociclib,lineage,2,ACH-000504,cns/brain,1.31443925870032,1.010512411051176,0.5270599482997853,1.4939648738025668,0.0,0.43087907959639443,0,0.5,0.8476627647957431,1.0,False,236,60
palbociclib,lineage,2,ACH-000092,pleura,1.2477820577799594,1.0437460207299285,0.5602935579785377,1.5271984834813193,0.0,0.43598409089278845,0,0.5,0.8476627647957431,1.0,False,236,60
palbociclib,lineage,2,ACH-000669,lung,1.250653871120257,0.9471572749295218,0.4637048121781311,1.4306097376809126,0.0,0.44069772994894435,0,0.5,0.8476627647957431,1.0,False,236,60
palbociclib,lineage,2,ACH-000950,bowel,0.8929306527264715,0.9604487697915522,0.4769963070401615,1.443901232542943,,0.4376453746670701,0,0.5,0.8476627647957431,1.0,False,236,60
palbociclib,lineage,2,ACH-000957,bowel,0.848671141542692,0.9604487697915522,0.4769963070401615,1.443901232542943,,0.4376453746670701,0,0.5,0.8476627647957431,1.0,False,236,60
palbociclib,lineage,2,ACH-000762,head and neck,0.9238180556177678,0.8839608948366174,0.4005084320852267,1.367413357588008,,0.4551766128987455,0,0.5,0.8476627647957431,1.0,False,236,60
palbociclib,lineage,2,ACH-000927,breast,0.9696410631651939,1.052094989694302,0.5686425269429112,1.5355474524456927,,0.41929598898854226,0,0.5,0.8476627647957431,1.0,False,236,60
palbociclib,lineage,2,ACH-000974,uterus,0.884041235620306,1.3238927684144552,0.8404403056630645,1.807345231165846,,0.41817991424592676,0,0.5,0.8476627647957431,1.0,False,236,60
palbociclib,lineage,2,ACH-000843,lung,0.8001070036318164,0.9471572749295218,0.4637048121781311,1.4306097376809126,1.0,0.44069772994894435,0,0.5,0.8476627647957431,1.0,False,236,60
palbociclib,lineage,2,ACH-000667,lung,1.16911902377611,0.9471572749295218,0.4637048121781311,1.4306097376809126,0.0,0.44069772994894435,0,0.5,0.8476627647957431,1.0,False,236,60
palbociclib,lineage,2,ACH-000905,bladder/urinary tract,1.4363528250168849,0.9786872707862193,0.49523480803482856,1.46213973353761,0.0,0.44915937741069983,0,0.5,0.8476627647957431,1.0,False,236,60
palbociclib,lineage,2,ACH-000516,bone,1.1641567453731982,0.8885985553149093,0.4051460925635185,1.3720510180663,0.0,0.45449826339005117,0,0.5,0.8476627647957431,1.0,False,236,60
palbociclib,lineage,2,ACH-000411,kidney,0.7895914098097117,0.8461939904134188,0.36274152766202805,1.3296464531648096,1.0,0.46291285187639597,0,0.5,0.8476627647957431,1.0,False,236,60
palbociclib,lineage,2,ACH-000903,thyroid,1.1980679772483849,0.8796911373445753,0.3962386745931845,1.363143600095966,0.0,0.45449826339005117,0,0.5,0.8476627647957431,1.0,False,236,60
palbociclib,lineage,2,ACH-000433,kidney,0.8519432908803573,0.8461939904134188,0.36274152766202805,1.3296464531648096,,0.46291285187639597,0,0.5,0.8476627647957431,1.0,False,236,60
palbociclib,lineage,2,ACH-000417,pancreas,0.9546890749011665,0.9214466394822243,0.4379941767308335,1.404899102233615,,0.44203813253312957,0,0.5,0.8476627647957431,1.0,False,236,60
palbociclib,lineage,2,ACH-000839,bladder/urinary tract,0.9066864506764312,0.9786872707862193,0.49523480803482856,1.46213973353761,,0.44915937741069983,0,0.5,0.8476627647957431,1.0,False,236,60
palbociclib,lineage,2,ACH-000802,bladder/urinary tract,0.8430869755787178,0.9786872707862193,0.49523480803482856,1.46213973353761,1.0,0.44915937741069983,0,0.5,0.8476627647957431,1.0,False,236,60
palbociclib,lineage,2,ACH-000535,pancreas,1.58478512072503,0.9214466394822243,0.4379941767308335,1.404899102233615,0.0,0.44203813253312957,0,0.5,0.8476627647957431,1.0,False,236,60
palbociclib,lineage,2,ACH-001306,thyroid,0.9689183665473575,0.8796911373445753,0.3962386745931845,1.363143600095966,,0.45449826339005117,0,0.5,0.8476627647957431,1.0,False,236,60
palbociclib,lineage,2,ACH-000804,peripheral nervous system,0.7782275682319567,0.9922295433880994,0.5087770806367087,1.4756820061394902,1.0,0.43598409089278845,0,0.5,0.8476627647957431,1.0,False,236,60
palbociclib,lineage,2,ACH-000488,esophagus/stomach,0.8036233843968322,0.9261744399017315,0.4427219771503408,1.4096269026531223,1.0,0.4491594259006585,0,0.5,0.8476627647957431,1.0,False,236,60
palbociclib,lineage,2,ACH-000450,skin,0.8833450562708599,0.921189494098984,0.43773703134759323,1.4046419568503747,,0.44915937741069983,0,0.5,0.8476627647957431,1.0,False,236,60
palbociclib,lineage,2,ACH-000835,soft tissue,0.958298710470797,0.84623417958807,0.36278171683667926,1.3296866423394609,,0.44915841203296114,0,0.5,0.8476627647957431,1.0,False,236,60
palbociclib,lineage,2,ACH-000879,uterus,0.8600119413579166,1.3238927684144552,0.8404403056630645,1.807345231165846,,0.41817991424592676,0,0.5,0.8476627647957431,1.0,False,236,60
palbociclib,lineage,2,ACH-000454,lung,0.8547114602265395,0.9471572749295218,0.4637048121781311,1.4306097376809126,,0.44069772994894435,0,0.5,0.8476627647957431,1.0,False,236,60
palbociclib,lineage,2,ACH-000395,lung,0.9505041738015808,0.9471572749295218,0.4637048121781311,1.4306097376809126,,0.44069772994894435,0,0.5,0.8476627647957431,1.0,False,236,60
palbociclib,lineage,2,ACH-000316,liver,0.8399160082434663,1.0200802905984832,0.5366278278470924,1.503532753349874,1.0,0.43870211973866524,0,0.5,0.8476627647957431,1.0,False,236,60
palbociclib,lineage,2,ACH-000601,pancreas,0.8025369444126356,0.9214466394822243,0.4379941767308335,1.404899102233615,1.0,0.44203813253312957,0,0.5,0.8476627647957431,1.0,False,236,60
palbociclib,lineage,2,ACH-000624,breast,0.9674771100680077,1.052094989694302,0.5686425269429112,1.5355474524456927,,0.41929598898854226,0,0.5,0.8476627647957431,1.0,False,236,60
palbociclib,lineage,2,ACH-000493,liver,0.8161169989455479,1.0200802905984832,0.5366278278470924,1.503532753349874,1.0,0.43870211973866524,0,0.5,0.8476627647957431,1.0,False,236,60
palbociclib,lineage,2,ACH-000401,skin,0.7299194422968476,0.921189494098984,0.43773703134759323,1.4046419568503747,1.0,0.44915937741069983,0,0.5,0.8476627647957431,1.0,False,236,60
palbociclib,lineage,2,ACH-000841,lung,1.099433618995949,0.9471572749295218,0.4637048121781311,1.4306097376809126,0.0,0.44069772994894435,0,0.5,0.8476627647957431,1.0,False,236,60
palbociclib,lineage,2,ACH-000929,lung,1.28420893296769,0.9471572749295218,0.4637048121781311,1.4306097376809126,0.0,0.44069772994894435,0,0.5,0.8476627647957431,1.0,False,236,60
palbociclib,lineage,2,ACH-000311,lung,0.7461212124162613,0.9471572749295218,0.4637048121781311,1.4306097376809126,1.0,0.44069772994894435,0,0.5,0.8476627647957431,1.0,False,236,60
palbociclib,lineage,2,ACH-000390,lung,0.958125172002571,0.9471572749295218,0.4637048121781311,1.4306097376809126,,0.44069772994894435,0,0.5,0.8476627647957431,1.0,False,236,60
palbociclib,lineage,2,ACH-000468,pancreas,0.9102651357575505,0.9214466394822243,0.4379941767308335,1.404899102233615,,0.44203813253312957,0,0.5,0.8476627647957431,1.0,False,236,60
palbociclib,lineage,2,ACH-000456,thyroid,1.08020388934432,0.8796911373445753,0.3962386745931845,1.363143600095966,0.0,0.45449826339005117,0,0.5,0.8476627647957431,1.0,False,236,60
palbociclib,lineage,2,ACH-000961,uterus,0.9519703058473304,1.3238927684144552,0.8404403056630645,1.807345231165846,,0.41817991424592676,0,0.5,0.8476627647957431,1.0,False,236,60
palbociclib,lineage,2,ACH-000958,bowel,1.63555680048978,0.9604487697915522,0.4769963070401615,1.443901232542943,0.0,0.4376453746670701,0,0.5,0.8476627647957431,1.0,False,236,60
palbociclib,lineage,2,ACH-000228,head and neck,0.9054469452369815,0.8839608948366174,0.4005084320852267,1.367413357588008,,0.4551766128987455,0,0.5,0.8476627647957431,1.0,False,236,60
palbociclib,lineage,2,ACH-000281,pancreas,0.912014807119638,0.9214466394822243,0.4379941767308335,1.404899102233615,,0.44203813253312957,0,0.5,0.8476627647957431,1.0,False,236,60
palbociclib,lineage,2,ACH-000307,pancreas,0.8675538036818842,0.9214466394822243,0.4379941767308335,1.404899102233615,,0.44203813253312957,0,0.5,0.8476627647957431,1.0,False,236,60
palbociclib,lineage,2,ACH-000595,cns/brain,0.9373691829788116,1.010512411051176,0.5270599482997853,1.4939648738025668,,0.43087907959639443,0,0.5,0.8476627647957431,1.0,False,236,60
palbociclib,lineage,2,ACH-000663,ovary/fallopian tube,0.7244752043147198,1.0984618185210457,0.615009355769655,1.5819142812724365,1.0,0.42500911347747655,0,0.5,0.8476627647957431,1.0,False,236,60
palbociclib,lineage,2,ACH-000510,lung,0.924082865606316,0.9471572749295218,0.4637048121781311,1.4306097376809126,,0.44069772994894435,0,0.5,0.8476627647957431,1.0,False,236,60
palbociclib,lineage,2,ACH-000169,soft tissue,0.87776889823915,0.84623417958807,0.36278171683667926,1.3296866423394609,,0.44915841203296114,0,0.5,0.8476627647957431,1.0,False,236,60
palbociclib,lineage,2,ACH-000796,ovary/fallopian tube,1.11563911868088,1.0984618185210457,0.615009355769655,1.5819142812724365,0.0,0.42500911347747655,0,0.5,0.8476627647957431,1.0,False,236,60
palbociclib,lineage,2,ACH-000469,cns/brain,0.9190063496229146,1.010512411051176,0.5270599482997853,1.4939648738025668,,0.43087907959639443,0,0.5,0.8476627647957431,1.0,False,236,60
palbociclib,lineage,2,ACH-000579,skin,0.9560194026954272,0.921189494098984,0.43773703134759323,1.4046419568503747,,0.44915937741069983,0,0.5,0.8476627647957431,1.0,False,236,60
palbociclib,lineage,2,ACH-000502,pancreas,1.0,0.9214466394822243,0.4379941767308335,1.404899102233615,0.0,0.44203813253312957,0,0.5,0.8476627647957431,1.0,False,236,60
palbociclib,lineage,2,ACH-000015,lung,0.8800725329498832,0.9471572749295218,0.4637048121781311,1.4306097376809126,,0.44069772994894435,0,0.5,0.8476627647957431,1.0,False,236,60
palbociclib,lineage,2,ACH-000666,lung,1.2485159847426546,0.9471572749295218,0.4637048121781311,1.4306097376809126,0.0,0.44069772994894435,0,0.5,0.8476627647957431,1.0,False,236,60
palbociclib,lineage,2,ACH-000046,kidney,0.7053035271052366,0.8461939904134188,0.36274152766202805,1.3296464531648096,1.0,0.46291285187639597,0,0.5,0.8476627647957431,1.0,False,236,60
palbociclib,lineage,2,ACH-000973,bladder/urinary tract,0.8685516399784252,0.9786872707862193,0.49523480803482856,1.46213973353761,,0.44915937741069983,0,0.5,0.8476627647957431,1.0,False,236,60
palbociclib,elastic_net,2,ACH-000123,ovary/fallopian tube,0.6416622689196986,0.914371455300762,0.5803157071576033,1.2484272034439208,1.0,0.5426506876732117,1,0.5,0.8476627647957431,1.0,False,236,60
palbociclib,elastic_net,2,ACH-000627,lung,0.8908362312516565,0.9835056878157437,0.6494499396725849,1.3175614359589023,,0.38014232794161834,0,0.5,0.8476627647957431,1.0,False,236,60
palbociclib,elastic_net,2,ACH-000941,uterus,1.094378379401335,0.9054360316249286,0.5713802834817698,1.2394917797680873,0.0,0.5027787468516559,1,0.5,0.8476627647957431,1.0,False,236,60
palbociclib,elastic_net,2,ACH-000019,breast,1.1220256946115401,1.042197542928886,0.7081417947857271,1.3762532910720446,0.0,0.3099535586017883,0,0.5,0.8476627647957431,1.0,False,236,60
palbociclib,elastic_net,2,ACH-000481,lung,0.893701483777651,0.8171584033593859,0.4831026552162272,1.1512141515025447,,0.6016938506148829,1,0.5,0.8476627647957431,1.0,False,236,60
palbociclib,elastic_net,2,ACH-000749,lung,1.0,1.1385127790349332,0.8044570308917744,1.472568527178092,0.0,0.325846552034379,0,0.5,0.8476627647957431,1.0,False,236,60
palbociclib,elastic_net,2,ACH-000261,lung,0.8218217061045605,0.9389341648756903,0.6048784167325315,1.272989913018849,1.0,0.4320058342517179,0,0.5,0.8476627647957431,1.0,False,236,60
palbociclib,elastic_net,2,ACH-000484,kidney,1.29659663808308,1.0046244996392701,0.6705687514961114,1.338680247782429,0.0,0.5917298006876343,1,0.5,0.8476627647957431,1.0,False,236,60
palbociclib,elastic_net,2,ACH-000866,lung,0.9473321780544794,1.186923387337869,0.8528676391947103,1.5209791354810278,,0.2916703744825127,0,0.5,0.8476627647957431,1.0,False,236,60
palbociclib,elastic_net,2,ACH-000890,lung,0.8352073872003274,0.8187821492362524,0.4847264010930936,1.1528378973794111,1.0,0.5997066149289733,1,0.5,0.8476627647957431,1.0,False,236,60
palbociclib,elastic_net,2,ACH-000022,pancreas,0.9229454549309726,1.0196652469870056,0.6856094988438468,1.3537209951301643,,0.36110391614581394,0,0.5,0.8476627647957431,1.0,False,236,60
palbociclib,elastic_net,2,ACH-000437,cns/brain,0.8317556566346571,0.9973610327109735,0.6633052845678148,1.3314167808541324,1.0,0.5879164418209643,1,0.5,0.8476627647957431,1.0,False,236,60
palbociclib,elastic_net,2,ACH-000361,liver,0.7256105472471241,0.8351040314423879,0.5010482832992291,1.1691597795855466,1.0,0.5831715349686982,1,0.5,0.8476627647957431,1.0,False,236,60
palbociclib,elastic_net,2,ACH-000407,uterus,0.662224093110952,1.006405756271674,0.6723500081285152,1.3404615044148327,1.0,0.3572885823558344,0,0.5,0.8476627647957431,1.0,False,236,60
palbociclib,elastic_net,2,ACH-000947,ovary/fallopian tube,0.7618639052480056,0.8903750369398403,0.5563192887966816,1.224430785082999,1.0,0.33454090670341974,0,0.5,0.8476627647957431,1.0,False,236,60
palbociclib,elastic_net,2,ACH-000853,lung,0.8973802379886651,1.057570373280721,0.7235146251375622,1.3916261214238796,,0.31503026154246944,0,0.5,0.8476627647957431,1.0,False,236,60
palbociclib,elastic_net,2,ACH-000618,head and neck,0.9315319372530559,0.896700724619264,0.5626449764761052,1.2307564727624227,,0.5737157196017766,1,0.5,0.8476627647957431,1.0,False,236,60
palbociclib,elastic_net,2,ACH-000132,ovary/fallopian tube,1.194289493870985,0.9512097073686131,0.6171539592254544,1.2852654555117717,0.0,0.40123265285545917,0,0.5,0.8476627647957431,1.0,False,236,60
palbociclib,elastic_net,2,ACH-000936,ovary/fallopian tube,0.977663933389824,1.1108895199385016,0.7768337717953429,1.4449452680816604,,0.3840979783024231,0,0.5,0.8476627647957431,1.0,False,236,60
palbociclib,elastic_net,2,ACH-000504,cns/brain,1.31443925870032,1.2066177174219763,0.8725619692788176,1.540673465565135,0.0,0.2915493248944051,0,0.5,0.8476627647957431,1.0,False,236,60
palbociclib,elastic_net,2,ACH-000092,pleura,1.2477820577799594,0.8922318788663937,0.5581761307232349,1.2262876270095524,0.0,0.5818887941570098,1,0.5,0.8476627647957431,1.0,False,236,60
palbociclib,elastic_net,2,ACH-000669,lung,1.250653871120257,0.8989367054456907,0.564880957302532,1.2329924535888495,0.0,0.4876894471384904,0,0.5,0.8476627647957431,1.0,False,236,60
palbociclib,elastic_net,2,ACH-000950,bowel,0.8929306527264715,0.8821951569355727,0.548139408792414,1.2162509050787316,,0.5748289118533829,1,0.5,0.8476627647957431,1.0,False,236,60
palbociclib,elastic_net,2,ACH-000957,bowel,0.848671141542692,0.9642471713153914,0.6301914231722326,1.2983029194585503,,0.452483176165735,0,0.5,0.8476627647957431,1.0,False,236,60
palbociclib,elastic_net,2,ACH-000762,head and neck,0.9238180556177678,1.0287392988070188,0.69468355066386,1.3627950469501775,,0.5468024837312311,1,0.5,0.8476627647957431,1.0,False,236,60
palbociclib,elastic_net,2,ACH-000927,breast,0.9696410631651939,0.9776797651148589,0.6436240169717001,1.3117355132580175,,0.3285944684820182,0,0.5,0.8476627647957431,1.0,False,236,60
palbociclib,elastic_net,2,ACH-000974,uterus,0.884041235620306,1.0382985683784578,0.704242820235299,1.3723543165216165,,0.3116091020550261,0,0.5,0.8476627647957431,1.0,False,236,60
palbociclib,elastic_net,2,ACH-000843,lung,0.8001070036318164,0.9600160679835379,0.6259603198403791,1.2940718161266966,1.0,0.5995867719368076,1,0.5,0.8476627647957431,1.0,False,236,60
palbociclib,elastic_net,2,ACH-000667,lung,1.16911902377611,1.0816209539599018,0.747565205816743,1.4156767021030605,0.0,0.5215527639511071,1,0.5,0.8476627647957431,1.0,False,236,60
palbociclib,elastic_net,2,ACH-000905,bladder/urinary tract,1.4363528250168849,1.0773876146109362,0.7433318664677775,1.411443362754095,0.0,0.3067043584389231,0,0.5,0.8476627647957431,1.0,False,236,60
palbociclib,elastic_net,2,ACH-000516,bone,1.1641567453731982,1.1126317848218075,0.7785760366786487,1.4466875329649662,0.0,0.29184549064512744,0,0.5,0.8476627647957431,1.0,False,236,60
palbociclib,elastic_net,2,ACH-000411,kidney,0.7895914098097117,0.95236767527963,0.6183119271364712,1.2864234234227887,1.0,0.5935679631271369,1,0.5,0.8476627647957431,1.0,False,236,60
palbociclib,elastic_net,2,ACH-000903,thyroid,1.1980679772483849,1.053745110347124,0.7196893622039653,1.3878008584902828,0.0,0.4025493841392278,0,0.5,0.8476627647957431,1.0,False,236,60
palbociclib,elastic_net,2,ACH-000433,kidney,0.8519432908803573,0.9785030003197409,0.6444472521765822,1.3125587484628998,,0.5868641448910698,1,0.5,0.8476627647957431,1.0,False,236,60
palbociclib,elastic_net,2,ACH-000417,pancreas,0.9546890749011665,0.8614688361927239,0.5274130880495651,1.1955245843358826,,0.29957768554219777,0,0.5,0.8476627647957431,1.0,False,236,60
palbociclib,elastic_net,2,ACH-000839,bladder/urinary tract,0.9066864506764312,0.9189381490080356,0.5848824008648769,1.2529938971511942,,0.5159328676248273,1,0.5,0.8476627647957431,1.0,False,236,60
palbociclib,elastic_net,2,ACH-000802,bladder/urinary tract,0.8430869755787178,0.8762097306534216,0.5421539825102628,1.2102654787965803,1.0,0.42087539819396613,0,0.5,0.8476627647957431,1.0,False,236,60
palbociclib,elastic_net,2,ACH-000535,pancreas,1.58478512072503,0.967946032517203,0.6338902843740443,1.3020017806603619,0.0,0.4111794729421636,0,0.5,0.8476627647957431,1.0,False,236,60
palbociclib,elastic_net,2,ACH-001306,thyroid,0.9689183665473575,1.0153872495734737,0.681331501430315,1.3494429977166325,,0.49040892187768637,0,0.5,0.8476627647957431,1.0,False,236,60
palbociclib,elastic_net,2,ACH-000804,peripheral nervous system,0.7782275682319567,0.89908305895379,0.5650273108106313,1.2331388070969487,1.0,0.543642005320803,1,0.5,0.8476627647957431,1.0,False,236,60
palbociclib,elastic_net,2,ACH-000488,esophagus/stomach,0.8036233843968322,0.9175277196481463,0.5834719715049875,1.251583467791305,1.0,0.5970227306859134,1,0.5,0.8476627647957431,1.0,False,236,60
palbociclib,elastic_net,2,ACH-000450,skin,0.8833450562708599,0.9161308634982003,0.5820751153550415,1.2501866116413591,,0.5018764223914206,1,0.5,0.8476627647957431,1.0,False,236,60
palbociclib,elastic_net,2,ACH-000835,soft tissue,0.958298710470797,1.0129984235541796,0.6789426754110208,1.3470541716973383,,0.3243892717704794,0,0.5,0.8476627647957431,1.0,False,236,60
palbociclib,elastic_net,2,ACH-000879,uterus,0.8600119413579166,1.0277553625166107,0.693699614373452,1.3618111106597695,,0.31026909878442055,0,0.5,0.8476627647957431,1.0,False,236,60
palbociclib,elastic_net,2,ACH-000454,lung,0.8547114602265395,0.936917475211978,0.6028617270688192,1.2709732233551367,,0.5827024622113254,1,0.5,0.8476627647957431,1.0,False,236,60
palbociclib,elastic_net,2,ACH-000395,lung,0.9505041738015808,0.9653523018290163,0.6312965536858576,1.299408049972175,,0.4062222078452161,0,0.5,0.8476627647957431,1.0,False,236,60
palbociclib,elastic_net,2,ACH-000316,liver,0.8399160082434663,0.9710674386271646,0.6370116904840059,1.3051231867703232,1.0,0.569120595480116,1,0.5,0.8476627647957431,1.0,False,236,60
palbociclib,elastic_net,2,ACH-000601,pancreas,0.8025369444126356,0.8653676873315513,0.5313119391883926,1.19942343547471,1.0,0.39394565422598393,0,0.5,0.8476627647957431,1.0,False,236,60
palbociclib,elastic_net,2,ACH-000624,breast,0.9674771100680077,0.8965628250135034,0.5625070768703446,1.2306185731566621,,0.49151157389938427,0,0.5,0.8476627647957431,1.0,False,236,60
palbociclib,elastic_net,2,ACH-000493,liver,0.8161169989455479,0.9754068715248908,0.6413511233817321,1.3094626196680497,1.0,0.40266247874660877,0,0.5,0.8476627647957431,1.0,False,236,60
palbociclib,elastic_net,2,ACH-000401,skin,0.7299194422968476,0.8685761839743855,0.5345204358312268,1.2026319321175443,1.0,0.5734628690717885,1,0.5,0.8476627647957431,1.0,False,236,60
palbociclib,elastic_net,2,ACH-000841,lung,1.099433618995949,1.0374490917564836,0.7033933436133248,1.3715048398996423,0.0,0.31319089305344633,0,0.5,0.8476627647957431,1.0,False,236,60
palbociclib,elastic_net,2,ACH-000929,lung,1.28420893296769,1.0255091466894666,0.6914533985463078,1.3595648948326253,0.0,0.32038843459965577,0,0.5,0.8476627647957431,1.0,False,236,60
palbociclib,elastic_net,2,ACH-000311,lung,0.7461212124162613,0.9207796741984797,0.586723926055321,1.2548354223416385,1.0,0.6012339388752634,1,0.5,0.8476627647957431,1.0,False,236,60
palbociclib,elastic_net,2,ACH-000390,lung,0.958125172002571,0.9300149307694262,0.5959591826262675,1.264070678912585,,0.5994519827657107,1,0.5,0.8476627647957431,1.0,False,236,60
palbociclib,elastic_net,2,ACH-000468,pancreas,0.9102651357575505,0.746947225568817,0.41289147742565824,1.0810029737119757,,0.589631532170614,1,0.5,0.8476627647957431,1.0,False,236,60
palbociclib,elastic_net,2,ACH-000456,thyroid,1.08020388934432,1.096324569472124,0.7622688213289652,1.4303803176152827,0.0,0.3140589131858973,0,0.5,0.8476627647957431,1.0,False,236,60
palbociclib,elastic_net,2,ACH-000961,uterus,0.9519703058473304,1.17400972632075,0.8399539781775913,1.5080654744639088,,0.2915703355525299,0,0.5,0.8476627647957431,1.0,False,236,60
palbociclib,elastic_net,2,ACH-000958,bowel,1.63555680048978,0.9731473297222526,0.6390915815790938,1.3072030778654113,0.0,0.362924405901184,0,0.5,0.8476627647957431,1.0,False,236,60
palbociclib,elastic_net,2,ACH-000228,head and neck,0.9054469452369815,0.9656142754714137,0.6315585273282549,1.2996700236145724,,0.41894160711217127,0,0.5,0.8476627647957431,1.0,False,236,60
palbociclib,elastic_net,2,ACH-000281,pancreas,0.912014807119638,0.7531694130881343,0.4191136649449756,1.087225161231293,,0.6014059532861888,1,0.5,0.8476627647957431,1.0,False,236,60
palbociclib,elastic_net,2,ACH-000307,pancreas,0.8675538036818842,0.7697749751747616,0.4357192270316028,1.1038307233179203,,0.5995572508049885,1,0.5,0.8476627647957431,1.0,False,236,60
palbociclib,elastic_net,2,ACH-000595,cns/brain,0.9373691829788116,0.8797176292628672,0.5456618811197085,1.213773377406026,,0.48601545185273615,0,0.5,0.8476627647957431,1.0,False,236,60
palbociclib,elastic_net,2,ACH-000663,ovary/fallopian tube,0.7244752043147198,1.0378226265843118,0.703766878441153,1.3718783747274705,1.0,0.46762731991641115,0,0.5,0.8476627647957431,1.0,False,236,60
palbociclib,elastic_net,2,ACH-000510,lung,0.924082865606316,0.9423361916214839,0.6082804434783251,1.2763919397646426,,0.4365897683956833,0,0.5,0.8476627647957431,1.0,False,236,60
palbociclib,elastic_net,2,ACH-000169,soft tissue,0.87776889823915,1.053814154072398,0.7197584059292392,1.3878699022155567,,0.41075642541997476,0,0.5,0.8476627647957431,1.0,False,236,60
palbociclib,elastic_net,2,ACH-000796,ovary/fallopian tube,1.11563911868088,1.009366285462669,0.6753105373195103,1.3434220336058278,0.0,0.3877288754260711,0,0.5,0.8476627647957431,1.0,False,236,60
palbociclib,elastic_net,2,ACH-000469,cns/brain,0.9190063496229146,0.9582228419347405,0.6241670937915818,1.2922785900778992,,0.5083827718580264,1,0.5,0.8476627647957431,1.0,False,236,60
palbociclib,elastic_net,2,ACH-000579,skin,0.9560194026954272,1.0383447985110803,0.7042890503679216,1.372400546654239,,0.35429459855287754,0,0.5,0.8476627647957431,1.0,False,236,60
palbociclib,elastic_net,2,ACH-000502,pancreas,1.0,0.8777786628266938,0.5437229146835351,1.2118344109698524,0.0,0.5101001017347422,1,0.5,0.8476627647957431,1.0,False,236,60
palbociclib,elastic_net,2,ACH-000015,lung,0.8800725329498832,0.8310578057407487,0.49700205759759,1.1651135538839075,,0.4167364589526337,0,0.5,0.8476627647957431,1.0,False,236,60
palbociclib,elastic_net,2,ACH-000666,lung,1.2485159847426546,0.9870546428890308,0.652998894745872,1.3211103910321895,0.0,0.5541347022964376,1,0.5,0.8476627647957431,1.0,False,236,60
palbociclib,elastic_net,2,ACH-000046,kidney,0.7053035271052366,0.8585952213882642,0.5245394732451054,1.192650969531423,1.0,0.5833621155164259,1,0.5,0.8476627647957431,1.0,False,236,60
palbociclib,elastic_net,2,ACH-000973,bladder/urinary tract,0.8685516399784252,0.9502841385444349,0.6162283904012762,1.2843398866875937,,0.3003487359861938,0,0.5,0.8476627647957431,1.0,False,236,60
palbociclib,xgboost,2,ACH-000123,ovary/fallopian tube,0.6416622689196986,0.930090069770813,0.5030718919959227,1.3571082475457033,1.0,0.45553220607132544,0,0.5,0.8476627647957431,1.0,False,236,60
palbociclib,xgboost,2,ACH-000627,lung,0.8908362312516565,0.9771762490272522,0.5501580712523619,1.4041944268021425,,0.41995266970147166,0,0.5,0.8476627647957431,1.0,False,236,60
palbociclib,xgboost,2,ACH-000941,uterus,1.094378379401335,1.0483424663543701,0.6213242885794799,1.4753606441292604,0.0,0.41745640417985114,0,0.5,0.8476627647957431,1.0,False,236,60
palbociclib,xgboost,2,ACH-000019,breast,1.1220256946115401,0.9907574653625488,0.5637392875876586,1.417775643137439,0.0,0.41878336975497465,0,0.5,0.8476627647957431,1.0,False,236,60
palbociclib,xgboost,2,ACH-000481,lung,0.893701483777651,0.9428939819335938,0.5158758041587035,1.369912159708484,,0.4622690628778878,0,0.5,0.8476627647957431,1.0,False,236,60
palbociclib,xgboost,2,ACH-000749,lung,1.0,1.059518814086914,0.6325006363120238,1.4865369918618043,0.0,0.41855434314514534,0,0.5,0.8476627647957431,1.0,False,236,60
palbociclib,xgboost,2,ACH-000261,lung,0.8218217061045605,0.9360091686248779,0.5089909908499877,1.3630273463997682,1.0,0.4311249435599052,0,0.5,0.8476627647957431,1.0,False,236,60
palbociclib,xgboost,2,ACH-000484,kidney,1.29659663808308,0.9498537182807922,0.522835540505902,1.3768718960556825,0.0,0.4367646814449446,0,0.5,0.8476627647957431,1.0,False,236,60
palbociclib,xgboost,2,ACH-000866,lung,0.9473321780544794,1.0500414371490479,0.6230232593741576,1.4770596149239381,,0.4045898312910193,0,0.5,0.8476627647957431,1.0,False,236,60
palbociclib,xgboost,2,ACH-000890,lung,0.8352073872003274,0.8395553827285767,0.4125372049536864,1.266573560503467,1.0,0.47677456533468826,0,0.5,0.8476627647957431,1.0,False,236,60
palbociclib,xgboost,2,ACH-000022,pancreas,0.9229454549309726,0.9212718605995178,0.49425368282462756,1.348290038374408,,0.4604252148822079,0,0.5,0.8476627647957431,1.0,False,236,60
palbociclib,xgboost,2,ACH-000437,cns/brain,0.8317556566346571,0.886626660823822,0.45960848304893176,1.3136448385987123,1.0,0.4670364986190563,0,0.5,0.8476627647957431,1.0,False,236,60
palbociclib,xgboost,2,ACH-000361,liver,0.7256105472471241,0.9158732891082764,0.4888551113333861,1.3428914668831666,1.0,0.43511031871646927,0,0.5,0.8476627647957431,1.0,False,236,60
palbociclib,xgboost,2,ACH-000407,uterus,0.662224093110952,1.1238654851913452,0.696847307416455,1.5508836629662355,1.0,0.40024608526135547,0,0.5,0.8476627647957431,1.0,False,236,60
palbociclib,xgboost,2,ACH-000947,ovary/fallopian tube,0.7618639052480056,0.8070600032806396,0.3800418255057494,1.23407818105553,1.0,0.46492824539782723,0,0.5,0.8476627647957431,1.0,False,236,60
palbociclib,xgboost,2,ACH-000853,lung,0.8973802379886651,0.9747346043586731,0.5477164265837828,1.4017527821335634,,0.4270570523205328,0,0.5,0.8476627647957431,1.0,False,236,60
palbociclib,xgboost,2,ACH-000618,head and neck,0.9315319372530559,0.9991962313652039,0.5721780535903136,1.4262144091400941,,0.43272804112535673,0,0.5,0.8476627647957431,1.0,False,236,60
palbociclib,xgboost,2,ACH-000132,ovary/fallopian tube,1.194289493870985,0.9943895936012268,0.5673714158263365,1.421407771376117,0.0,0.42431978362459577,0,0.5,0.8476627647957431,1.0,False,236,60
palbociclib,xgboost,2,ACH-000936,ovary/fallopian tube,0.977663933389824,0.9335519671440125,0.5065337893691222,1.3605701449189027,,0.4031060527449732,0,0.5,0.8476627647957431,1.0,False,236,60
palbociclib,xgboost,2,ACH-000504,cns/brain,1.31443925870032,1.1137478351593018,0.6867296573844115,1.540766012934192,0.0,0.3949863779072479,0,0.5,0.8476627647957431,1.0,False,236,60
palbociclib,xgboost,2,ACH-000092,pleura,1.2477820577799594,0.9559261798858643,0.528908002110974,1.3829443576607545,0.0,0.44086884245942054,0,0.5,0.8476627647957431,1.0,False,236,60
palbociclib,xgboost,2,ACH-000669,lung,1.250653871120257,0.9040312170982361,0.4770130393233458,1.3310493948731263,0.0,0.46123086215476233,0,0.5,0.8476627647957431,1.0,False,236,60
palbociclib,xgboost,2,ACH-000950,bowel,0.8929306527264715,0.8743686676025391,0.4473504898276488,1.3013868453774293,,0.4700080597966512,0,0.5,0.8476627647957431,1.0,False,236,60
palbociclib,xgboost,2,ACH-000957,bowel,0.848671141542692,0.9242897033691406,0.49727152559425036,1.3513078811440309,,0.42992158258977753,0,0.5,0.8476627647957431,1.0,False,236,60
palbociclib,xgboost,2,ACH-000762,head and neck,0.9238180556177678,0.9907411932945251,0.5637230155196349,1.4177593710694154,,0.44317769460738793,0,0.5,0.8476627647957431,1.0,False,236,60
palbociclib,xgboost,2,ACH-000927,breast,0.9696410631651939,0.96204674243927,0.5350285646643798,1.3890649202141603,,0.42642541377588195,0,0.5,0.8476627647957431,1.0,False,236,60
palbociclib,xgboost,2,ACH-000974,uterus,0.884041235620306,1.0468991994857788,0.6198810217108885,1.473917377260669,,0.4347456326171696,0,0.5,0.8476627647957431,1.0,False,236,60
palbociclib,xgboost,2,ACH-000843,lung,0.8001070036318164,0.9042953252792358,0.4772771475043456,1.331313503054126,1.0,0.46742465052120946,0,0.5,0.8476627647957431,1.0,False,236,60
palbociclib,xgboost,2,ACH-000667,lung,1.16911902377611,0.9881783723831177,0.5611601946082274,1.415196550158008,0.0,0.4151257600784728,0,0.5,0.8476627647957431,1.0,False,236,60
palbociclib,xgboost,2,ACH-000905,bladder/urinary tract,1.4363528250168849,1.021987795829773,0.5949696180548827,1.4490059736046632,0.0,0.420378375206279,0,0.5,0.8476627647957431,1.0,False,236,60
palbociclib,xgboost,2,ACH-000516,bone,1.1641567453731982,0.9553887248039246,0.5283705470290343,1.3824069025788148,0.0,0.44569640896134244,0,0.5,0.8476627647957431,1.0,False,236,60
palbociclib,xgboost,2,ACH-000411,kidney,0.7895914098097117,0.9591673016548157,0.5321491238799254,1.386185479429706,1.0,0.46258111180329103,0,0.5,0.8476627647957431,1.0,False,236,60
palbociclib,xgboost,2,ACH-000903,thyroid,1.1980679772483849,1.1111977100372314,0.6841795322623412,1.5382158878121217,0.0,0.40366951629736736,0,0.5,0.8476627647957431,1.0,False,236,60
palbociclib,xgboost,2,ACH-000433,kidney,0.8519432908803573,0.9278241991996765,0.5008060214247863,1.3548423769745668,,0.44869219869472493,0,0.5,0.8476627647957431,1.0,False,236,60
palbociclib,xgboost,2,ACH-000417,pancreas,0.9546890749011665,0.9753117561340332,0.5482935783591429,1.4023299339089235,,0.4293192166895537,0,0.5,0.8476627647957431,1.0,False,236,60
palbociclib,xgboost,2,ACH-000839,bladder/urinary tract,0.9066864506764312,0.8806451559066772,0.453626978131787,1.3076633336815675,,0.44158091365084584,0,0.5,0.8476627647957431,1.0,False,236,60
palbociclib,xgboost,2,ACH-000802,bladder/urinary tract,0.8430869755787178,0.9438070058822632,0.5167888281073729,1.3708251836571534,1.0,0.4042499079837563,0,0.5,0.8476627647957431,1.0,False,236,60
palbociclib,xgboost,2,ACH-000535,pancreas,1.58478512072503,1.0181783437728882,0.5911601659979979,1.4451965215477784,0.0,0.44298091090948016,0,0.5,0.8476627647957431,1.0,False,236,60
palbociclib,xgboost,2,ACH-001306,thyroid,0.9689183665473575,1.0796475410461426,0.6526293632712523,1.5066657188210328,,0.4050984420502346,0,0.5,0.8476627647957431,1.0,False,236,60
palbociclib,xgboost,2,ACH-000804,peripheral nervous system,0.7782275682319567,0.920641303062439,0.4936231252875487,1.3476594808373292,1.0,0.46689840415857936,0,0.5,0.8476627647957431,1.0,False,236,60
palbociclib,xgboost,2,ACH-000488,esophagus/stomach,0.8036233843968322,0.9709702730178833,0.543952095242993,1.3979884507927736,1.0,0.4438266350780218,0,0.5,0.8476627647957431,1.0,False,236,60
palbociclib,xgboost,2,ACH-000450,skin,0.8833450562708599,0.9841956496238708,0.5571774718489806,1.4112138273987611,,0.4404083675131696,0,0.5,0.8476627647957431,1.0,False,236,60
palbociclib,xgboost,2,ACH-000835,soft tissue,0.958298710470797,0.9402929544448853,0.513274776669995,1.3673111322197755,,0.4277377851355446,0,0.5,0.8476627647957431,1.0,False,236,60
palbociclib,xgboost,2,ACH-000879,uterus,0.8600119413579166,0.9339321255683899,0.5069139477934996,1.3609503033432802,,0.4552486844675892,0,0.5,0.8476627647957431,1.0,False,236,60
palbociclib,xgboost,2,ACH-000454,lung,0.8547114602265395,0.9785436987876892,0.551525521012799,1.4055618765625795,,0.42998030701722156,0,0.5,0.8476627647957431,1.0,False,236,60
palbociclib,xgboost,2,ACH-000395,lung,0.9505041738015808,0.9550899267196655,0.5280717489447753,1.3821081044945558,,0.4722019209435534,0,0.5,0.8476627647957431,1.0,False,236,60
palbociclib,xgboost,2,ACH-000316,liver,0.8399160082434663,0.9171100854873657,0.49009190771247546,1.344128263262256,1.0,0.4456109555738181,0,0.5,0.8476627647957431,1.0,False,236,60
palbociclib,xgboost,2,ACH-000601,pancreas,0.8025369444126356,0.8673281669616699,0.44030998918677966,1.2943463447365602,1.0,0.44179647094164615,0,0.5,0.8476627647957431,1.0,False,236,60
palbociclib,xgboost,2,ACH-000624,breast,0.9674771100680077,0.9705400466918945,0.5435218689170043,1.3975582244667848,,0.44152435550576374,0,0.5,0.8476627647957431,1.0,False,236,60
palbociclib,xgboost,2,ACH-000493,liver,0.8161169989455479,0.9940433502197266,0.5670251724448363,1.4210615279946168,1.0,0.4401102197286333,0,0.5,0.8476627647957431,1.0,False,236,60
palbociclib,xgboost,2,ACH-000401,skin,0.7299194422968476,0.8984705805778503,0.4714524028029601,1.3254887583527406,1.0,0.45623957344300453,0,0.5,0.8476627647957431,1.0,False,236,60
palbociclib,xgboost,2,ACH-000841,lung,1.099433618995949,0.9581097960472107,0.5310916182723204,1.385127973822101,0.0,0.436737327916193,0,0.5,0.8476627647957431,1.0,False,236,60
palbociclib,xgboost,2,ACH-000929,lung,1.28420893296769,1.0342814922332764,0.6072633144583861,1.4612996700081666,0.0,0.4281705233321074,0,0.5,0.8476627647957431,1.0,False,236,60
palbociclib,xgboost,2,ACH-000311,lung,0.7461212124162613,0.915725588798523,0.4887074110236327,1.3427437665734132,1.0,0.4554216470386659,0,0.5,0.8476627647957431,1.0,False,236,60
palbociclib,xgboost,2,ACH-000390,lung,0.958125172002571,0.9144929647445679,0.4874747869696776,1.3415111425194581,,0.4339101483880169,0,0.5,0.8476627647957431,1.0,False,236,60
palbociclib,xgboost,2,ACH-000468,pancreas,0.9102651357575505,0.8651015162467957,0.4380833384719054,1.292119694021686,,0.43215978864302,0,0.5,0.8476627647957431,1.0,False,236,60
palbociclib,xgboost,2,ACH-000456,thyroid,1.08020388934432,0.9387710690498352,0.5117528912749449,1.3657892468247255,0.0,0.44330538595654523,0,0.5,0.8476627647957431,1.0,False,236,60
palbociclib,xgboost,2,ACH-000961,uterus,0.9519703058473304,1.1361225843429565,0.7091044065680663,1.5631407621178468,,0.3959250411518232,0,0.5,0.8476627647957431,1.0,False,236,60
palbociclib,xgboost,2,ACH-000958,bowel,1.63555680048978,0.9031672477722168,0.47614906999732654,1.330185425547107,0.0,0.42676816266221573,0,0.5,0.8476627647957431,1.0,False,236,60
palbociclib,xgboost,2,ACH-000228,head and neck,0.9054469452369815,0.9538108706474304,0.5267926928725402,1.3808290484223207,,0.4482635449587524,0,0.5,0.8476627647957431,1.0,False,236,60
palbociclib,xgboost,2,ACH-000281,pancreas,0.912014807119638,0.9758971333503723,0.548878955575482,1.4029153111252626,,0.4459092849505966,0,0.5,0.8476627647957431,1.0,False,236,60
palbociclib,xgboost,2,ACH-000307,pancreas,0.8675538036818842,0.7986124753952026,0.3715942976203124,1.225630653170093,,0.4791027195907188,0,0.5,0.8476627647957431,1.0,False,236,60
palbociclib,xgboost,2,ACH-000595,cns/brain,0.9373691829788116,0.9099187254905701,0.4829005477156798,1.3369369032654603,,0.4610919754857178,0,0.5,0.8476627647957431,1.0,False,236,60
palbociclib,xgboost,2,ACH-000663,ovary/fallopian tube,0.7244752043147198,0.9750562310218811,0.5480380532469908,1.4020744087967714,1.0,0.4790418242495137,0,0.5,0.8476627647957431,1.0,False,236,60
palbociclib,xgboost,2,ACH-000510,lung,0.924082865606316,0.9374030232429504,0.5103848454680602,1.3644212010178407,,0.43587945603043415,0,0.5,0.8476627647957431,1.0,False,236,60
palbociclib,xgboost,2,ACH-000169,soft tissue,0.87776889823915,0.9689277410507202,0.54190956327583,1.3959459188256105,,0.4334330356496956,0,0.5,0.8476627647957431,1.0,False,236,60
palbociclib,xgboost,2,ACH-000796,ovary/fallopian tube,1.11563911868088,0.9289098381996155,0.5018916604247252,1.3559280159745057,0.0,0.4070059461998131,0,0.5,0.8476627647957431,1.0,False,236,60
palbociclib,xgboost,2,ACH-000469,cns/brain,0.9190063496229146,1.0173122882843018,0.5902941105094115,1.444330466059192,,0.4260513837948138,0,0.5,0.8476627647957431,1.0,False,236,60
palbociclib,xgboost,2,ACH-000579,skin,0.9560194026954272,1.0352892875671387,0.6082711097922484,1.462307465342029,,0.42146007276658565,0,0.5,0.8476627647957431,1.0,False,236,60
palbociclib,xgboost,2,ACH-000502,pancreas,1.0,0.9207518100738525,0.4937336322989623,1.3477699878487428,0.0,0.4436336334918156,0,0.5,0.8476627647957431,1.0,False,236,60
palbociclib,xgboost,2,ACH-000015,lung,0.8800725329498832,0.8566697835922241,0.42965160581733386,1.2836879613671144,,0.47122694968680295,0,0.5,0.8476627647957431,1.0,False,236,60
palbociclib,xgboost,2,ACH-000666,lung,1.2485159847426546,0.9775030016899109,0.5504848239150206,1.4045211794648012,0.0,0.4390538506086535,0,0.5,0.8476627647957431,1.0,False,236,60
palbociclib,xgboost,2,ACH-000046,kidney,0.7053035271052366,0.8875117301940918,0.46049355241920154,1.314529907968982,1.0,0.47011127862051755,0,0.5,0.8476627647957431,1.0,False,236,60
palbociclib,xgboost,2,ACH-000973,bladder/urinary tract,0.8685516399784252,1.002642273902893,0.5756240961280028,1.4296604516777833,,0.4102433159362758,0,0.5,0.8476627647957431,1.0,False,236,60
palbociclib,lineage,3,ACH-000528,lung,0.9338565149821261,0.9743947051161749,0.662077111428517,1.2867122988038329,,0.46683210066927006,0,0.5,0.8478017657625909,1.0,False,236,60
palbociclib,lineage,3,ACH-000351,esophagus/stomach,1.0,0.9581259345950902,0.6458083409074323,1.270443528282748,0.0,0.4745661025250985,0,0.5,0.8478017657625909,1.0,False,236,60
palbociclib,lineage,3,ACH-000313,kidney,0.8297809284101803,0.8797177140037151,0.5674001203160572,1.192035307691373,1.0,0.48096143153555504,0,0.5,0.8478017657625909,1.0,False,236,60
palbociclib,lineage,3,ACH-000383,esophagus/stomach,0.8414727942438038,0.9581259345950902,0.6458083409074323,1.270443528282748,1.0,0.4745661025250985,0,0.5,0.8478017657625909,1.0,False,236,60
palbociclib,lineage,3,ACH-000856,breast,0.8730021748135612,1.0313778121942565,0.7190602185065986,1.3436954058819144,,0.46029173686931607,0,0.5,0.8478017657625909,1.0,False,236,60
palbociclib,lineage,3,ACH-000376,cns/brain,0.920124841090808,1.0101453070572157,0.6978277133695578,1.3224629007448736,,0.4685001949684092,0,0.5,0.8478017657625909,1.0,False,236,60
palbociclib,lineage,3,ACH-000322,skin,0.8547560831436284,0.9297032768934855,0.6173856832058277,1.2420208705811433,,0.4696056700590663,0,0.5,0.8478017657625909,1.0,False,236,60
palbociclib,lineage,3,ACH-000946,uterus,1.10210522257326,1.037578582092177,0.7252609884045191,1.349896175779835,0.0,0.4634488817164963,0,0.5,0.8478017657625909,1.0,False,236,60
palbociclib,lineage,3,ACH-000098,cns/brain,1.0809242172052764,1.0101453070572157,0.6978277133695578,1.3224629007448736,0.0,0.4685001949684092,0,0.5,0.8478017657625909,1.0,False,236,60
palbociclib,lineage,3,ACH-000971,bowel,0.9343064719003413,1.0157922735649954,0.7034746798773375,1.3281098672526532,,0.4719541818467732,0,0.5,0.8478017657625909,1.0,False,236,60
palbociclib,lineage,3,ACH-000429,kidney,1.71909445567534,0.8797177140037151,0.5674001203160572,1.192035307691373,0.0,0.48096143153555504,0,0.5,0.8478017657625909,1.0,False,236,60
palbociclib,lineage,3,ACH-000012,lung,0.901995236130527,0.9743947051161749,0.662077111428517,1.2867122988038329,,0.46683210066927006,0,0.5,0.8478017657625909,1.0,False,236,60
palbociclib,lineage,3,ACH-000231,cns/brain,1.2238868426958551,1.0101453070572157,0.6978277133695578,1.3224629007448736,0.0,0.4685001949684092,0,0.5,0.8478017657625909,1.0,False,236,60
palbociclib,lineage,3,ACH-000943,bowel,1.0,1.0157922735649954,0.7034746798773375,1.3281098672526532,0.0,0.4719541818467732,0,0.5,0.8478017657625909,1.0,False,236,60
palbociclib,lineage,3,ACH-000153,pleura,1.2517410612390973,0.8838196749636924,0.5715020812760345,1.1961372686513503,0.0,0.47866743336129075,0,0.5,0.8478017657625909,1.0,False,236,60
palbociclib,lineage,3,ACH-000324,ovary/fallopian tube,0.8850127514572759,1.0371866842556805,0.7248690905680226,1.3495042779433384,,0.46713289233607835,0,0.5,0.8478017657625909,1.0,False,236,60
palbociclib,lineage,3,ACH-000898,esophagus/stomach,0.7038690372822864,0.9581259345950902,0.6458083409074323,1.270443528282748,1.0,0.4745661025250985,0,0.5,0.8478017657625909,1.0,False,236,60
palbociclib,lineage,3,ACH-000517,pancreas,1.0,0.9496872980033461,0.6373697043156882,1.2620048916910038,0.0,0.474013583105165,0,0.5,0.8478017657625909,1.0,False,236,60
palbociclib,lineage,3,ACH-000163,head and neck,0.7543520717763642,0.9085632612079909,0.596245667520333,1.2208808548956487,1.0,0.47436906380724775,0,0.5,0.8478017657625909,1.0,False,236,60
palbociclib,lineage,3,ACH-000532,bowel,0.9169974301539721,1.0157922735649954,0.7034746798773375,1.3281098672526532,,0.4719541818467732,0,0.5,0.8478017657625909,1.0,False,236,60
palbociclib,lineage,3,ACH-000374,breast,1.400687084671685,1.0313778121942565,0.7190602185065986,1.3436954058819144,0.0,0.46029173686931607,0,0.5,0.8478017657625909,1.0,False,236,60
palbociclib,lineage,3,ACH-000040,cns/brain,0.9388778040506437,1.0101453070572157,0.6978277133695578,1.3224629007448736,,0.4685001949684092,0,0.5,0.8478017657625909,1.0,False,236,60
palbociclib,lineage,3,ACH-000713,ovary/fallopian tube,1.0,1.0371866842556805,0.7248690905680226,1.3495042779433384,0.0,0.46713289233607835,0,0.5,0.8478017657625909,1.0,False,236,60
palbociclib,lineage,3,ACH-000420,liver,0.9195003717797345,1.0192525019379866,0.7069349082503287,1.3315700956256444,,0.47517810076593,0,0.5,0.8478017657625909,1.0,False,236,60
palbociclib,lineage,3,ACH-000486,bladder/urinary tract,0.7704588276683144,0.9836097689371122,0.6712921752494543,1.29592736262477,1.0,0.47204216035012064,0,0.5,0.8478017657625909,1.0,False,236,60
palbociclib,lineage,3,ACH-000479,cns/brain,0.836948906557637,1.0101453070572157,0.6978277133695578,1.3224629007448736,1.0,0.4685001949684092,0,0.5,0.8478017657625909,1.0,False,236,60
palbociclib,lineage,3,ACH-000270,pancreas,1.171889728276755,0.9496872980033461,0.6373697043156882,1.2620048916910038,0.0,0.474013583105165,0,0.5,0.8478017657625909,1.0,False,236,60
palbociclib,lineage,3,ACH-000637,esophagus/stomach,0.8407157655704367,0.9581259345950902,0.6458083409074323,1.270443528282748,1.0,0.4745661025250985,0,0.5,0.8478017657625909,1.0,False,236,60
palbociclib,lineage,3,ACH-000389,cns/brain,1.09921792833517,1.0101453070572157,0.6978277133695578,1.3224629007448736,0.0,0.4685001949684092,0,0.5,0.8478017657625909,1.0,False,236,60
palbociclib,lineage,3,ACH-000393,liver,0.9472749557109774,1.0192525019379866,0.7069349082503287,1.3315700956256444,,0.47517810076593,0,0.5,0.8478017657625909,1.0,False,236,60
palbociclib,lineage,3,ACH-000988,uterus,2.24797492027832,1.037578582092177,0.7252609884045191,1.349896175779835,0.0,0.4634488817164963,0,0.5,0.8478017657625909,1.0,False,236,60
palbociclib,lineage,3,ACH-000007,bowel,0.891980563492915,1.0157922735649954,0.7034746798773375,1.3281098672526532,,0.4719541818467732,0,0.5,0.8478017657625909,1.0,False,236,60
palbociclib,lineage,3,ACH-000277,breast,0.8876926152219125,1.0313778121942565,0.7190602185065986,1.3436954058819144,,0.46029173686931607,0,0.5,0.8478017657625909,1.0,False,236,60
palbociclib,lineage,3,ACH-001239,skin,0.86110499039084,0.9297032768934855,0.6173856832058277,1.2420208705811433,,0.4696056700590663,0,0.5,0.8478017657625909,1.0,False,236,60
palbociclib,lineage,3,ACH-000803,lung,1.53054722407638,0.9743947051161749,0.662077111428517,1.2867122988038329,0.0,0.46683210066927006,0,0.5,0.8478017657625909,1.0,False,236,60
palbociclib,lineage,3,ACH-000090,prostate,0.911978898578639,1.0064148739362797,0.6940972802486218,1.3187324676239376,,0.46738477590003086,0,0.5,0.8478017657625909,1.0,False,236,60
palbociclib,lineage,3,ACH-000018,bladder/urinary tract,0.8415687481385509,0.9836097689371122,0.6712921752494543,1.29592736262477,1.0,0.47204216035012064,0,0.5,0.8478017657625909,1.0,False,236,60
palbociclib,lineage,3,ACH-000589,lung,0.7992051017446691,0.9743947051161749,0.662077111428517,1.2867122988038329,1.0,0.46683210066927006,0,0.5,0.8478017657625909,1.0,False,236,60
palbociclib,lineage,3,ACH-000142,bladder/urinary tract,0.7378735343517027,0.9836097689371122,0.6712921752494543,1.29592736262477,1.0,0.47204216035012064,0,0.5,0.8478017657625909,1.0,False,236,60
palbociclib,lineage,3,ACH-000278,ovary/fallopian tube,0.941867356259058,1.0371866842556805,0.7248690905680226,1.3495042779433384,,0.46713289233607835,0,0.5,0.8478017657625909,1.0,False,236,60
palbociclib,lineage,3,ACH-000573,breast,1.201104029644315,1.0313778121942565,0.7190602185065986,1.3436954058819144,0.0,0.46029173686931607,0,0.5,0.8478017657625909,1.0,False,236,60
palbociclib,lineage,3,ACH-000852,lung,1.24328518666899,0.9743947051161749,0.662077111428517,1.2867122988038329,0.0,0.46683210066927006,0,0.5,0.8478017657625909,1.0,False,236,60
palbociclib,lineage,3,ACH-000011,bladder/urinary tract,0.8554026467156415,0.9836097689371122,0.6712921752494543,1.29592736262477,,0.47204216035012064,0,0.5,0.8478017657625909,1.0,False,236,60
palbociclib,lineage,3,ACH-000141,biliary tract,1.20889494405648,0.991501658678814,0.6791840649911561,1.303819252366472,0.0,0.47180741511965896,0,0.5,0.8478017657625909,1.0,False,236,60
palbociclib,lineage,3,ACH-000921,lung,0.8619791094247287,0.9743947051161749,0.662077111428517,1.2867122988038329,,0.46683210066927006,0,0.5,0.8478017657625909,1.0,False,236,60
palbociclib,lineage,3,ACH-000647,esophagus/stomach,0.9666247999751265,0.9581259345950902,0.6458083409074323,1.270443528282748,,0.4745661025250985,0,0.5,0.8478017657625909,1.0,False,236,60
palbociclib,lineage,3,ACH-000913,uterus,1.5692388775641481,1.037578582092177,0.7252609884045191,1.349896175779835,0.0,0.4634488817164963,0,0.5,0.8478017657625909,1.0,False,236,60
palbociclib,lineage,3,ACH-000292,lung,0.7757400059351386,0.9743947051161749,0.662077111428517,1.2867122988038329,1.0,0.46683210066927006,0,0.5,0.8478017657625909,1.0,False,236,60
palbociclib,lineage,3,ACH-000137,cns/brain,1.0,1.0101453070572157,0.6978277133695578,1.3224629007448736,0.0,0.4685001949684092,0,0.5,0.8478017657625909,1.0,False,236,60
palbociclib,lineage,3,ACH-000881,skin,0.946525383004563,0.9297032768934855,0.6173856832058277,1.2420208705811433,,0.4696056700590663,0,0.5,0.8478017657625909,1.0,False,236,60
palbociclib,lineage,3,ACH-000899,skin,0.8747881342481059,0.9297032768934855,0.6173856832058277,1.2420208705811433,,0.4696056700590663,0,0.5,0.8478017657625909,1.0,False,236,60
palbociclib,lineage,3,ACH-000651,bowel,0.8797019223916764,1.0157922735649954,0.7034746798773375,1.3281098672526532,,0.4719541818467732,0,0.5,0.8478017657625909,1.0,False,236,60
palbociclib,lineage,3,ACH-000473,bladder/urinary tract,0.7868074691782623,0.9836097689371122,0.6712921752494543,1.29592736262477,1.0,0.47204216035012064,0,0.5,0.8478017657625909,1.0,False,236,60
palbociclib,lineage,3,ACH-000280,ovary/fallopian tube,0.8256260594126534,1.0371866842556805,0.7248690905680226,1.3495042779433384,1.0,0.46713289233607835,0,0.5,0.8478017657625909,1.0,False,236,60
palbociclib,lineage,3,ACH-000191,thyroid,0.8379835238289615,0.9783610306334696,0.6660434369458117,1.2906786243211275,1.0,0.4688073408351762,0,0.5,0.8478017657625909,1.0,False,236,60
palbociclib,lineage,3,ACH-000259,peripheral nervous system,1.1373447570884334,0.9364771325914503,0.6241595389037924,1.2487947262791081,0.0,0.47180741511965896,0,0.5,0.8478017657625909,1.0,False,236,60
palbociclib,lineage,3,ACH-000720,bladder/urinary tract,1.75741656161661,0.9836097689371122,0.6712921752494543,1.29592736262477,0.0,0.47204216035012064,0,0.5,0.8478017657625909,1.0,False,236,60
palbociclib,lineage,3,ACH-000940,uterus,0.973821440451976,1.037578582092177,0.7252609884045191,1.349896175779835,,0.4634488817164963,0,0.5,0.8478017657625909,1.0,False,236,60
palbociclib,lineage,3,ACH-000207,head and neck,0.8480768406880228,0.9085632612079909,0.596245667520333,1.2208808548956487,,0.47436906380724775,0,0.5,0.8478017657625909,1.0,False,236,60
palbociclib,lineage,3,ACH-000062,lung,0.8238516365282671,0.9743947051161749,0.662077111428517,1.2867122988038329,1.0,0.46683210066927006,0,0.5,0.8478017657625909,1.0,False,236,60
palbociclib,lineage,3,ACH-000174,thyroid,0.9236284418482774,0.9783610306334696,0.6660434369458117,1.2906786243211275,,0.4688073408351762,0,0.5,0.8478017657625909,1.0,False,236,60
palbociclib,lineage,3,ACH-000212,breast,1.0,1.0313778121942565,0.7190602185065986,1.3436954058819144,0.0,0.46029173686931607,0,0.5,0.8478017657625909,1.0,False,236,60
palbociclib,lineage,3,ACH-000776,cns/brain,0.7411399523849138,1.0101453070572157,0.6978277133695578,1.3224629007448736,1.0,0.4685001949684092,0,0.5,0.8478017657625909,1.0,False,236,60
palbociclib,lineage,3,ACH-000219,skin,0.8417606836987175,0.9297032768934855,0.6173856832058277,1.2420208705811433,1.0,0.4696056700590663,0,0.5,0.8478017657625909,1.0,False,236,60
palbociclib,lineage,3,ACH-000091,ovary/fallopian tube,0.8357011117315527,1.0371866842556805,0.7248690905680226,1.3495042779433384,1.0,0.46713289233607835,0,0.5,0.8478017657625909,1.0,False,236,60
palbociclib,lineage,3,ACH-000777,esophagus/stomach,0.7748902286505859,0.9581259345950902,0.6458083409074323,1.270443528282748,1.0,0.4745661025250985,0,0.5,0.8478017657625909,1.0,False,236,60
palbociclib,lineage,3,ACH-000023,pancreas,0.887173429287148,0.9496872980033461,0.6373697043156882,1.2620048916910038,,0.474013583105165,0,0.5,0.8478017657625909,1.0,False,236,60
palbociclib,lineage,3,ACH-000888,lung,0.870838674888952,0.9743947051161749,0.662077111428517,1.2867122988038329,,0.46683210066927006,0,0.5,0.8478017657625909,1.0,False,236,60
palbociclib,lineage,3,ACH-000030,lung,1.0,0.9743947051161749,0.662077111428517,1.2867122988038329,0.0,0.46683210066927006,0,0.5,0.8478017657625909,1.0,False,236,60
palbociclib,lineage,3,ACH-000977,prostate,0.9022946749928085,1.0064148739362797,0.6940972802486218,1.3187324676239376,,0.46738477590003086,0,0.5,0.8478017657625909,1.0,False,236,60
palbociclib,lineage,3,ACH-000288,breast,1.224992958345449,1.0313778121942565,0.7190602185065986,1.3436954058819144,0.0,0.46029173686931607,0,0.5,0.8478017657625909,1.0,False,236,60
palbociclib,lineage,3,ACH-000791,lung,0.9242160438612834,0.9743947051161749,0.662077111428517,1.2867122988038329,,0.46683210066927006,0,0.5,0.8478017657625909,1.0,False,236,60
palbociclib,lineage,3,ACH-000217,liver,0.9005794687807115,1.0192525019379866,0.7069349082503287,1.3315700956256444,,0.47517810076593,0,0.5,0.8478017657625909,1.0,False,236,60
palbociclib,lineage,3,ACH-000052,bone,0.896667586519192,0.8861611329161133,0.5738435392284554,1.198478726603771,,0.47866743336129075,0,0.5,0.8478017657625909,1.0,False,236,60
palbociclib,elastic_net,3,ACH-000528,lung,0.9338565149821261,1.1273928328674354,0.8229309402467271,1.4318547254881437,,0.28275410884865715,0,0.5,0.8478017657625909,1.0,False,236,60
palbociclib,elastic_net,3,ACH-000351,esophagus/stomach,1.0,0.9014153673818325,0.5969534747611241,1.205877260002541,0.0,0.7021384673388277,1,0.5,0.8478017657625909,1.0,False,236,60
palbociclib,elastic_net,3,ACH-000313,kidney,0.8297809284101803,0.7910211413287096,0.48655924870800127,1.095483033949418,1.0,0.7131902632684316,1,0.5,0.8478017657625909,1.0,False,236,60
palbociclib,elastic_net,3,ACH-000383,esophagus/stomach,0.8414727942438038,1.0487100036952768,0.7442481110745685,1.3531718963159851,1.0,0.3120284940895887,0,0.5,0.8478017657625909,1.0,False,236,60
palbociclib,elastic_net,3,ACH-000856,breast,0.8730021748135612,0.9811001201532159,0.6766382275325076,1.2855620127739242,,0.4038488323916411,0,0.5,0.8478017657625909,1.0,False,236,60
palbociclib,elastic_net,3,ACH-000376,cns/brain,0.920124841090808,1.001291660562898,0.6968297679421898,1.3057535531836064,,0.6979219695333854,1,0.5,0.8478017657625909,1.0,False,236,60
palbociclib,elastic_net,3,ACH-000322,skin,0.8547560831436284,0.9107541894937202,0.6062922968730119,1.2152160821144284,,0.34642973331501703,0,0.5,0.8478017657625909,1.0,False,236,60
palbociclib,elastic_net,3,ACH-000946,uterus,1.10210522257326,0.9744832521324583,0.67002135951175,1.2789451447531666,0.0,0.2654160153785076,0,0.5,0.8478017657625909,1.0,False,236,60
palbociclib,elastic_net,3,ACH-000098,cns/brain,1.0809242172052764,0.9579895404983408,0.6535276478776325,1.262451433119049,0.0,0.4342074015452804,0,0.5,0.8478017657625909,1.0,False,236,60
palbociclib,elastic_net,3,ACH-000971,bowel,0.9343064719003413,0.9464545754997501,0.6419926828790418,1.2509164681204585,,0.2788862137323297,0,0.5,0.8478017657625909,1.0,False,236,60
palbociclib,elastic_net,3,ACH-000429,kidney,1.71909445567534,0.9162792622594269,0.6118173696387186,1.2207411548801352,0.0,0.7193690036005255,1,0.5,0.8478017657625909,1.0,False,236,60
palbociclib,elastic_net,3,ACH-000012,lung,0.901995236130527,0.9475624732545143,0.6431005806338059,1.2520243658752226,,0.31505642274821327,0,0.5,0.8478017657625909,1.0,False,236,60
palbociclib,elastic_net,3,ACH-000231,cns/brain,1.2238868426958551,1.0896234959469913,0.7851616033262829,1.3940853885676996,0.0,0.2751191332271093,0,0.5,0.8478017657625909,1.0,False,236,60
palbociclib,elastic_net,3,ACH-000943,bowel,1.0,0.871572470720487,0.5671105780997787,1.1760343633411954,0.0,0.675503046293224,1,0.5,0.8478017657625909,1.0,False,236,60
palbociclib,elastic_net,3,ACH-000153,pleura,1.2517410612390973,0.9668032928132981,0.6623414001925898,1.2712651854340065,0.0,0.6872643273819755,1,0.5,0.8478017657625909,1.0,False,236,60
palbociclib,elastic_net,3,ACH-000324,ovary/fallopian tube,0.8850127514572759,0.900427359110322,0.5959654664896137,1.2048892517310303,,0.5859825320193597,1,0.5,0.8478017657625909,1.0,False,236,60
palbociclib,elastic_net,3,ACH-000898,esophagus/stomach,0.7038690372822864,0.9693596182957769,0.6648977256750686,1.2738215109164852,1.0,0.3433144462185044,0,0.5,0.8478017657625909,1.0,False,236,60
palbociclib,elastic_net,3,ACH-000517,pancreas,1.0,0.8769336389122923,0.5724717462915839,1.1813955315330005,0.0,0.6316068233539592,1,0.5,0.8478017657625909,1.0,False,236,60
palbociclib,elastic_net,3,ACH-000163,head and neck,0.7543520717763642,0.950971277388769,0.6465093847680606,1.2554331700094772,1.0,0.4572073960860969,0,0.5,0.8478017657625909,1.0,False,236,60
palbociclib,elastic_net,3,ACH-000532,bowel,0.9169974301539721,1.0199869099264898,0.7155250173057814,1.324448802547198,,0.3198794332016671,0,0.5,0.8478017657625909,1.0,False,236,60
palbociclib,elastic_net,3,ACH-000374,breast,1.400687084671685,1.0546896582358398,0.7502277656151315,1.3591515508565482,0.0,0.2719078249402986,0,0.5,0.8478017657625909,1.0,False,236,60
palbociclib,elastic_net,3,ACH-000040,cns/brain,0.9388778040506437,0.8757882257315631,0.5713263331108548,1.1802501183522716,,0.5449976283256666,1,0.5,0.8478017657625909,1.0,False,236,60
palbociclib,elastic_net,3,ACH-000713,ovary/fallopian tube,1.0,1.4141802554146974,1.109718362793989,1.7186421480354057,0.0,0.26413144123447674,0,0.5,0.8478017657625909,1.0,True,236,60
palbociclib,elastic_net,3,ACH-000420,liver,0.9195003717797345,0.9168274526815391,0.6123655600608308,1.2212893453022473,,0.6428452856001936,1,0.5,0.8478017657625909,1.0,False,236,60
palbociclib,elastic_net,3,ACH-000486,bladder/urinary tract,0.7704588276683144,0.9290753858845002,0.6246134932637919,1.2335372785052086,1.0,0.6261821423760985,1,0.5,0.8478017657625909,1.0,False,236,60
palbociclib,elastic_net,3,ACH-000479,cns/brain,0.836948906557637,0.988835725805427,0.6843738331847187,1.2932976184261353,1.0,0.6802989632725048,1,0.5,0.8478017657625909,1.0,False,236,60
palbociclib,elastic_net,3,ACH-000270,pancreas,1.171889728276755,1.0504467649913625,0.7459848723706541,1.3549086576120708,0.0,0.29577509411465025,0,0.5,0.8478017657625909,1.0,False,236,60
palbociclib,elastic_net,3,ACH-000637,esophagus/stomach,0.8407157655704367,0.9707765157557354,0.6663146231350271,1.2752384083764436,1.0,0.4831218116074292,0,0.5,0.8478017657625909,1.0,False,236,60
palbociclib,elastic_net,3,ACH-000389,cns/brain,1.09921792833517,0.9502624015977821,0.6458005089770738,1.2547242942184904,0.0,0.4929427939179407,0,0.5,0.8478017657625909,1.0,False,236,60
palbociclib,elastic_net,3,ACH-000393,liver,0.9472749557109774,0.9901557439765492,0.6856938513558408,1.2946176365972575,,0.7069936900485424,1,0.5,0.8478017657625909,1.0,False,236,60
palbociclib,elastic_net,3,ACH-000988,uterus,2.24797492027832,0.917489221762444,0.6130273291417356,1.2219511143831523,0.0,0.2773368788801966,0,0.5,0.8478017657625909,1.0,False,236,60
palbociclib,elastic_net,3,ACH-000007,bowel,0.891980563492915,0.9924040265582332,0.6879421339375249,1.2968659191789416,,0.5100742166117179,1,0.5,0.8478017657625909,1.0,False,236,60
palbociclib,elastic_net,3,ACH-000277,breast,0.8876926152219125,0.9582618863927801,0.6537999937720718,1.2627237790134884,,0.3217600641987258,0,0.5,0.8478017657625909,1.0,False,236,60
palbociclib,elastic_net,3,ACH-001239,skin,0.86110499039084,0.9461975293573183,0.6417356367366099,1.2506594219780265,,0.48574527503111414,0,0.5,0.8478017657625909,1.0,False,236,60
palbociclib,elastic_net,3,ACH-000803,lung,1.53054722407638,1.0171883024563195,0.7127264098356112,1.3216501950770279,0.0,0.3181167530054995,0,0.5,0.8478017657625909,1.0,False,236,60
palbociclib,elastic_net,3,ACH-000090,prostate,0.911978898578639,1.00454038188198,0.7000784892612717,1.3090022745026884,,0.2884052953043693,0,0.5,0.8478017657625909,1.0,False,236,60
palbociclib,elastic_net,3,ACH-000018,bladder/urinary tract,0.8415687481385509,0.7910662032886743,0.48660431066796594,1.0955280959093825,1.0,0.7186408583594103,1,0.5,0.8478017657625909,1.0,False,236,60
palbociclib,elastic_net,3,ACH-000589,lung,0.7992051017446691,1.047643547779346,0.7431816551586377,1.3521054404000543,1.0,0.26738560437187964,0,0.5,0.8478017657625909,1.0,False,236,60
palbociclib,elastic_net,3,ACH-000142,bladder/urinary tract,0.7378735343517027,0.8937519235902517,0.5892900309695434,1.1982138162109601,1.0,0.6576050262687131,1,0.5,0.8478017657625909,1.0,False,236,60
palbociclib,elastic_net,3,ACH-000278,ovary/fallopian tube,0.941867356259058,1.066641358242203,0.7621794656214946,1.3711032508629113,,0.2707292928275831,0,0.5,0.8478017657625909,1.0,False,236,60
palbociclib,elastic_net,3,ACH-000573,breast,1.201104029644315,0.9730397962065892,0.6685779035858809,1.2775016888272974,0.0,0.6889875220636735,1,0.5,0.8478017657625909,1.0,False,236,60
palbociclib,elastic_net,3,ACH-000852,lung,1.24328518666899,1.087485715173816,0.7830238225531077,1.3919476077945243,0.0,0.26755628447193835,0,0.5,0.8478017657625909,1.0,False,236,60
palbociclib,elastic_net,3,ACH-000011,bladder/urinary tract,0.8554026467156415,0.8236236764927145,0.5191617838720062,1.1280855691134228,,0.7115592098645931,1,0.5,0.8478017657625909,1.0,False,236,60
palbociclib,elastic_net,3,ACH-000141,biliary tract,1.20889494405648,0.9375535948752635,0.6330917022545551,1.242015487495972,0.0,0.3274746086177689,0,0.5,0.8478017657625909,1.0,False,236,60
palbociclib,elastic_net,3,ACH-000921,lung,0.8619791094247287,0.9572979274273258,0.6528360348066174,1.261759820048034,,0.31820943989636374,0,0.5,0.8478017657625909,1.0,False,236,60
palbociclib,elastic_net,3,ACH-000647,esophagus/stomach,0.9666247999751265,1.1520407895899973,0.847578896969289,1.4565026822107057,,0.2674934216091097,0,0.5,0.8478017657625909,1.0,False,236,60
palbociclib,elastic_net,3,ACH-000913,uterus,1.5692388775641481,1.014456798601482,0.7099949059807737,1.3189186912221904,0.0,0.3021874671168418,0,0.5,0.8478017657625909,1.0,False,236,60
palbociclib,elastic_net,3,ACH-000292,lung,0.7757400059351386,0.8296419039909926,0.5251800113702842,1.134103796611701,1.0,0.717459067722457,1,0.5,0.8478017657625909,1.0,False,236,60
palbociclib,elastic_net,3,ACH-000137,cns/brain,1.0,1.0695065669712276,0.7650446743505193,1.373968459591936,0.0,0.26437661660855705,0,0.5,0.8478017657625909,1.0,False,236,60
palbociclib,elastic_net,3,ACH-000881,skin,0.946525383004563,0.9174090116703211,0.6129471190496127,1.2218709042910294,,0.5082389525277045,1,0.5,0.8478017657625909,1.0,False,236,60
palbociclib,elastic_net,3,ACH-000899,skin,0.8747881342481059,0.9041856608866752,0.5997237682659669,1.2086475535073835,,0.38552251181633074,0,0.5,0.8478017657625909,1.0,False,236,60
palbociclib,elastic_net,3,ACH-000651,bowel,0.8797019223916764,0.9816856336595824,0.6772237410388741,1.2861475262802906,,0.5037883719191141,1,0.5,0.8478017657625909,1.0,False,236,60
palbociclib,elastic_net,3,ACH-000473,bladder/urinary tract,0.7868074691782623,0.9378848237758167,0.6334229311551084,1.2423467163965252,1.0,0.6259229741724293,1,0.5,0.8478017657625909,1.0,False,236,60
palbociclib,elastic_net,3,ACH-000280,ovary/fallopian tube,0.8256260594126534,1.1553345135433393,0.8508726209226309,1.4597964061640476,1.0,0.2882068606336264,0,0.5,0.8478017657625909,1.0,False,236,60
palbociclib,elastic_net,3,ACH-000191,thyroid,0.8379835238289615,0.9026675897385393,0.598205697117831,1.2071294823592478,1.0,0.287219875799332,0,0.5,0.8478017657625909,1.0,False,236,60
palbociclib,elastic_net,3,ACH-000259,peripheral nervous system,1.1373447570884334,0.87153693356883,0.5670750409481217,1.1759988261895384,0.0,0.6928049526942274,1,0.5,0.8478017657625909,1.0,False,236,60
palbociclib,elastic_net,3,ACH-000720,bladder/urinary tract,1.75741656161661,0.9755288674121098,0.6710669747914014,1.2799907600328182,0.0,0.2702810428281133,0,0.5,0.8478017657625909,1.0,False,236,60
palbociclib,elastic_net,3,ACH-000940,uterus,0.973821440451976,0.906645620727044,0.6021837281063357,1.2111075133477525,,0.3697411957354124,0,0.5,0.8478017657625909,1.0,False,236,60
palbociclib,elastic_net,3,ACH-000207,head and neck,0.8480768406880228,0.8629983383971161,0.5585364457764078,1.1674602310178246,,0.7204517231340499,1,0.5,0.8478017657625909,1.0,False,236,60
palbociclib,elastic_net,3,ACH-000062,lung,0.8238516365282671,0.9687999158564463,0.664338023235738,1.2732618084771548,1.0,0.2918079715761319,0,0.5,0.8478017657625909,1.0,False,236,60
palbociclib,elastic_net,3,ACH-000174,thyroid,0.9236284418482774,0.8570044284681033,0.552542535847395,1.1614663210888116,,0.5525268584837323,1,0.5,0.8478017657625909,1.0,False,236,60
palbociclib,elastic_net,3,ACH-000212,breast,1.0,0.9365372144124476,0.6320753217917393,1.240999107033156,0.0,0.5140302746993181,1,0.5,0.8478017657625909,1.0,False,236,60
palbociclib,elastic_net,3,ACH-000776,cns/brain,0.7411399523849138,0.9214620306917556,0.6170001380710473,1.225923923312464,1.0,0.4183845847939065,0,0.5,0.8478017657625909,1.0,False,236,60
palbociclib,elastic_net,3,ACH-000219,skin,0.8417606836987175,0.9262417987373968,0.6217799061166884,1.230703691358105,1.0,0.5856225205327593,1,0.5,0.8478017657625909,1.0,False,236,60
palbociclib,elastic_net,3,ACH-000091,ovary/fallopian tube,0.8357011117315527,0.976758383255795,0.6722964906350867,1.2812202758765032,1.0,0.2847986272131587,0,0.5,0.8478017657625909,1.0,False,236,60
palbociclib,elastic_net,3,ACH-000777,esophagus/stomach,0.7748902286505859,0.9147715363196416,0.6103096436989333,1.21923342894035,1.0,0.26783014801556204,0,0.5,0.8478017657625909,1.0,False,236,60
palbociclib,elastic_net,3,ACH-000023,pancreas,0.887173429287148,0.9365804302437669,0.6321185376230586,1.2410423228644754,,0.6282733720762917,1,0.5,0.8478017657625909,1.0,False,236,60
palbociclib,elastic_net,3,ACH-000888,lung,0.870838674888952,0.9235455346718909,0.6190836420511826,1.2280074272925994,,0.4231301047092411,0,0.5,0.8478017657625909,1.0,False,236,60
palbociclib,elastic_net,3,ACH-000030,lung,1.0,1.0780779858216325,0.7736160932009242,1.3825398784423408,0.0,0.269988316892104,0,0.5,0.8478017657625909,1.0,False,236,60
palbociclib,elastic_net,3,ACH-000977,prostate,0.9022946749928085,0.9995454558373685,0.6950835632166602,1.304007348458077,,0.26909257693818556,0,0.5,0.8478017657625909,1.0,False,236,60
palbociclib,elastic_net,3,ACH-000288,breast,1.224992958345449,0.9899775466097959,0.6855156539890875,1.294439439230504,0.0,0.27057886311651635,0,0.5,0.8478017657625909,1.0,False,236,60
palbociclib,elastic_net,3,ACH-000791,lung,0.9242160438612834,1.0359431404251978,0.7314812478044894,1.340405033045906,,0.2699375971243515,0,0.5,0.8478017657625909,1.0,False,236,60
palbociclib,elastic_net,3,ACH-000217,liver,0.9005794687807115,1.0249712595773652,0.7205093669566569,1.3294331521980736,,0.6108398538981674,1,0.5,0.8478017657625909,1.0,False,236,60
palbociclib,elastic_net,3,ACH-000052,bone,0.896667586519192,0.835983543338034,0.5315216507173257,1.1404454359587424,,0.7003496259959122,1,0.5,0.8478017657625909,1.0,False,236,60
palbociclib,xgboost,3,ACH-000528,lung,0.9338565149821261,1.1146119832992554,0.8517527605146591,1.3774712060838517,,0.339979235198145,0,0.5,0.8478017657625909,1.0,False,236,60
palbociclib,xgboost,3,ACH-000351,esophagus/stomach,1.0,0.8997461199760437,0.6368868971914474,1.16260534276064,0.0,0.4154819316297596,0,0.5,0.8478017657625909,1.0,False,236,60
palbociclib,xgboost,3,ACH-000313,kidney,0.8297809284101803,0.9089670181274414,0.6461077953428451,1.1718262409120377,1.0,0.5890438387704021,1,0.5,0.8478017657625909,1.0,False,236,60
palbociclib,xgboost,3,ACH-000383,esophagus/stomach,0.8414727942438038,0.9653613567352295,0.7025021339506332,1.2282205795198258,1.0,0.3783347177797658,0,0.5,0.8478017657625909,1.0,False,236,60
palbociclib,xgboost,3,ACH-000856,breast,0.8730021748135612,0.8995283842086792,0.6366691614240829,1.1623876069932755,,0.42366479192405415,0,0.5,0.8478017657625909,1.0,False,236,60
palbociclib,xgboost,3,ACH-000376,cns/brain,0.920124841090808,0.9855015277862549,0.7226423050016586,1.2483607505708512,,0.5191192694964589,1,0.5,0.8478017657625909,1.0,False,236,60
palbociclib,xgboost,3,ACH-000322,skin,0.8547560831436284,0.9580253958702087,0.6951661730856125,1.220884618654805,,0.47017301456346444,0,0.5,0.8478017657625909,1.0,False,236,60
palbociclib,xgboost,3,ACH-000946,uterus,1.10210522257326,0.996442437171936,0.7335832143873398,1.2593016599565323,0.0,0.3577209564191537,0,0.5,0.8478017657625909,1.0,False,236,60
palbociclib,xgboost,3,ACH-000098,cns/brain,1.0809242172052764,0.9588687419891357,0.6960095192045395,1.221727964773732,0.0,0.49272725611260404,0,0.5,0.8478017657625909,1.0,False,236,60
palbociclib,xgboost,3,ACH-000971,bowel,0.9343064719003413,0.9265891313552856,0.6637299085706894,1.189448354139882,,0.32154286286863415,0,0.5,0.8478017657625909,1.0,False,236,60
palbociclib,xgboost,3,ACH-000429,kidney,1.71909445567534,0.9375613927841187,0.6747021699995224,1.200420615568715,0.0,0.5654706257608169,1,0.5,0.8478017657625909,1.0,False,236,60
palbociclib,xgboost,3,ACH-000012,lung,0.901995236130527,0.9543139338493347,0.6914547110647384,1.217173156633931,,0.4558463862230295,0,0.5,0.8478017657625909,1.0,False,236,60
palbociclib,xgboost,3,ACH-000231,cns/brain,1.2238868426958551,1.1345787048339844,0.8717194820493881,1.3974379276185807,0.0,0.3467428433399223,0,0.5,0.8478017657625909,1.0,False,236,60
palbociclib,xgboost,3,ACH-000943,bowel,1.0,0.8458805084228516,0.5830212856382553,1.1087397312074478,0.0,0.5568568213186701,1,0.5,0.8478017657625909,1.0,False,236,60
palbociclib,xgboost,3,ACH-000153,pleura,1.2517410612390973,0.9884176254272461,0.7255584026426498,1.2512768482118424,0.0,0.5974527912566739,1,0.5,0.8478017657625909,1.0,False,236,60
palbociclib,xgboost,3,ACH-000324,ovary/fallopian tube,0.8850127514572759,0.8761496543884277,0.6132904316038315,1.139008877173024,,0.5987278475108221,1,0.5,0.8478017657625909,1.0,False,236,60
palbociclib,xgboost,3,ACH-000898,esophagus/stomach,0.7038690372822864,1.0012215375900269,0.7383623148054306,1.2640807603746231,1.0,0.4416044679635442,0,0.5,0.8478017657625909,1.0,False,236,60
palbociclib,xgboost,3,ACH-000517,pancreas,1.0,0.9448392391204834,0.6819800163358871,1.2076984619050797,0.0,0.44785104501998735,0,0.5,0.8478017657625909,1.0,False,236,60
palbociclib,xgboost,3,ACH-000163,head and neck,0.7543520717763642,0.8922024369239807,0.6293432141393844,1.155061659708577,1.0,0.5529237531187329,1,0.5,0.8478017657625909,1.0,False,236,60
palbociclib,xgboost,3,ACH-000532,bowel,0.9169974301539721,0.9466301798820496,0.6837709570974533,1.2094894026666458,,0.38898793994958347,0,0.5,0.8478017657625909,1.0,False,236,60
palbociclib,xgboost,3,ACH-000374,breast,1.400687084671685,1.0160223245620728,0.7531631017774765,1.278881547346669,0.0,0.3300287354853518,0,0.5,0.8478017657625909,1.0,False,236,60
palbociclib,xgboost,3,ACH-000040,cns/brain,0.9388778040506437,0.9394499063491821,0.6765906835645858,1.2023091291337784,,0.49013700306597563,0,0.5,0.8478017657625909,1.0,False,236,60
palbociclib,xgboost,3,ACH-000713,ovary/fallopian tube,1.0,1.1951676607131958,0.9323084379285995,1.458026883497792,0.0,0.29145054055949,0,0.5,0.8478017657625909,1.0,False,236,60
palbociclib,xgboost,3,ACH-000420,liver,0.9195003717797345,0.956142783164978,0.6932835603803817,1.2190020059495743,,0.3803499353474704,0,0.5,0.8478017657625909,1.0,False,236,60
palbociclib,xgboost,3,ACH-000486,bladder/urinary tract,0.7704588276683144,0.999016284942627,0.7361570621580307,1.2618755077272232,1.0,0.5043322231050532,1,0.5,0.8478017657625909,1.0,False,236,60
palbociclib,xgboost,3,ACH-000479,cns/brain,0.836948906557637,0.9959408044815063,0.7330815816969101,1.2588000272661026,1.0,0.5180518883897142,1,0.5,0.8478017657625909,1.0,False,236,60
palbociclib,xgboost,3,ACH-000270,pancreas,1.171889728276755,0.9539102911949158,0.6910510684103195,1.216769513979512,0.0,0.37779991759864207,0,0.5,0.8478017657625909,1.0,False,236,60
palbociclib,xgboost,3,ACH-000637,esophagus/stomach,0.8407157655704367,0.9513655304908752,0.688506307706279,1.2142247532754715,1.0,0.5181241780363102,1,0.5,0.8478017657625909,1.0,False,236,60
palbociclib,xgboost,3,ACH-000389,cns/brain,1.09921792833517,0.9346551299095154,0.6717959071249191,1.1975143526941117,0.0,0.45852280731201095,0,0.5,0.8478017657625909,1.0,False,236,60
palbociclib,xgboost,3,ACH-000393,liver,0.9472749557109774,0.9167091250419617,0.6538499022573654,1.179568347826558,,0.5861584569428776,1,0.5,0.8478017657625909,1.0,False,236,60
palbociclib,xgboost,3,ACH-000988,uterus,2.24797492027832,0.9674111604690552,0.7045519376844589,1.2302703832536515,0.0,0.4311372063178009,0,0.5,0.8478017657625909,1.0,False,236,60
palbociclib,xgboost,3,ACH-000007,bowel,0.891980563492915,0.9575148224830627,0.6946555996984665,1.220374045267659,,0.4018857614533727,0,0.5,0.8478017657625909,1.0,False,236,60
palbociclib,xgboost,3,ACH-000277,breast,0.8876926152219125,1.0256719589233398,0.7628127361387436,1.2885311817079361,,0.399688257347192,0,0.5,0.8478017657625909,1.0,False,236,60
palbociclib,xgboost,3,ACH-001239,skin,0.86110499039084,0.9377639293670654,0.6749047065824691,1.2006231521516617,,0.4710599753746438,0,0.5,0.8478017657625909,1.0,False,236,60
palbociclib,xgboost,3,ACH-000803,lung,1.53054722407638,1.0108274221420288,0.7479681993574325,1.273686644926625,0.0,0.37252825521689115,0,0.5,0.8478017657625909,1.0,False,236,60
palbociclib,xgboost,3,ACH-000090,prostate,0.911978898578639,0.9928058385848999,0.7299466158003036,1.2556650613694962,,0.31919501684402635,0,0.5,0.8478017657625909,1.0,False,236,60
palbociclib,xgboost,3,ACH-000018,bladder/urinary tract,0.8415687481385509,0.887717604637146,0.6248583818525497,1.1505768274217423,1.0,0.58577066601439,1,0.5,0.8478017657625909,1.0,False,236,60
palbociclib,xgboost,3,ACH-000589,lung,0.7992051017446691,1.0532243251800537,0.7903651023954574,1.31608354796465,1.0,0.30897685907808076,0,0.5,0.8478017657625909,1.0,False,236,60
palbociclib,xgboost,3,ACH-000142,bladder/urinary tract,0.7378735343517027,0.9134672284126282,0.6506080056280319,1.1763264511972245,1.0,0.46546030586263265,0,0.5,0.8478017657625909,1.0,False,236,60
palbociclib,xgboost,3,ACH-000278,ovary/fallopian tube,0.941867356259058,1.0562434196472168,0.7933841968626205,1.319102642431813,,0.33369739881517996,0,0.5,0.8478017657625909,1.0,False,236,60
palbociclib,xgboost,3,ACH-000573,breast,1.201104029644315,0.9938047528266907,0.7309455300420944,1.256663975611287,0.0,0.48497310082800743,0,0.5,0.8478017657625909,1.0,False,236,60
palbociclib,xgboost,3,ACH-000852,lung,1.24328518666899,1.0511133670806885,0.7882541442960922,1.3139725898652848,0.0,0.35945131042611694,0,0.5,0.8478017657625909,1.0,False,236,60
palbociclib,xgboost,3,ACH-000011,bladder/urinary tract,0.8554026467156415,0.837304413318634,0.5744451905340378,1.1001636361032303,,0.6130988552571055,1,0.5,0.8478017657625909,1.0,False,236,60
palbociclib,xgboost,3,ACH-000141,biliary tract,1.20889494405648,0.9773812890052795,0.7145220662206833,1.2402405117898758,0.0,0.52956257618689,1,0.5,0.8478017657625909,1.0,False,236,60
palbociclib,xgboost,3,ACH-000921,lung,0.8619791094247287,1.0197455883026123,0.756886365518016,1.2826048110872086,,0.5213560286971243,1,0.5,0.8478017657625909,1.0,False,236,60
palbociclib,xgboost,3,ACH-000647,esophagus/stomach,0.9666247999751265,1.0837006568908691,0.8208414341062729,1.3465598796754654,,0.31852691870353644,0,0.5,0.8478017657625909,1.0,False,236,60
palbociclib,xgboost,3,ACH-000913,uterus,1.5692388775641481,1.0095841884613037,0.7467249656767074,1.2724434112459,0.0,0.4373088072878895,0,0.5,0.8478017657625909,1.0,False,236,60
palbociclib,xgboost,3,ACH-000292,lung,0.7757400059351386,0.8650364279747009,0.6021772051901046,1.1278956507592972,1.0,0.609981145296679,1,0.5,0.8478017657625909,1.0,False,236,60
palbociclib,xgboost,3,ACH-000137,cns/brain,1.0,1.0748062133789062,0.81194699059431,1.3376654361635025,0.0,0.29595922313610934,0,0.5,0.8478017657625909,1.0,False,236,60
palbociclib,xgboost,3,ACH-000881,skin,0.946525383004563,0.9117122292518616,0.6488530064672653,1.1745714520364579,,0.5335491511908503,1,0.5,0.8478017657625909,1.0,False,236,60
palbociclib,xgboost,3,ACH-000899,skin,0.8747881342481059,0.9816117286682129,0.7187525058836166,1.2444709514528092,,0.4217244685166044,0,0.5,0.8478017657625909,1.0,False,236,60
palbociclib,xgboost,3,ACH-000651,bowel,0.8797019223916764,1.0086835622787476,0.7458243394941513,1.2715427850633438,,0.3424619428820318,0,0.5,0.8478017657625909,1.0,False,236,60
palbociclib,xgboost,3,ACH-000473,bladder/urinary tract,0.7868074691782623,0.9040942192077637,0.6412349964231674,1.16695344199236,1.0,0.4156379467007253,0,0.5,0.8478017657625909,1.0,False,236,60
palbociclib,xgboost,3,ACH-000280,ovary/fallopian tube,0.8256260594126534,1.0949379205703735,0.8320786977857773,1.3577971433549698,1.0,0.36140938988416627,0,0.5,0.8478017657625909,1.0,False,236,60
palbociclib,xgboost,3,ACH-000191,thyroid,0.8379835238289615,0.9151490926742554,0.6522898698896591,1.1780083154588517,1.0,0.4229131368257583,0,0.5,0.8478017657625909,1.0,False,236,60
palbociclib,xgboost,3,ACH-000259,peripheral nervous system,1.1373447570884334,0.8906025290489197,0.6277433062643234,1.153461751833516,0.0,0.4534107680019132,0,0.5,0.8478017657625909,1.0,False,236,60
palbociclib,xgboost,3,ACH-000720,bladder/urinary tract,1.75741656161661,0.9997799396514893,0.736920716866893,1.2626391624360855,0.0,0.3263733674234775,0,0.5,0.8478017657625909,1.0,False,236,60
palbociclib,xgboost,3,ACH-000940,uterus,0.973821440451976,0.8657048344612122,0.6028456116766159,1.1285640572458084,,0.46521346019740495,0,0.5,0.8478017657625909,1.0,False,236,60
palbociclib,xgboost,3,ACH-000207,head and neck,0.8480768406880228,0.8573392033576965,0.5944799805731003,1.1201984261422928,,0.5368440637022257,1,0.5,0.8478017657625909,1.0,False,236,60
palbociclib,xgboost,3,ACH-000062,lung,0.8238516365282671,0.9740918278694153,0.711232605084819,1.2369510506540116,1.0,0.38430089358621605,0,0.5,0.8478017657625909,1.0,False,236,60
palbociclib,xgboost,3,ACH-000174,thyroid,0.9236284418482774,0.9496955275535583,0.6868363047689621,1.2125547503381546,,0.50959460732805,1,0.5,0.8478017657625909,1.0,False,236,60
palbociclib,xgboost,3,ACH-000212,breast,1.0,0.9954147934913635,0.7325555707067672,1.2582740162759598,0.0,0.333260937143906,0,0.5,0.8478017657625909,1.0,False,236,60
palbociclib,xgboost,3,ACH-000776,cns/brain,0.7411399523849138,0.9010938405990601,0.6382346178144638,1.1639530633836563,1.0,0.5325316830037508,1,0.5,0.8478017657625909,1.0,False,236,60
palbociclib,xgboost,3,ACH-000219,skin,0.8417606836987175,0.8893054127693176,0.6264461899847213,1.152164635553914,1.0,0.6035149286774822,1,0.5,0.8478017657625909,1.0,False,236,60
palbociclib,xgboost,3,ACH-000091,ovary/fallopian tube,0.8357011117315527,0.9625216126441956,0.6996623898595993,1.2253808354287918,1.0,0.3384834548843593,0,0.5,0.8478017657625909,1.0,False,236,60
palbociclib,xgboost,3,ACH-000777,esophagus/stomach,0.7748902286505859,0.9544596076011658,0.6916003848165695,1.217318830385762,1.0,0.3789607870279761,0,0.5,0.8478017657625909,1.0,False,236,60
palbociclib,xgboost,3,ACH-000023,pancreas,0.887173429287148,0.9486873745918274,0.6858281518072311,1.2115465973764237,,0.528146447483635,1,0.5,0.8478017657625909,1.0,False,236,60
palbociclib,xgboost,3,ACH-000888,lung,0.870838674888952,0.9560157060623169,0.6931564832777206,1.2188749288469132,,0.4944448878688123,0,0.5,0.8478017657625909,1.0,False,236,60
palbociclib,xgboost,3,ACH-000030,lung,1.0,1.0123529434204102,0.7494937206358139,1.2752121662050064,0.0,0.30251548964908875,0,0.5,0.8478017657625909,1.0,False,236,60
palbociclib,xgboost,3,ACH-000977,prostate,0.9022946749928085,0.9546830058097839,0.6918237830251877,1.2175422285943802,,0.4773388638618796,0,0.5,0.8478017657625909,1.0,False,236,60
palbociclib,xgboost,3,ACH-000288,breast,1.224992958345449,1.054059624671936,0.7912004018873398,1.3169188474565323,0.0,0.376068420163739,0,0.5,0.8478017657625909,1.0,False,236,60
palbociclib,xgboost,3,ACH-000791,lung,0.9242160438612834,1.081846833229065,0.8189876104444687,1.3447060560136612,,0.31773079882448124,0,0.5,0.8478017657625909,1.0,False,236,60
palbociclib,xgboost,3,ACH-000217,liver,0.9005794687807115,0.9771736860275269,0.7143144632429306,1.2400329088121231,,0.4707747922440165,0,0.5,0.8478017657625909,1.0,False,236,60
palbociclib,xgboost,3,ACH-000052,bone,0.896667586519192,0.8661559224128723,0.603296699628276,1.1290151451974686,,0.46122599673508935,0,0.5,0.8478017657625909,1.0,False,236,60
palbociclib,lineage,4,ACH-000792,kidney,1.442048579143893,0.9121807819780148,0.5251888807464404,1.2991726832095891,0.0,0.46906325263971044,0,0.5,0.8437704078594008,1.0,False,236,60
palbociclib,lineage,4,ACH-000678,esophagus/stomach,1.251791950548675,0.8995105280020738,0.5125186267704994,1.2865024292336482,0.0,0.4656568912756788,0,0.5,0.8437704078594008,1.0,False,236,60
palbociclib,lineage,4,ACH-000917,esophagus/stomach,0.975483750870504,0.8995105280020738,0.5125186267704994,1.2865024292336482,,0.4656568912756788,0,0.5,0.8437704078594008,1.0,False,236,60
palbociclib,lineage,4,ACH-000552,bowel,0.9145627717036877,1.0162609038305592,0.6292690025989849,1.4032528050621336,,0.39434210035034967,0,0.5,0.8437704078594008,1.0,False,236,60
palbociclib,lineage,4,ACH-000978,uterus,1.359698319289195,1.0525523463110549,0.6655604450794805,1.4395442475426292,0.0,0.3944972521289868,0,0.5,0.8437704078594008,1.0,False,236,60
palbociclib,lineage,4,ACH-000805,skin,0.8181910470611117,0.8966114404739953,0.509619539242421,1.2836033417055697,1.0,0.4610899849735019,0,0.5,0.8437704078594008,1.0,False,236,60
palbociclib,lineage,4,ACH-000331,pleura,0.9660235442581262,1.016896066015463,0.6299041647838886,1.4038879672470372,,0.43376125346931965,0,0.5,0.8437704078594008,1.0,False,236,60
palbociclib,lineage,4,ACH-000643,breast,1.0339307466524899,1.053763156207425,0.6667712549758507,1.4407550574389993,0.0,0.3821755110795007,0,0.5,0.8437704078594008,1.0,False,236,60
palbociclib,lineage,4,ACH-000329,cns/brain,0.980894804797091,0.9620392068004442,0.5750473055688698,1.3490311080320185,,0.4235265078966314,0,0.5,0.8437704078594008,1.0,False,236,60
palbociclib,lineage,4,ACH-000814,skin,1.1310062623600643,0.8966114404739953,0.509619539242421,1.2836033417055697,0.0,0.4610899849735019,0,0.5,0.8437704078594008,1.0,False,236,60
palbociclib,lineage,4,ACH-000681,lung,0.8420922507760775,0.9811867242878901,0.5941948230563158,1.3681786255194646,1.0,0.41930734879873427,0,0.5,0.8437704078594008,1.0,False,236,60
palbociclib,lineage,4,ACH-000108,pancreas,0.8921875783284008,0.9300832400750554,0.543091338843481,1.3170751413066297,,0.4344302048561011,0,0.5,0.8437704078594008,1.0,False,236,60
palbociclib,lineage,4,ACH-000758,esophagus/stomach,1.4104451352380751,0.8995105280020738,0.5125186267704994,1.2865024292336482,0.0,0.4656568912756788,0,0.5,0.8437704078594008,1.0,False,236,60
palbociclib,lineage,4,ACH-000748,bone,0.8868828430464646,0.8906835262598083,0.503691625028234,1.2776754274913826,,0.4493274513671019,0,0.5,0.8437704078594008,1.0,False,236,60
palbociclib,lineage,4,ACH-000834,bladder/urinary tract,0.7602797084040418,0.9479062685447152,0.5609143673131408,1.3348981697762894,1.0,0.45683615614999207,0,0.5,0.8437704078594008,1.0,False,236,60
palbociclib,lineage,4,ACH-000736,esophagus/stomach,1.0,0.8995105280020738,0.5125186267704994,1.2865024292336482,0.0,0.4656568912756788,0,0.5,0.8437704078594008,1.0,False,236,60
palbociclib,lineage,4,ACH-000235,pancreas,0.8756088657665689,0.9300832400750554,0.543091338843481,1.3170751413066297,,0.4344302048561011,0,0.5,0.8437704078594008,1.0,False,236,60
palbociclib,lineage,4,ACH-000599,pancreas,1.2251203531586201,0.9300832400750554,0.543091338843481,1.3170751413066297,0.0,0.4344302048561011,0,0.5,0.8437704078594008,1.0,False,236,60
palbociclib,lineage,4,ACH-000250,kidney,0.7970393707473001,0.9121807819780148,0.5251888807464404,1.2991726832095891,1.0,0.46906325263971044,0,0.5,0.8437704078594008,1.0,False,236,60
palbociclib,lineage,4,ACH-000037,soft tissue,0.8625812688195753,0.8593502460532615,0.47235834482168715,1.2463421472848357,,0.4457372662950887,0,0.5,0.8437704078594008,1.0,False,236,60
palbociclib,lineage,4,ACH-000476,liver,0.8363535727426262,0.9843848062281407,0.5973929049965664,1.371376707459715,1.0,0.44238984955229105,0,0.5,0.8437704078594008,1.0,False,236,60
palbociclib,lineage,4,ACH-000955,bowel,0.840630204400744,1.0162609038305592,0.6292690025989849,1.4032528050621336,1.0,0.39434210035034967,0,0.5,0.8437704078594008,1.0,False,236,60
palbociclib,lineage,4,ACH-000155,pancreas,0.8082474491880921,0.9300832400750554,0.543091338843481,1.3170751413066297,1.0,0.4344302048561011,0,0.5,0.8437704078594008,1.0,False,236,60
palbociclib,lineage,4,ACH-000014,skin,1.154901007849454,0.8966114404739953,0.509619539242421,1.2836033417055697,0.0,0.4610899849735019,0,0.5,0.8437704078594008,1.0,False,236,60
palbociclib,lineage,4,ACH-000397,uterus,1.64013817865908,1.0525523463110549,0.6655604450794805,1.4395442475426292,0.0,0.3944972521289868,0,0.5,0.8437704078594008,1.0,False,236,60
palbociclib,lineage,4,ACH-000572,skin,0.9070396100187038,0.8966114404739953,0.509619539242421,1.2836033417055697,,0.4610899849735019,0,0.5,0.8437704078594008,1.0,False,236,60
palbociclib,lineage,4,ACH-000724,bladder/urinary tract,1.075795000254157,0.9479062685447152,0.5609143673131408,1.3348981697762894,0.0,0.45683615614999207,0,0.5,0.8437704078594008,1.0,False,236,60
palbociclib,lineage,4,ACH-000735,head and neck,0.8473642347772775,0.8935074999359922,0.5065155987044179,1.2804994011675666,,0.45447035325079516,0,0.5,0.8437704078594008,1.0,False,236,60
palbociclib,lineage,4,ACH-000882,skin,0.9671404704928406,0.8966114404739953,0.509619539242421,1.2836033417055697,,0.4610899849735019,0,0.5,0.8437704078594008,1.0,False,236,60
palbociclib,lineage,4,ACH-000210,bone,0.9032243791279431,0.8906835262598083,0.503691625028234,1.2776754274913826,,0.4493274513671019,0,0.5,0.8437704078594008,1.0,False,236,60
palbociclib,lineage,4,ACH-000688,ovary/fallopian tube,1.4536958208934,1.0020012570012293,0.615009355769655,1.3889931582328037,0.0,0.42514312412933253,0,0.5,0.8437704078594008,1.0,False,236,60
palbociclib,lineage,4,ACH-000721,breast,0.8010806235171539,1.053763156207425,0.6667712549758507,1.4407550574389993,1.0,0.3821755110795007,0,0.5,0.8437704078594008,1.0,False,236,60
palbociclib,lineage,4,ACH-000232,cns/brain,0.9972259127542408,0.9620392068004442,0.5750473055688698,1.3490311080320185,,0.4235265078966314,0,0.5,0.8437704078594008,1.0,False,236,60
palbociclib,lineage,4,ACH-000264,lung,1.0,0.9811867242878901,0.5941948230563158,1.3681786255194646,0.0,0.41930734879873427,0,0.5,0.8437704078594008,1.0,False,236,60
palbociclib,lineage,4,ACH-000809,esophagus/stomach,0.8142216332959022,0.8995105280020738,0.5125186267704994,1.2865024292336482,1.0,0.4656568912756788,0,0.5,0.8437704078594008,1.0,False,236,60
palbociclib,lineage,4,ACH-000060,pancreas,0.9641459573305224,0.9300832400750554,0.543091338843481,1.3170751413066297,,0.4344302048561011,0,0.5,0.8437704078594008,1.0,False,236,60
palbociclib,lineage,4,ACH-000694,esophagus/stomach,0.8206623784969282,0.8995105280020738,0.5125186267704994,1.2865024292336482,1.0,0.4656568912756788,0,0.5,0.8437704078594008,1.0,False,236,60
palbociclib,lineage,4,ACH-000840,lung,0.8456465229088681,0.9811867242878901,0.5941948230563158,1.3681786255194646,,0.41930734879873427,0,0.5,0.8437704078594008,1.0,False,236,60
palbociclib,lineage,4,ACH-000822,skin,0.8570663295104225,0.8966114404739953,0.509619539242421,1.2836033417055697,,0.4610899849735019,0,0.5,0.8437704078594008,1.0,False,236,60
palbociclib,lineage,4,ACH-000279,bone,0.7831635124122811,0.8906835262598083,0.503691625028234,1.2776754274913826,1.0,0.4493274513671019,0,0.5,0.8437704078594008,1.0,False,236,60
palbociclib,lineage,4,ACH-000524,ovary/fallopian tube,1.59107843170807,1.0020012570012293,0.615009355769655,1.3889931582328037,0.0,0.42514312412933253,0,0.5,0.8437704078594008,1.0,False,236,60
palbociclib,lineage,4,ACH-000747,lung,0.7610253456360685,0.9811867242878901,0.5941948230563158,1.3681786255194646,1.0,0.41930734879873427,0,0.5,0.8437704078594008,1.0,False,236,60
palbociclib,lineage,4,ACH-000734,liver,0.7287093393686854,0.9843848062281407,0.5973929049965664,1.371376707459715,1.0,0.44238984955229105,0,0.5,0.8437704078594008,1.0,False,236,60
palbociclib,lineage,4,ACH-000845,lung,0.9322744914087735,0.9811867242878901,0.5941948230563158,1.3681786255194646,,0.41930734879873427,0,0.5,0.8437704078594008,1.0,False,236,60
palbociclib,lineage,4,ACH-000364,bone,0.953857537145256,0.8906835262598083,0.503691625028234,1.2776754274913826,,0.4493274513671019,0,0.5,0.8437704078594008,1.0,False,236,60
palbociclib,lineage,4,ACH-000979,prostate,1.12593656382876,0.9315714598331569,0.5445795586015826,1.3185633610647312,0.0,0.43242213694638665,0,0.5,0.8437704078594008,1.0,False,236,60
palbociclib,lineage,4,ACH-000343,lung,1.076343678873695,0.9811867242878901,0.5941948230563158,1.3681786255194646,0.0,0.41930734879873427,0,0.5,0.8437704078594008,1.0,False,236,60
palbociclib,lineage,4,ACH-000738,cns/brain,1.23663587490376,0.9620392068004442,0.5750473055688698,1.3490311080320185,0.0,0.4235265078966314,0,0.5,0.8437704078594008,1.0,False,236,60
palbociclib,lineage,4,ACH-000915,skin,0.8622500625870128,0.8966114404739953,0.509619539242421,1.2836033417055697,,0.4610899849735019,0,0.5,0.8437704078594008,1.0,False,236,60
palbociclib,lineage,4,ACH-000480,liver,0.9424539575764415,0.9843848062281407,0.5973929049965664,1.371376707459715,,0.44238984955229105,0,0.5,0.8437704078594008,1.0,False,236,60
palbociclib,lineage,4,ACH-000192,uterus,0.997525867895843,1.0525523463110549,0.6655604450794805,1.4395442475426292,,0.3944972521289868,0,0.5,0.8437704078594008,1.0,False,236,60
palbociclib,lineage,4,ACH-000054,soft tissue,0.938139132057607,0.8593502460532615,0.47235834482168715,1.2463421472848357,,0.4457372662950887,0,0.5,0.8437704078594008,1.0,False,236,60
palbociclib,lineage,4,ACH-000966,ovary/fallopian tube,0.9207394592287013,1.0020012570012293,0.615009355769655,1.3889931582328037,,0.42514312412933253,0,0.5,0.8437704078594008,1.0,False,236,60
palbociclib,lineage,4,ACH-000447,lung,1.0894412388774584,0.9811867242878901,0.5941948230563158,1.3681786255194646,0.0,0.41930734879873427,0,0.5,0.8437704078594008,1.0,False,236,60
palbociclib,lineage,4,ACH-000319,pleura,1.4637717731638449,1.016896066015463,0.6299041647838886,1.4038879672470372,0.0,0.43376125346931965,0,0.5,0.8437704078594008,1.0,False,236,60
palbociclib,lineage,4,ACH-000477,skin,0.9160024647383432,0.8966114404739953,0.509619539242421,1.2836033417055697,,0.4610899849735019,0,0.5,0.8437704078594008,1.0,False,236,60
palbociclib,lineage,4,ACH-000244,cns/brain,0.953813841564185,0.9620392068004442,0.5750473055688698,1.3490311080320185,,0.4235265078966314,0,0.5,0.8437704078594008,1.0,False,236,60
palbociclib,lineage,4,ACH-000352,breast,0.8995108691289095,1.053763156207425,0.6667712549758507,1.4407550574389993,,0.3821755110795007,0,0.5,0.8437704078594008,1.0,False,236,60
palbociclib,lineage,4,ACH-000416,lung,1.0,0.9811867242878901,0.5941948230563158,1.3681786255194646,0.0,0.41930734879873427,0,0.5,0.8437704078594008,1.0,False,236,60
palbociclib,lineage,4,ACH-000622,cns/brain,0.8667593960081432,0.9620392068004442,0.5750473055688698,1.3490311080320185,,0.4235265078966314,0,0.5,0.8437704078594008,1.0,False,236,60
palbociclib,lineage,4,ACH-000948,esophagus/stomach,1.0,0.8995105280020738,0.5125186267704994,1.2865024292336482,0.0,0.4656568912756788,0,0.5,0.8437704078594008,1.0,False,236,60
palbociclib,lineage,4,ACH-000496,lung,0.8980310173110446,0.9811867242878901,0.5941948230563158,1.3681786255194646,,0.41930734879873427,0,0.5,0.8437704078594008,1.0,False,236,60
palbociclib,lineage,4,ACH-000878,lung,0.9720000138747544,0.9811867242878901,0.5941948230563158,1.3681786255194646,,0.41930734879873427,0,0.5,0.8437704078594008,1.0,False,236,60
palbociclib,lineage,4,ACH-000827,skin,0.8593205712936405,0.8966114404739953,0.509619539242421,1.2836033417055697,,0.4610899849735019,0,0.5,0.8437704078594008,1.0,False,236,60
palbociclib,lineage,4,ACH-000211,cns/brain,0.8465791124595108,0.9620392068004442,0.5750473055688698,1.3490311080320185,,0.4235265078966314,0,0.5,0.8437704078594008,1.0,False,236,60
palbociclib,lineage,4,ACH-000682,head and neck,0.8613565964517005,0.8935074999359922,0.5065155987044179,1.2804994011675666,,0.45447035325079516,0,0.5,0.8437704078594008,1.0,False,236,60
palbociclib,lineage,4,ACH-000521,lung,0.8795896481278771,0.9811867242878901,0.5941948230563158,1.3681786255194646,,0.41930734879873427,0,0.5,0.8437704078594008,1.0,False,236,60
palbociclib,lineage,4,ACH-000500,head and neck,0.9098849808557634,0.8935074999359922,0.5065155987044179,1.2804994011675666,,0.45447035325079516,0,0.5,0.8437704078594008,1.0,False,236,60
palbociclib,lineage,4,ACH-000471,liver,1.3343042314384,0.9843848062281407,0.5973929049965664,1.371376707459715,0.0,0.44238984955229105,0,0.5,0.8437704078594008,1.0,False,236,60
palbociclib,lineage,4,ACH-000959,bowel,0.8570748798656489,1.0162609038305592,0.6292690025989849,1.4032528050621336,,0.39434210035034967,0,0.5,0.8437704078594008,1.0,False,236,60
palbociclib,lineage,4,ACH-000788,skin,0.9788910922243665,0.8966114404739953,0.509619539242421,1.2836033417055697,,0.4610899849735019,0,0.5,0.8437704078594008,1.0,False,236,60
palbociclib,lineage,4,ACH-001075,lung,0.8632877332410575,0.9811867242878901,0.5941948230563158,1.3681786255194646,,0.41930734879873427,0,0.5,0.8437704078594008,1.0,False,236,60
palbociclib,lineage,4,ACH-000320,pancreas,0.6806414695311306,0.9300832400750554,0.543091338843481,1.3170751413066297,1.0,0.4344302048561011,0,0.5,0.8437704078594008,1.0,False,236,60
palbociclib,lineage,4,ACH-000750,skin,0.8233477435202894,0.8966114404739953,0.509619539242421,1.2836033417055697,1.0,0.4610899849735019,0,0.5,0.8437704078594008,1.0,False,236,60
palbociclib,elastic_net,4,ACH-000792,kidney,1.442048579143893,0.9143258101739615,0.5768728722257901,1.251778748122133,0.0,0.5712109453617573,1,0.5,0.8437704078594008,1.0,False,236,60
palbociclib,elastic_net,4,ACH-000678,esophagus/stomach,1.251791950548675,0.9995927880529755,0.662139850104804,1.337045726001147,0.0,0.36400153901719,0,0.5,0.8437704078594008,1.0,False,236,60
palbociclib,elastic_net,4,ACH-000917,esophagus/stomach,0.975483750870504,0.9896467205206354,0.652193782572464,1.3270996584688068,,0.30733033763166095,0,0.5,0.8437704078594008,1.0,False,236,60
palbociclib,elastic_net,4,ACH-000552,bowel,0.9145627717036877,0.9711549451516582,0.6337020072034868,1.3086078830998296,,0.3400045430885308,0,0.5,0.8437704078594008,1.0,False,236,60
palbociclib,elastic_net,4,ACH-000978,uterus,1.359698319289195,0.998822135477467,0.6613691975292956,1.3362750734256386,0.0,0.353027701870196,0,0.5,0.8437704078594008,1.0,False,236,60
palbociclib,elastic_net,4,ACH-000805,skin,0.8181910470611117,0.850968890718595,0.5135159527704236,1.1884218286667665,1.0,0.5888760876559707,1,0.5,0.8437704078594008,1.0,False,236,60
palbociclib,elastic_net,4,ACH-000331,pleura,0.9660235442581262,0.9313150442632389,0.5938621063150674,1.2687679822114104,,0.46175946203964696,0,0.5,0.8437704078594008,1.0,False,236,60
palbociclib,elastic_net,4,ACH-000643,breast,1.0339307466524899,1.078785831473663,0.7413328935254915,1.4162387694218344,0.0,0.3278073936337182,0,0.5,0.8437704078594008,1.0,False,236,60
palbociclib,elastic_net,4,ACH-000329,cns/brain,0.980894804797091,0.8502700616739136,0.5128171237257422,1.187722999622085,,0.6150696605602781,1,0.5,0.8437704078594008,1.0,False,236,60
palbociclib,elastic_net,4,ACH-000814,skin,1.1310062623600643,0.8953029497411803,0.5578500117930089,1.2327558876893518,0.0,0.5341430446730875,1,0.5,0.8437704078594008,1.0,False,236,60
palbociclib,elastic_net,4,ACH-000681,lung,0.8420922507760775,0.8723569808742497,0.5349040429260783,1.2098099188224212,1.0,0.6104678803969451,1,0.5,0.8437704078594008,1.0,False,236,60
palbociclib,elastic_net,4,ACH-000108,pancreas,0.8921875783284008,1.0029542457450855,0.6655013077969141,1.340407183693257,,0.39032226727634833,0,0.5,0.8437704078594008,1.0,False,236,60
palbociclib,elastic_net,4,ACH-000758,esophagus/stomach,1.4104451352380751,0.9784620981668699,0.6410091602186985,1.3159150361150413,0.0,0.3043612018688294,0,0.5,0.8437704078594008,1.0,False,236,60
palbociclib,elastic_net,4,ACH-000748,bone,0.8868828430464646,0.8358828660348836,0.49842992808671216,1.173335803983055,,0.6056368702715477,1,0.5,0.8437704078594008,1.0,False,236,60
palbociclib,elastic_net,4,ACH-000834,bladder/urinary tract,0.7602797084040418,0.9424728524461282,0.6050199144979568,1.2799257903942998,1.0,0.519537738978723,1,0.5,0.8437704078594008,1.0,False,236,60
palbociclib,elastic_net,4,ACH-000736,esophagus/stomach,1.0,0.9497873402389305,0.6123344022907591,1.287240278187102,0.0,0.33722949305376076,0,0.5,0.8437704078594008,1.0,False,236,60
palbociclib,elastic_net,4,ACH-000235,pancreas,0.8756088657665689,0.942418999778475,0.6049660618303035,1.2798719377266465,,0.30118272074918456,0,0.5,0.8437704078594008,1.0,False,236,60
palbociclib,elastic_net,4,ACH-000599,pancreas,1.2251203531586201,0.9835232572886374,0.646070319340466,1.3209761952368089,0.0,0.4134458604578764,0,0.5,0.8437704078594008,1.0,False,236,60
palbociclib,elastic_net,4,ACH-000250,kidney,0.7970393707473001,1.029885219388942,0.6924322814407706,1.3673381573371135,1.0,0.3746612875476532,0,0.5,0.8437704078594008,1.0,False,236,60
palbociclib,elastic_net,4,ACH-000037,soft tissue,0.8625812688195753,0.9659563552432778,0.6285034172951064,1.3034092931914492,,0.30399072751975376,0,0.5,0.8437704078594008,1.0,False,236,60
palbociclib,elastic_net,4,ACH-000476,liver,0.8363535727426262,0.9861063713885388,0.6486534334403674,1.3235593093367104,1.0,0.5833036741277128,1,0.5,0.8437704078594008,1.0,False,236,60
palbociclib,elastic_net,4,ACH-000955,bowel,0.840630204400744,0.9822816813499202,0.6448287434017488,1.3197346192980917,1.0,0.311175798608843,0,0.5,0.8437704078594008,1.0,False,236,60
palbociclib,elastic_net,4,ACH-000155,pancreas,0.8082474491880921,0.9325657829514629,0.5951128450032914,1.2700187208996343,1.0,0.5521296452570648,1,0.5,0.8437704078594008,1.0,False,236,60
palbociclib,elastic_net,4,ACH-000014,skin,1.154901007849454,0.9475224635541007,0.6100695256059293,1.284975401502272,0.0,0.5026056676009197,1,0.5,0.8437704078594008,1.0,False,236,60
palbociclib,elastic_net,4,ACH-000397,uterus,1.64013817865908,1.1818747697980307,0.8444218318498593,1.5193277077462022,0.0,0.2916905756217693,0,0.5,0.8437704078594008,1.0,False,236,60
palbociclib,elastic_net,4,ACH-000572,skin,0.9070396100187038,0.8977576380021927,0.5603047000540212,1.2352105759503642,,0.5774416981496932,1,0.5,0.8437704078594008,1.0,False,236,60
palbociclib,elastic_net,4,ACH-000724,bladder/urinary tract,1.075795000254157,1.1123683921404965,0.7749154541923251,1.449821330088668,0.0,0.297198821102487,0,0.5,0.8437704078594008,1.0,False,236,60
palbociclib,elastic_net,4,ACH-000735,head and neck,0.8473642347772775,0.90557078072334,0.5681178427751685,1.2430237186715114,,0.445354329102447,0,0.5,0.8437704078594008,1.0,False,236,60
palbociclib,elastic_net,4,ACH-000882,skin,0.9671404704928406,0.9177469530132343,0.5802940150650628,1.2551998909614057,,0.5591235000214899,1,0.5,0.8437704078594008,1.0,False,236,60
palbociclib,elastic_net,4,ACH-000210,bone,0.9032243791279431,0.8486579683435903,0.5112050303954189,1.1861109062917619,,0.5778407078597079,1,0.5,0.8437704078594008,1.0,False,236,60
palbociclib,elastic_net,4,ACH-000688,ovary/fallopian tube,1.4536958208934,1.1409903966762978,0.8035374587281263,1.4784433346244692,0.0,0.2925132100174872,0,0.5,0.8437704078594008,1.0,False,236,60
palbociclib,elastic_net,4,ACH-000721,breast,0.8010806235171539,0.8010570650323527,0.4636041270841813,1.1385100029805242,1.0,0.6153990965579597,1,0.5,0.8437704078594008,1.0,False,236,60
palbociclib,elastic_net,4,ACH-000232,cns/brain,0.9972259127542408,0.8240430637905551,0.4865901258423837,1.1614960017387266,,0.6109793236886005,1,0.5,0.8437704078594008,1.0,False,236,60
palbociclib,elastic_net,4,ACH-000264,lung,1.0,0.8563780152858563,0.5189250773376849,1.1938309532340279,0.0,0.5467562336993717,1,0.5,0.8437704078594008,1.0,False,236,60
palbociclib,elastic_net,4,ACH-000809,esophagus/stomach,0.8142216332959022,0.8929703058284904,0.5555173678803189,1.2304232437766618,1.0,0.5869458875656791,1,0.5,0.8437704078594008,1.0,False,236,60
palbociclib,elastic_net,4,ACH-000060,pancreas,0.9641459573305224,1.0513361909065861,0.7138832529584147,1.3887891288547576,,0.2910141916235425,0,0.5,0.8437704078594008,1.0,False,236,60
palbociclib,elastic_net,4,ACH-000694,esophagus/stomach,0.8206623784969282,0.8819487375004327,0.5444957995522612,1.2194016754486041,1.0,0.6089889995940632,1,0.5,0.8437704078594008,1.0,False,236,60
palbociclib,elastic_net,4,ACH-000840,lung,0.8456465229088681,0.9994606609829738,0.6620077230348024,1.3369135989311451,,0.3210047896072636,0,0.5,0.8437704078594008,1.0,False,236,60
palbociclib,elastic_net,4,ACH-000822,skin,0.8570663295104225,0.8870014319326244,0.5495484939844529,1.224454369880796,,0.6006600149346495,1,0.5,0.8437704078594008,1.0,False,236,60
palbociclib,elastic_net,4,ACH-000279,bone,0.7831635124122811,0.9741317081510287,0.6366787702028572,1.3115846460992002,1.0,0.5165580283470645,1,0.5,0.8437704078594008,1.0,False,236,60
palbociclib,elastic_net,4,ACH-000524,ovary/fallopian tube,1.59107843170807,1.045920486149496,0.7084675482013245,1.3833734240976674,0.0,0.29139345980523407,0,0.5,0.8437704078594008,1.0,False,236,60
palbociclib,elastic_net,4,ACH-000747,lung,0.7610253456360685,0.9233780507192073,0.5859251127710359,1.2608309886673787,1.0,0.6118753945002141,1,0.5,0.8437704078594008,1.0,False,236,60
palbociclib,elastic_net,4,ACH-000734,liver,0.7287093393686854,1.0046990740901158,0.6672461361419444,1.3421520120382873,1.0,0.4794425701104548,0,0.5,0.8437704078594008,1.0,False,236,60
palbociclib,elastic_net,4,ACH-000845,lung,0.9322744914087735,1.0963438822005294,0.7588909442523579,1.4337968201487008,,0.2944875308107843,0,0.5,0.8437704078594008,1.0,False,236,60
palbociclib,elastic_net,4,ACH-000364,bone,0.953857537145256,0.9500805533751154,0.612627615426944,1.2875334913232868,,0.3542407006253821,0,0.5,0.8437704078594008,1.0,False,236,60
palbociclib,elastic_net,4,ACH-000979,prostate,1.12593656382876,1.024745539670492,0.6872926017223207,1.3621984776186635,0.0,0.29343195600296196,0,0.5,0.8437704078594008,1.0,False,236,60
palbociclib,elastic_net,4,ACH-000343,lung,1.076343678873695,1.0378425072303075,0.700389569282136,1.375295445178479,0.0,0.3304042471290225,0,0.5,0.8437704078594008,1.0,False,236,60
palbociclib,elastic_net,4,ACH-000738,cns/brain,1.23663587490376,0.8608998898994377,0.5234469519512662,1.198352827847609,0.0,0.602392169054377,1,0.5,0.8437704078594008,1.0,False,236,60
palbociclib,elastic_net,4,ACH-000915,skin,0.8622500625870128,0.9108898358490933,0.5734368979009219,1.2483427737972648,,0.3283753690648039,0,0.5,0.8437704078594008,1.0,False,236,60
palbociclib,elastic_net,4,ACH-000480,liver,0.9424539575764415,1.0070696903522993,0.6696167524041279,1.3445226283004708,,0.3521330796758108,0,0.5,0.8437704078594008,1.0,False,236,60
palbociclib,elastic_net,4,ACH-000192,uterus,0.997525867895843,1.2260515614561647,0.8885986235079932,1.5635044994043361,,0.2908514485929511,0,0.5,0.8437704078594008,1.0,False,236,60
palbociclib,elastic_net,4,ACH-000054,soft tissue,0.938139132057607,0.8231806662648122,0.4857277283166408,1.1606336042129837,,0.5620396535584578,1,0.5,0.8437704078594008,1.0,False,236,60
palbociclib,elastic_net,4,ACH-000966,ovary/fallopian tube,0.9207394592287013,0.9467254561988031,0.6092725182506317,1.2841783941469744,,0.34232646540753797,0,0.5,0.8437704078594008,1.0,False,236,60
palbociclib,elastic_net,4,ACH-000447,lung,1.0894412388774584,1.0862029193403413,0.7487499813921699,1.4236558572885127,0.0,0.29348731468644196,0,0.5,0.8437704078594008,1.0,False,236,60
palbociclib,elastic_net,4,ACH-000319,pleura,1.4637717731638449,1.0436249359265088,0.7061719979783374,1.3810778738746803,0.0,0.29242593760542335,0,0.5,0.8437704078594008,1.0,False,236,60
palbociclib,elastic_net,4,ACH-000477,skin,0.9160024647383432,0.837704287084237,0.5002513491360656,1.1751572250324085,,0.613095258738812,1,0.5,0.8437704078594008,1.0,False,236,60
palbociclib,elastic_net,4,ACH-000244,cns/brain,0.953813841564185,0.8208264627739168,0.48337352482574536,1.1582794007220882,,0.6138893389869189,1,0.5,0.8437704078594008,1.0,False,236,60
palbociclib,elastic_net,4,ACH-000352,breast,0.8995108691289095,1.0459758558823726,0.7085229179342012,1.383428793830544,,0.29100310059535506,0,0.5,0.8437704078594008,1.0,False,236,60
palbociclib,elastic_net,4,ACH-000416,lung,1.0,0.9288817385450737,0.5914288005969023,1.266334676493245,0.0,0.3087813566704783,0,0.5,0.8437704078594008,1.0,False,236,60
palbociclib,elastic_net,4,ACH-000622,cns/brain,0.8667593960081432,0.8893017135948904,0.551848775646719,1.2267546515430618,,0.575764796782428,1,0.5,0.8437704078594008,1.0,False,236,60
palbociclib,elastic_net,4,ACH-000948,esophagus/stomach,1.0,0.9691150853119611,0.6316621473637897,1.3065680232601324,0.0,0.30825483018465544,0,0.5,0.8437704078594008,1.0,False,236,60
palbociclib,elastic_net,4,ACH-000496,lung,0.8980310173110446,1.0503752155351849,0.7129222775870134,1.3878281534833563,,0.3228027021178951,0,0.5,0.8437704078594008,1.0,False,236,60
palbociclib,elastic_net,4,ACH-000878,lung,0.9720000138747544,0.9350360252019438,0.5975830872537724,1.2724889631501153,,0.5121898484847139,1,0.5,0.8437704078594008,1.0,False,236,60
palbociclib,elastic_net,4,ACH-000827,skin,0.8593205712936405,0.9526477975578409,0.6151948596096695,1.2901007355060123,,0.4752327775395674,0,0.5,0.8437704078594008,1.0,False,236,60
palbociclib,elastic_net,4,ACH-000211,cns/brain,0.8465791124595108,0.9823967918571591,0.6449438539089877,1.3198497298053304,,0.5235884318868415,1,0.5,0.8437704078594008,1.0,False,236,60
palbociclib,elastic_net,4,ACH-000682,head and neck,0.8613565964517005,0.8648880353316668,0.5274350973834954,1.2023409732798382,,0.6133129500280466,1,0.5,0.8437704078594008,1.0,False,236,60
palbociclib,elastic_net,4,ACH-000521,lung,0.8795896481278771,0.9871315520477636,0.6496786140995922,1.3245844899959351,,0.5612154497611791,1,0.5,0.8437704078594008,1.0,False,236,60
palbociclib,elastic_net,4,ACH-000500,head and neck,0.9098849808557634,0.8978018752776924,0.560348937329521,1.2352548132258638,,0.5650644070114508,1,0.5,0.8437704078594008,1.0,False,236,60
palbociclib,elastic_net,4,ACH-000471,liver,1.3343042314384,0.8556415407461211,0.5181886027979496,1.1930944786942925,0.0,0.4144671377220297,0,0.5,0.8437704078594008,1.0,False,236,60
palbociclib,elastic_net,4,ACH-000959,bowel,0.8570748798656489,0.8970527225610027,0.5595997846128312,1.234505660509174,,0.3777154630723836,0,0.5,0.8437704078594008,1.0,False,236,60
palbociclib,elastic_net,4,ACH-000788,skin,0.9788910922243665,0.9280679508246757,0.5906150128765043,1.2655208887728473,,0.3971514959557784,0,0.5,0.8437704078594008,1.0,False,236,60
palbociclib,elastic_net,4,ACH-001075,lung,0.8632877332410575,0.9219202816048263,0.5844673436566549,1.2593732195529976,,0.392098160973737,0,0.5,0.8437704078594008,1.0,False,236,60
palbociclib,elastic_net,4,ACH-000320,pancreas,0.6806414695311306,0.9038126492476535,0.566359711299482,1.241265587195825,1.0,0.5781000592606117,1,0.5,0.8437704078594008,1.0,False,236,60
palbociclib,elastic_net,4,ACH-000750,skin,0.8233477435202894,0.9094315361311712,0.5719785981829998,1.2468844740793426,1.0,0.5490796086860509,1,0.5,0.8437704078594008,1.0,False,236,60
palbociclib,xgboost,4,ACH-000792,kidney,1.442048579143893,0.9523550868034363,0.6273483326861781,1.2773618409206944,0.0,0.4710744424121239,0,0.5,0.8437704078594008,1.0,False,236,60
palbociclib,xgboost,4,ACH-000678,esophagus/stomach,1.251791950548675,1.2046722173690796,0.8796654632518214,1.5296789714863377,0.0,0.4243689489560972,0,0.5,0.8437704078594008,1.0,False,236,60
palbociclib,xgboost,4,ACH-000917,esophagus/stomach,0.975483750870504,0.946386992931366,0.6213802388141078,1.271393747048624,,0.4452431040054666,0,0.5,0.8437704078594008,1.0,False,236,60
palbociclib,xgboost,4,ACH-000552,bowel,0.9145627717036877,0.9826539158821106,0.6576471617648524,1.3076606699993687,,0.40894184641265996,0,0.5,0.8437704078594008,1.0,False,236,60
palbociclib,xgboost,4,ACH-000978,uterus,1.359698319289195,1.0230594873428345,0.6980527332255763,1.3480662414600926,0.0,0.4174941921835894,0,0.5,0.8437704078594008,1.0,False,236,60
palbociclib,xgboost,4,ACH-000805,skin,0.8181910470611117,0.893057107925415,0.5680503538081568,1.2180638620426731,1.0,0.4493625890799256,0,0.5,0.8437704078594008,1.0,False,236,60
palbociclib,xgboost,4,ACH-000331,pleura,0.9660235442581262,0.9787051677703857,0.6536984136531275,1.3037119218876438,,0.45409264571629165,0,0.5,0.8437704078594008,1.0,False,236,60
palbociclib,xgboost,4,ACH-000643,breast,1.0339307466524899,0.9622912406921387,0.6372844865748805,1.2872979948093968,0.0,0.43306544955965603,0,0.5,0.8437704078594008,1.0,False,236,60
palbociclib,xgboost,4,ACH-000329,cns/brain,0.980894804797091,1.088109016418457,0.7631022623011988,1.4131157705357151,,0.45989879612834045,0,0.5,0.8437704078594008,1.0,False,236,60
palbociclib,xgboost,4,ACH-000814,skin,1.1310062623600643,0.9108821153640747,0.5858753612468165,1.2358888694813328,0.0,0.4486233868250877,0,0.5,0.8437704078594008,1.0,False,236,60
palbociclib,xgboost,4,ACH-000681,lung,0.8420922507760775,0.9525511860847473,0.6275444319674891,1.2775579402020054,1.0,0.47181655454468974,0,0.5,0.8437704078594008,1.0,False,236,60
palbociclib,xgboost,4,ACH-000108,pancreas,0.8921875783284008,1.087875247001648,0.7628684928843897,1.412882001118906,,0.4308435754919123,0,0.5,0.8437704078594008,1.0,False,236,60
palbociclib,xgboost,4,ACH-000758,esophagus/stomach,1.4104451352380751,0.9715777039527893,0.6465709498355311,1.2965844580700474,0.0,0.42219255351789436,0,0.5,0.8437704078594008,1.0,False,236,60
palbociclib,xgboost,4,ACH-000748,bone,0.8868828430464646,0.9888181090354919,0.6638113549182337,1.31382486315275,,0.4640300047275752,0,0.5,0.8437704078594008,1.0,False,236,60
palbociclib,xgboost,4,ACH-000834,bladder/urinary tract,0.7602797084040418,0.9645262956619263,0.6395195415446681,1.2895330497791844,1.0,0.4456110986863084,0,0.5,0.8437704078594008,1.0,False,236,60
palbociclib,xgboost,4,ACH-000736,esophagus/stomach,1.0,1.0261822938919067,0.7011755397746485,1.3511890480091648,0.0,0.4058806987589263,0,0.5,0.8437704078594008,1.0,False,236,60
palbociclib,xgboost,4,ACH-000235,pancreas,0.8756088657665689,0.9543198347091675,0.6293130805919093,1.2793265888264256,,0.4246629692059324,0,0.5,0.8437704078594008,1.0,False,236,60
palbociclib,xgboost,4,ACH-000599,pancreas,1.2251203531586201,0.987274169921875,0.6622674158046168,1.312280924039133,0.0,0.45316888703169084,0,0.5,0.8437704078594008,1.0,False,236,60
palbociclib,xgboost,4,ACH-000250,kidney,0.7970393707473001,0.9917367696762085,0.6667300155589503,1.3167435237934666,1.0,0.46253834004850763,0,0.5,0.8437704078594008,1.0,False,236,60
palbociclib,xgboost,4,ACH-000037,soft tissue,0.8625812688195753,1.0707364082336426,0.7457296541163844,1.3957431623509007,,0.43234016557583704,0,0.5,0.8437704078594008,1.0,False,236,60
palbociclib,xgboost,4,ACH-000476,liver,0.8363535727426262,0.997516930103302,0.6725101759860438,1.32252368422056,1.0,0.45851049783388836,0,0.5,0.8437704078594008,1.0,False,236,60
palbociclib,xgboost,4,ACH-000955,bowel,0.840630204400744,0.943336546421051,0.6183297923037928,1.2683433005383091,1.0,0.4340301964069098,0,0.5,0.8437704078594008,1.0,False,236,60
palbociclib,xgboost,4,ACH-000155,pancreas,0.8082474491880921,0.8915612697601318,0.5665545156428736,1.21656802387739,1.0,0.47288405713349757,0,0.5,0.8437704078594008,1.0,False,236,60
palbociclib,xgboost,4,ACH-000014,skin,1.154901007849454,1.0168557167053223,0.691848962588064,1.3418624708225804,0.0,0.46191511275673924,0,0.5,0.8437704078594008,1.0,False,236,60
palbociclib,xgboost,4,ACH-000397,uterus,1.64013817865908,1.091841697692871,0.7668349435756129,1.4168484518101292,0.0,0.41533096524294905,0,0.5,0.8437704078594008,1.0,False,236,60
palbociclib,xgboost,4,ACH-000572,skin,0.9070396100187038,0.8783100247383118,0.5533032706210536,1.2033167788555699,,0.46997894674377244,0,0.5,0.8437704078594008,1.0,False,236,60
palbociclib,xgboost,4,ACH-000724,bladder/urinary tract,1.075795000254157,0.9975414276123047,0.6725346734950465,1.3225481817295628,0.0,0.4208103004750871,0,0.5,0.8437704078594008,1.0,False,236,60
palbociclib,xgboost,4,ACH-000735,head and neck,0.8473642347772775,1.0164918899536133,0.6914851358363551,1.3414986440708714,,0.43157476141394197,0,0.5,0.8437704078594008,1.0,False,236,60
palbociclib,xgboost,4,ACH-000882,skin,0.9671404704928406,0.8881783485412598,0.5631715944240016,1.2131851026585179,,0.470967293240991,0,0.5,0.8437704078594008,1.0,False,236,60
palbociclib,xgboost,4,ACH-000210,bone,0.9032243791279431,0.8995757102966309,0.5745689561793726,1.224582464413889,,0.4569545808267748,0,0.5,0.8437704078594008,1.0,False,236,60
palbociclib,xgboost,4,ACH-000688,ovary/fallopian tube,1.4536958208934,0.9686927795410156,0.6436860254237574,1.2936995336582737,0.0,0.44755020588097005,0,0.5,0.8437704078594008,1.0,False,236,60
palbociclib,xgboost,4,ACH-000721,breast,0.8010806235171539,0.9359117746353149,0.6109050205180567,1.260918528752573,1.0,0.48262099147133486,0,0.5,0.8437704078594008,1.0,False,236,60
palbociclib,xgboost,4,ACH-000232,cns/brain,0.9972259127542408,0.8463830351829529,0.5213762810656947,1.171389789300211,,0.4856352274447278,0,0.5,0.8437704078594008,1.0,False,236,60
palbociclib,xgboost,4,ACH-000264,lung,1.0,0.9658628106117249,0.6408560564944666,1.290869564728983,0.0,0.43554830192490407,0,0.5,0.8437704078594008,1.0,False,236,60
palbociclib,xgboost,4,ACH-000809,esophagus/stomach,0.8142216332959022,0.8901693820953369,0.5651626279780787,1.215176136212595,1.0,0.4678757299217965,0,0.5,0.8437704078594008,1.0,False,236,60
palbociclib,xgboost,4,ACH-000060,pancreas,0.9641459573305224,1.066287636756897,0.7412808826396388,1.391294390874155,,0.40548682271950237,0,0.5,0.8437704078594008,1.0,False,236,60
palbociclib,xgboost,4,ACH-000694,esophagus/stomach,0.8206623784969282,0.876069962978363,0.5510632088611048,1.2010767170956211,1.0,0.47633395257917044,0,0.5,0.8437704078594008,1.0,False,236,60
palbociclib,xgboost,4,ACH-000840,lung,0.8456465229088681,1.0390369892120361,0.7140302350947779,1.3640437433292942,,0.43629380124016626,0,0.5,0.8437704078594008,1.0,False,236,60
palbociclib,xgboost,4,ACH-000822,skin,0.8570663295104225,0.9602518081665039,0.6352450540492457,1.285258562283762,,0.45462266965010406,0,0.5,0.8437704078594008,1.0,False,236,60
palbociclib,xgboost,4,ACH-000279,bone,0.7831635124122811,0.9060038328170776,0.5809970786998194,1.2310105869343357,1.0,0.4593371251821146,0,0.5,0.8437704078594008,1.0,False,236,60
palbociclib,xgboost,4,ACH-000524,ovary/fallopian tube,1.59107843170807,0.9728482365608215,0.6478414824435633,1.2978549906780796,0.0,0.4154773083347705,0,0.5,0.8437704078594008,1.0,False,236,60
palbociclib,xgboost,4,ACH-000747,lung,0.7610253456360685,0.9099177122116089,0.5849109580943507,1.234924466328867,1.0,0.48852551909195463,0,0.5,0.8437704078594008,1.0,False,236,60
palbociclib,xgboost,4,ACH-000734,liver,0.7287093393686854,0.9521684646606445,0.6271617105433863,1.2771752187779026,1.0,0.4627570168919012,0,0.5,0.8437704078594008,1.0,False,236,60
palbociclib,xgboost,4,ACH-000845,lung,0.9322744914087735,0.9453033804893494,0.6202966263720912,1.2703101346066075,,0.4398650900533304,0,0.5,0.8437704078594008,1.0,False,236,60
palbociclib,xgboost,4,ACH-000364,bone,0.953857537145256,0.9734722971916199,0.6484655430743617,1.298479051308878,,0.4313361110527035,0,0.5,0.8437704078594008,1.0,False,236,60
palbociclib,xgboost,4,ACH-000979,prostate,1.12593656382876,0.9544306397438049,0.6294238856265467,1.279437393861063,0.0,0.41743818971289276,0,0.5,0.8437704078594008,1.0,False,236,60
palbociclib,xgboost,4,ACH-000343,lung,1.076343678873695,1.0132731199264526,0.6882663658091944,1.3382798740437107,0.0,0.4455773315077131,0,0.5,0.8437704078594008,1.0,False,236,60
palbociclib,xgboost,4,ACH-000738,cns/brain,1.23663587490376,0.8594293594360352,0.5344226053187769,1.1844361135532933,0.0,0.4729897262394529,0,0.5,0.8437704078594008,1.0,False,236,60
palbociclib,xgboost,4,ACH-000915,skin,0.8622500625870128,0.9079484343528748,0.5829416802356165,1.2329551884701329,,0.44580783585036843,0,0.5,0.8437704078594008,1.0,False,236,60
palbociclib,xgboost,4,ACH-000480,liver,0.9424539575764415,1.016399621963501,0.6913928678462428,1.341406376080759,,0.4230855036843033,0,0.5,0.8437704078594008,1.0,False,236,60
palbociclib,xgboost,4,ACH-000192,uterus,0.997525867895843,1.2070168256759644,0.8820100715587061,1.5320235797932225,,0.40390158290160183,0,0.5,0.8437704078594008,1.0,False,236,60
palbociclib,xgboost,4,ACH-000054,soft tissue,0.938139132057607,0.9084932804107666,0.5834865262935084,1.2335000345280247,,0.4793555781318665,0,0.5,0.8437704078594008,1.0,False,236,60
palbociclib,xgboost,4,ACH-000966,ovary/fallopian tube,0.9207394592287013,0.9601688385009766,0.6351620843837184,1.2851755926182347,,0.4158914328118932,0,0.5,0.8437704078594008,1.0,False,236,60
palbociclib,xgboost,4,ACH-000447,lung,1.0894412388774584,1.0038323402404785,0.6788255861232203,1.3288390943577366,0.0,0.4559254373218339,0,0.5,0.8437704078594008,1.0,False,236,60
palbociclib,xgboost,4,ACH-000319,pleura,1.4637717731638449,1.0665618181228638,0.7415550640056056,1.3915685722401219,0.0,0.41911277172797823,0,0.5,0.8437704078594008,1.0,False,236,60
palbociclib,xgboost,4,ACH-000477,skin,0.9160024647383432,0.8681555390357971,0.5431487849185389,1.1931622931530552,,0.4830148954951051,0,0.5,0.8437704078594008,1.0,False,236,60
palbociclib,xgboost,4,ACH-000244,cns/brain,0.953813841564185,0.874428927898407,0.5494221737811488,1.199435682015665,,0.4871388772896581,0,0.5,0.8437704078594008,1.0,False,236,60
palbociclib,xgboost,4,ACH-000352,breast,0.8995108691289095,1.051448106765747,0.7264413526484889,1.3764548608830052,,0.40835131003742503,0,0.5,0.8437704078594008,1.0,False,236,60
palbociclib,xgboost,4,ACH-000416,lung,1.0,0.9232853055000305,0.5982785513827723,1.2482920596172886,0.0,0.4494608653804792,0,0.5,0.8437704078594008,1.0,False,236,60
palbociclib,xgboost,4,ACH-000622,cns/brain,0.8667593960081432,0.9839767217636108,0.6589699676463526,1.308983475880869,,0.4730948539842292,0,0.5,0.8437704078594008,1.0,False,236,60
palbociclib,xgboost,4,ACH-000948,esophagus/stomach,1.0,0.9958511590957642,0.670844404978506,1.3208579132130223,0.0,0.42185561554475337,0,0.5,0.8437704078594008,1.0,False,236,60
palbociclib,xgboost,4,ACH-000496,lung,0.8980310173110446,0.9546728134155273,0.6296660592982691,1.2796795675327854,,0.44192037396597306,0,0.5,0.8437704078594008,1.0,False,236,60
palbociclib,xgboost,4,ACH-000878,lung,0.9720000138747544,0.9327837228775024,0.6077769687602442,1.2577904769947605,,0.4652304336578623,0,0.5,0.8437704078594008,1.0,False,236,60
palbociclib,xgboost,4,ACH-000827,skin,0.8593205712936405,1.0006977319717407,0.6756909778544825,1.3257044860889988,,0.44981268535728863,0,0.5,0.8437704078594008,1.0,False,236,60
palbociclib,xgboost,4,ACH-000211,cns/brain,0.8465791124595108,0.9965758323669434,0.6715690782496851,1.3215825864842015,,0.4499669567754152,0,0.5,0.8437704078594008,1.0,False,236,60
palbociclib,xgboost,4,ACH-000682,head and neck,0.8613565964517005,0.9244177937507629,0.5994110396335047,1.249424547868021,,0.46258226037648814,0,0.5,0.8437704078594008,1.0,False,236,60
palbociclib,xgboost,4,ACH-000521,lung,0.8795896481278771,0.9582884907722473,0.6332817366549891,1.2832952448895054,,0.468484312486597,0,0.5,0.8437704078594008,1.0,False,236,60
palbociclib,xgboost,4,ACH-000500,head and neck,0.9098849808557634,0.9519875645637512,0.626980810446493,1.2769943186810093,,0.4475064998164995,0,0.5,0.8437704078594008,1.0,False,236,60
palbociclib,xgboost,4,ACH-000471,liver,1.3343042314384,0.8998938798904419,0.5748871257731837,1.2249006340077,0.0,0.4644685385294092,0,0.5,0.8437704078594008,1.0,False,236,60
palbociclib,xgboost,4,ACH-000959,bowel,0.8570748798656489,0.9939312934875488,0.6689245393702906,1.318938047604807,,0.4430446558629258,0,0.5,0.8437704078594008,1.0,False,236,60
palbociclib,xgboost,4,ACH-000788,skin,0.9788910922243665,0.9020370244979858,0.5770302703807276,1.227043778615244,,0.45178967587556423,0,0.5,0.8437704078594008,1.0,False,236,60
palbociclib,xgboost,4,ACH-001075,lung,0.8632877332410575,1.0097975730895996,0.6847908189723414,1.3348043272068577,,0.4231419570293614,0,0.5,0.8437704078594008,1.0,False,236,60
palbociclib,xgboost,4,ACH-000320,pancreas,0.6806414695311306,0.916555643081665,0.5915488889644068,1.2415623971989231,1.0,0.46809832457276473,0,0.5,0.8437704078594008,1.0,False,236,60
palbociclib,xgboost,4,ACH-000750,skin,0.8233477435202894,0.8421375155448914,0.5171307614276331,1.1671442696621495,1.0,0.4893898090194614,0,0.5,0.8437704078594008,1.0,False,236,60
palbociclib,lineage,5,ACH-000769,lung,1.2108871083745398,0.9978242706239729,0.7264881489586114,1.2691603922893346,0.0,0.5376596836693476,1,0.5,0.8469348068101752,1.0084826866631225,False,236,60
palbociclib,lineage,5,ACH-000117,breast,1.181193838633505,1.0866923942980933,0.8153562726327317,1.3580285159634549,0.0,0.5408502424427442,1,0.5,0.8469348068101752,1.0084826866631225,False,236,60
palbociclib,lineage,5,ACH-000276,breast,0.9270757129506018,1.0866923942980933,0.8153562726327317,1.3580285159634549,,0.5408502424427442,1,0.5,0.8469348068101752,1.0084826866631225,False,236,60
palbociclib,lineage,5,ACH-000222,pancreas,0.92193506018802,0.9518796143446473,0.6805434926792857,1.2232157360100089,,0.5363369239547131,1,0.5,0.8469348068101752,1.0084826866631225,False,236,60
palbociclib,lineage,5,ACH-000344,esophagus/stomach,0.8289294332333172,0.9166863484687963,0.6453502268034347,1.188022470134158,1.0,0.5320716666161834,1,0.5,0.8469348068101752,1.0084826866631225,False,236,60
palbociclib,lineage,5,ACH-000632,skin,0.8868781913078282,0.9333340835557598,0.6619979618903982,1.2046702052211213,,0.536334872304723,1,0.5,0.8469348068101752,1.0084826866631225,False,236,60
palbociclib,lineage,5,ACH-000332,pancreas,0.8280751261380767,0.9518796143446473,0.6805434926792857,1.2232157360100089,1.0,0.5363369239547131,1,0.5,0.8469348068101752,1.0084826866631225,False,236,60
palbociclib,lineage,5,ACH-000368,cns/brain,0.8790257423412158,1.0059407645319158,0.7346046428665542,1.2772768861972774,,0.538470503740073,1,0.5,0.8469348068101752,1.0084826866631225,False,236,60
palbociclib,lineage,5,ACH-000441,skin,0.8822703302814223,0.9333340835557598,0.6619979618903982,1.2046702052211213,,0.536334872304723,1,0.5,0.8469348068101752,1.0084826866631225,False,236,60
palbociclib,lineage,5,ACH-000848,liver,1.050780756143884,0.9020584858056734,0.6307223641403118,1.1733946074710349,0.0,0.5326873714237904,1,0.5,0.8469348068101752,1.0084826866631225,False,236,60
palbociclib,lineage,5,ACH-000847,esophagus/stomach,0.7414040371741671,0.9166863484687963,0.6453502268034347,1.188022470134158,1.0,0.5320716666161834,1,0.5,0.8469348068101752,1.0084826866631225,False,236,60
palbociclib,lineage,5,ACH-000858,lung,0.8479476094243621,0.9978242706239729,0.7264881489586114,1.2691603922893346,,0.5376596836693476,1,0.5,0.8469348068101752,1.0084826866631225,False,236,60
palbociclib,lineage,5,ACH-000732,head and neck,1.0,0.8946812535736477,0.6233451319082861,1.1660173752390093,,0.5350120310168963,1,0.5,0.8469348068101752,1.0084826866631225,False,236,60
palbociclib,lineage,5,ACH-000945,lung,0.9425324735990092,0.9978242706239729,0.7264881489586114,1.2691603922893346,,0.5376596836693476,1,0.5,0.8469348068101752,1.0084826866631225,False,236,60
palbociclib,lineage,5,ACH-000545,bladder/urinary tract,1.2700318233205092,0.9629943029944968,0.6916581813291353,1.2343304246598583,0.0,0.5332655188517607,1,0.5,0.8469348068101752,1.0084826866631225,False,236,60
palbociclib,lineage,5,ACH-000087,bone,0.876897380211562,0.9234101071569905,0.6520739854916289,1.194746228822352,,0.5350120310168963,1,0.5,0.8469348068101752,1.0084826866631225,False,236,60
palbociclib,lineage,5,ACH-000391,bone,0.88940181279246,0.9234101071569905,0.6520739854916289,1.194746228822352,,0.5350120310168963,1,0.5,0.8469348068101752,1.0084826866631225,False,236,60
palbociclib,lineage,5,ACH-000901,lung,1.26943580285682,0.9978242706239729,0.7264881489586114,1.2691603922893346,0.0,0.5376596836693476,1,0.5,0.8469348068101752,1.0084826866631225,False,236,60
palbociclib,lineage,5,ACH-000671,liver,1.30350397079315,0.9020584858056734,0.6307223641403118,1.1733946074710349,0.0,0.5326873714237904,1,0.5,0.8469348068101752,1.0084826866631225,False,236,60
palbociclib,lineage,5,ACH-000503,head and neck,0.8202969439783718,0.8946812535736477,0.6233451319082861,1.1660173752390093,1.0,0.5350120310168963,1,0.5,0.8469348068101752,1.0084826866631225,False,236,60
palbociclib,lineage,5,ACH-000403,bowel,1.3300633485247366,0.9132362611737586,0.641900139508397,1.1845723828391201,0.0,0.5333082415247968,1,0.5,0.8469348068101752,1.0084826866631225,False,236,60
palbociclib,lineage,5,ACH-000924,lung,0.9721124191284816,0.9978242706239729,0.7264881489586114,1.2691603922893346,,0.5376596836693476,1,0.5,0.8469348068101752,1.0084826866631225,False,236,60
palbociclib,lineage,5,ACH-000273,cns/brain,1.39856558176526,1.0059407645319158,0.7346046428665542,1.2772768861972774,0.0,0.538470503740073,1,0.5,0.8469348068101752,1.0084826866631225,False,236,60
palbociclib,lineage,5,ACH-000670,lung,0.7369015302309684,0.9978242706239729,0.7264881489586114,1.2691603922893346,1.0,0.5376596836693476,1,0.5,0.8469348068101752,1.0084826866631225,False,236,60
palbociclib,lineage,5,ACH-000679,esophagus/stomach,0.9938147890140495,0.9166863484687963,0.6453502268034347,1.188022470134158,,0.5320716666161834,1,0.5,0.8469348068101752,1.0084826866631225,False,236,60
palbociclib,lineage,5,ACH-000415,head and neck,0.8628489815632059,0.8946812535736477,0.6233451319082861,1.1660173752390093,,0.5350120310168963,1,0.5,0.8469348068101752,1.0084826866631225,False,236,60
palbociclib,lineage,5,ACH-000614,skin,0.8276765492577072,0.9333340835557598,0.6619979618903982,1.2046702052211213,1.0,0.536334872304723,1,0.5,0.8469348068101752,1.0084826866631225,False,236,60
palbociclib,lineage,5,ACH-000756,cns/brain,1.0,1.0059407645319158,0.7346046428665542,1.2772768861972774,,0.538470503740073,1,0.5,0.8469348068101752,1.0084826866631225,False,236,60
palbociclib,lineage,5,ACH-000237,ovary/fallopian tube,0.8497338708945679,0.9910773916990693,0.7197412700337077,1.262413513364431,,0.5369529508639136,1,0.5,0.8469348068101752,1.0084826866631225,False,236,60
palbociclib,lineage,5,ACH-000956,prostate,0.9274574582819768,0.932971900397967,0.6616357787326054,1.2043080220633287,,0.5363471703132587,1,0.5,0.8469348068101752,1.0084826866631225,False,236,60
palbociclib,lineage,5,ACH-000652,pancreas,0.9621295893263512,0.9518796143446473,0.6805434926792857,1.2232157360100089,,0.5363369239547131,1,0.5,0.8469348068101752,1.0084826866631225,False,236,60
palbociclib,lineage,5,ACH-000665,lung,0.910099242830164,0.9978242706239729,0.7264881489586114,1.2691603922893346,,0.5376596836693476,1,0.5,0.8469348068101752,1.0084826866631225,False,236,60
palbociclib,lineage,5,ACH-000537,liver,1.3782232525620302,0.9020584858056734,0.6307223641403118,1.1733946074710349,0.0,0.5326873714237904,1,0.5,0.8469348068101752,1.0084826866631225,False,236,60
palbociclib,lineage,5,ACH-000826,lung,0.9339121998348854,0.9978242706239729,0.7264881489586114,1.2691603922893346,,0.5376596836693476,1,0.5,0.8469348068101752,1.0084826866631225,False,236,60
palbociclib,lineage,5,ACH-000648,pleura,0.8790187523663651,1.1249188536809613,0.8535827320155998,1.396254975346323,,0.5376639548064319,1,0.5,0.8469348068101752,1.0084826866631225,False,236,60
palbociclib,lineage,5,ACH-000628,lung,1.0,0.9978242706239729,0.7264881489586114,1.2691603922893346,,0.5376596836693476,1,0.5,0.8469348068101752,1.0084826866631225,False,236,60
palbociclib,lineage,5,ACH-000086,pleura,0.9280047499573362,1.1249188536809613,0.8535827320155998,1.396254975346323,,0.5376639548064319,1,0.5,0.8469348068101752,1.0084826866631225,False,236,60
palbociclib,lineage,5,ACH-000243,pancreas,0.8332048416280522,0.9518796143446473,0.6805434926792857,1.2232157360100089,1.0,0.5363369239547131,1,0.5,0.8469348068101752,1.0084826866631225,False,236,60
palbociclib,lineage,5,ACH-000592,cns/brain,0.936191938145834,1.0059407645319158,0.7346046428665542,1.2772768861972774,,0.538470503740073,1,0.5,0.8469348068101752,1.0084826866631225,False,236,60
palbociclib,lineage,5,ACH-000730,skin,0.7717661376267974,0.9333340835557598,0.6619979618903982,1.2046702052211213,1.0,0.536334872304723,1,0.5,0.8469348068101752,1.0084826866631225,False,236,60
palbociclib,lineage,5,ACH-000661,skin,0.8216045702465697,0.9333340835557598,0.6619979618903982,1.2046702052211213,1.0,0.536334872304723,1,0.5,0.8469348068101752,1.0084826866631225,False,236,60
palbociclib,lineage,5,ACH-000783,breast,1.18934496160727,1.0866923942980933,0.8153562726327317,1.3580285159634549,0.0,0.5408502424427442,1,0.5,0.8469348068101752,1.0084826866631225,False,236,60
palbociclib,lineage,5,ACH-000976,biliary tract,0.8199051795532194,0.9846421276224543,0.7133060059570927,1.255978249287816,1.0,0.5363471703132587,1,0.5,0.8469348068101752,1.0084826866631225,False,236,60
palbociclib,lineage,5,ACH-000302,uterus,1.349896175779835,1.1792012329570598,0.9078651112916982,1.4505373546224214,0.0,0.5411833391814311,1,0.5,0.8469348068101752,1.0084826866631225,False,236,60
palbociclib,lineage,5,ACH-000766,lung,0.8593799482302187,0.9978242706239729,0.7264881489586114,1.2691603922893346,,0.5376596836693476,1,0.5,0.8469348068101752,1.0084826866631225,False,236,60
palbociclib,lineage,5,ACH-000994,uterus,0.9421401208483556,1.1792012329570598,0.9078651112916982,1.4505373546224214,,0.5411833391814311,1,0.5,0.8469348068101752,1.0084826866631225,False,236,60
palbociclib,lineage,5,ACH-000810,skin,0.929709979854829,0.9333340835557598,0.6619979618903982,1.2046702052211213,,0.536334872304723,1,0.5,0.8469348068101752,1.0084826866631225,False,236,60
palbociclib,lineage,5,ACH-000082,bone,0.938013269912341,0.9234101071569905,0.6520739854916289,1.194746228822352,,0.5350120310168963,1,0.5,0.8469348068101752,1.0084826866631225,False,236,60
palbociclib,lineage,5,ACH-000172,soft tissue,0.5988182368441172,0.9786979723258654,0.7073618506605038,1.2500340939912271,1.0,0.5381857772474151,1,0.5,0.8469348068101752,1.0084826866631225,False,236,60
palbociclib,lineage,5,ACH-000201,kidney,0.7036518020091529,0.9536825320558255,0.682346410390464,1.2250186537211871,1.0,0.533256591437502,1,0.5,0.8469348068101752,1.0084826866631225,False,236,60
palbociclib,lineage,5,ACH-000965,uterus,1.0,1.1792012329570598,0.9078651112916982,1.4505373546224214,,0.5411833391814311,1,0.5,0.8469348068101752,1.0084826866631225,False,236,60
palbociclib,lineage,5,ACH-000811,ovary/fallopian tube,1.1676850579523061,0.9910773916990693,0.7197412700337077,1.262413513364431,0.0,0.5369529508639136,1,0.5,0.8469348068101752,1.0084826866631225,False,236,60
palbociclib,lineage,5,ACH-000189,kidney,0.7575687448637001,0.9536825320558255,0.682346410390464,1.2250186537211871,1.0,0.533256591437502,1,0.5,0.8469348068101752,1.0084826866631225,False,236,60
palbociclib,lineage,5,ACH-000445,cns/brain,0.8641871903838971,1.0059407645319158,0.7346046428665542,1.2772768861972774,,0.538470503740073,1,0.5,0.8469348068101752,1.0084826866631225,False,236,60
palbociclib,lineage,5,ACH-000463,lung,0.7725482321722539,0.9978242706239729,0.7264881489586114,1.2691603922893346,1.0,0.5376596836693476,1,0.5,0.8469348068101752,1.0084826866631225,False,236,60
palbociclib,lineage,5,ACH-000147,breast,0.8524792054777569,1.0866923942980933,0.8153562726327317,1.3580285159634549,,0.5408502424427442,1,0.5,0.8469348068101752,1.0084826866631225,False,236,60
palbociclib,lineage,5,ACH-001318,liver,0.8572973199036712,0.9020584858056734,0.6307223641403118,1.1733946074710349,,0.5326873714237904,1,0.5,0.8469348068101752,1.0084826866631225,False,236,60
palbociclib,lineage,5,ACH-000356,esophagus/stomach,0.7975404972886952,0.9166863484687963,0.6453502268034347,1.188022470134158,1.0,0.5320716666161834,1,0.5,0.8469348068101752,1.0084826866631225,False,236,60
palbociclib,lineage,5,ACH-000182,ampulla of vater,0.8682049785492226,0.9846421276224543,0.7133060059570927,1.255978249287816,,0.5363471703132587,1,0.5,0.8469348068101752,1.0084826866631225,False,236,60
palbociclib,lineage,5,ACH-000427,esophagus/stomach,1.123181097778235,0.9166863484687963,0.6453502268034347,1.188022470134158,0.0,0.5320716666161834,1,0.5,0.8469348068101752,1.0084826866631225,False,236,60
palbociclib,lineage,5,ACH-000778,head and neck,0.8477622748018984,0.8946812535736477,0.6233451319082861,1.1660173752390093,,0.5350120310168963,1,0.5,0.8469348068101752,1.0084826866631225,False,236,60
palbociclib,lineage,5,ACH-000620,liver,1.5764522074914,0.9020584858056734,0.6307223641403118,1.1733946074710349,0.0,0.5326873714237904,1,0.5,0.8469348068101752,1.0084826866631225,False,236,60
palbociclib,lineage,5,ACH-000833,soft tissue,0.8519138901360656,0.9786979723258654,0.7073618506605038,1.2500340939912271,,0.5381857772474151,1,0.5,0.8469348068101752,1.0084826866631225,False,236,60
palbociclib,lineage,5,ACH-000013,ovary/fallopian tube,1.24664014329012,0.9910773916990693,0.7197412700337077,1.262413513364431,0.0,0.5369529508639136,1,0.5,0.8469348068101752,1.0084826866631225,False,236,60
palbociclib,lineage,5,ACH-000312,peripheral nervous system,0.8422542273333349,0.942874664506993,0.6715385428416314,1.2142107861723546,1.0,0.5363403422911818,1,0.5,0.8469348068101752,1.0084826866631225,False,236,60
palbociclib,lineage,5,ACH-000582,skin,1.047655374938465,0.9333340835557598,0.6619979618903982,1.2046702052211213,0.0,0.536334872304723,1,0.5,0.8469348068101752,1.0084826866631225,False,236,60
palbociclib,lineage,5,ACH-000444,lung,0.955741251044405,0.9978242706239729,0.7264881489586114,1.2691603922893346,,0.5376596836693476,1,0.5,0.8469348068101752,1.0084826866631225,False,236,60
palbociclib,lineage,5,ACH-000097,breast,0.8899427233720438,1.0866923942980933,0.8153562726327317,1.3580285159634549,,0.5408502424427442,1,0.5,0.8469348068101752,1.0084826866631225,False,236,60
palbociclib,lineage,5,ACH-000408,esophagus/stomach,1.2135798581815052,0.9166863484687963,0.6453502268034347,1.188022470134158,0.0,0.5320716666161834,1,0.5,0.8469348068101752,1.0084826866631225,False,236,60
palbociclib,lineage,5,ACH-000701,ovary/fallopian tube,1.35053732588369,0.9910773916990693,0.7197412700337077,1.262413513364431,0.0,0.5369529508639136,1,0.5,0.8469348068101752,1.0084826866631225,False,236,60
palbociclib,lineage,5,ACH-000542,ovary/fallopian tube,0.8012505291560291,0.9910773916990693,0.7197412700337077,1.262413513364431,1.0,0.5369529508639136,1,0.5,0.8469348068101752,1.0084826866631225,False,236,60
palbociclib,lineage,5,ACH-000900,lung,0.94935294074011,0.9978242706239729,0.7264881489586114,1.2691603922893346,,0.5376596836693476,1,0.5,0.8469348068101752,1.0084826866631225,False,236,60
palbociclib,lineage,5,ACH-000968,skin,0.8650349863485589,0.9333340835557598,0.6619979618903982,1.2046702052211213,,0.536334872304723,1,0.5,0.8469348068101752,1.0084826866631225,False,236,60
palbociclib,lineage,5,ACH-001128,soft tissue,0.5129320437124048,0.9786979723258654,0.7073618506605038,1.2500340939912271,1.0,0.5381857772474151,1,0.5,0.8469348068101752,1.0084826866631225,False,236,60
palbociclib,elastic_net,5,ACH-000769,lung,1.2108871083745398,0.9791902456937178,0.690950986452485,1.2674295049349507,0.0,0.48986700170715186,0,0.5,0.8469348068101752,1.0084826866631225,False,236,60
palbociclib,elastic_net,5,ACH-000117,breast,1.181193838633505,0.8873480059366635,0.5991087466954307,1.1755872651778962,0.0,0.6610078083074284,1,0.5,0.8469348068101752,1.0084826866631225,False,236,60
palbociclib,elastic_net,5,ACH-000276,breast,0.9270757129506018,1.0791497678672595,0.7909105086260266,1.3673890271084923,,0.6026469621478563,1,0.5,0.8469348068101752,1.0084826866631225,False,236,60
palbociclib,elastic_net,5,ACH-000222,pancreas,0.92193506018802,0.8984168535244587,0.6101775942832258,1.1866561127656916,,0.5448882037438864,1,0.5,0.8469348068101752,1.0084826866631225,False,236,60
palbociclib,elastic_net,5,ACH-000344,esophagus/stomach,0.8289294332333172,0.9553723684167156,0.6671331091754827,1.2436116276579483,1.0,0.6203835199239462,1,0.5,0.8469348068101752,1.0084826866631225,False,236,60
palbociclib,elastic_net,5,ACH-000632,skin,0.8868781913078282,0.968690835119606,0.6804515758783731,1.2569300943608388,,0.4988558857953228,0,0.5,0.8469348068101752,1.0084826866631225,False,236,60
palbociclib,elastic_net,5,ACH-000332,pancreas,0.8280751261380767,0.9161939232900109,0.6279546640487781,1.2044331825312438,1.0,0.5132633865036493,1,0.5,0.8469348068101752,1.0084826866631225,False,236,60
palbociclib,elastic_net,5,ACH-000368,cns/brain,0.8790257423412158,0.9570402089517659,0.668800949710533,1.2452794681929986,,0.6465821914089981,1,0.5,0.8469348068101752,1.0084826866631225,False,236,60
palbociclib,elastic_net,5,ACH-000441,skin,0.8822703302814223,0.948917514902045,0.6606782556608122,1.2371567741432778,,0.601475691769021,1,0.5,0.8469348068101752,1.0084826866631225,False,236,60
palbociclib,elastic_net,5,ACH-000848,liver,1.050780756143884,0.9635492019210389,0.675309942679806,1.2517884611622718,0.0,0.43787689248663514,0,0.5,0.8469348068101752,1.0084826866631225,False,236,60
palbociclib,elastic_net,5,ACH-000847,esophagus/stomach,0.7414040371741671,0.9352815111801112,0.6470422519388783,1.223520770421344,1.0,0.6596685587528038,1,0.5,0.8469348068101752,1.0084826866631225,False,236,60
palbociclib,elastic_net,5,ACH-000858,lung,0.8479476094243621,0.7514895340552716,0.4632502748140388,1.0397287932965045,,0.666253635199252,1,0.5,0.8469348068101752,1.0084826866631225,False,236,60
palbociclib,elastic_net,5,ACH-000732,head and neck,1.0,0.9931793383062392,0.7049400790650063,1.281418597547472,,0.4230758325932912,0,0.5,0.8469348068101752,1.0084826866631225,False,236,60
palbociclib,elastic_net,5,ACH-000945,lung,0.9425324735990092,0.8903221557446445,0.6020828965034116,1.1785614149858774,,0.49145068351288707,0,0.5,0.8469348068101752,1.0084826866631225,False,236,60
palbociclib,elastic_net,5,ACH-000545,bladder/urinary tract,1.2700318233205092,0.9395389800293146,0.6512997207880817,1.2277782392705474,0.0,0.5962049202399905,1,0.5,0.8469348068101752,1.0084826866631225,False,236,60
palbociclib,elastic_net,5,ACH-000087,bone,0.876897380211562,0.8838025359934243,0.5955632767521915,1.1720417952346571,,0.6260723512295472,1,0.5,0.8469348068101752,1.0084826866631225,False,236,60
palbociclib,elastic_net,5,ACH-000391,bone,0.88940181279246,0.9349370872960978,0.646697828054865,1.2231763465373306,,0.5214069089174216,1,0.5,0.8469348068101752,1.0084826866631225,False,236,60
palbociclib,elastic_net,5,ACH-000901,lung,1.26943580285682,0.9188839752166729,0.63064471597544,1.2071232344579057,0.0,0.48539705865747634,0,0.5,0.8469348068101752,1.0084826866631225,False,236,60
palbociclib,elastic_net,5,ACH-000671,liver,1.30350397079315,0.8564294571804728,0.56819019793924,1.1446687164217058,0.0,0.6523184971562892,1,0.5,0.8469348068101752,1.0084826866631225,False,236,60
palbociclib,elastic_net,5,ACH-000503,head and neck,0.8202969439783718,1.05354984811078,0.7653105888695471,1.3417891073520127,1.0,0.5044797286068249,1,0.5,0.8469348068101752,1.0084826866631225,False,236,60
palbociclib,elastic_net,5,ACH-000403,bowel,1.3300633485247366,0.9094033531639497,0.6211640939227169,1.1976426124051827,0.0,0.4499228950829812,0,0.5,0.8469348068101752,1.0084826866631225,False,236,60
palbociclib,elastic_net,5,ACH-000924,lung,0.9721124191284816,1.0399156369438427,0.7516763777026099,1.3281548961850755,,0.4248247980933646,0,0.5,0.8469348068101752,1.0084826866631225,False,236,60
palbociclib,elastic_net,5,ACH-000273,cns/brain,1.39856558176526,1.1343678996653281,0.8461286404240953,1.422607158906561,0.0,0.42294881491160446,0,0.5,0.8469348068101752,1.0084826866631225,False,236,60
palbociclib,elastic_net,5,ACH-000670,lung,0.7369015302309684,0.8608575628098527,0.5726183035686199,1.1490968220510855,1.0,0.6678096216571384,1,0.5,0.8469348068101752,1.0084826866631225,False,236,60
palbociclib,elastic_net,5,ACH-000679,esophagus/stomach,0.9938147890140495,0.9641361411071575,0.6758968818659247,1.2523754003483902,,0.46419954641869215,0,0.5,0.8469348068101752,1.0084826866631225,False,236,60
palbociclib,elastic_net,5,ACH-000415,head and neck,0.8628489815632059,1.0610418816166638,0.772802622375431,1.3492811408578966,,0.42717033646273245,0,0.5,0.8469348068101752,1.0084826866631225,False,236,60
palbociclib,elastic_net,5,ACH-000614,skin,0.8276765492577072,0.8589342737808366,0.5706950145396038,1.1471735330220696,1.0,0.6628351141136358,1,0.5,0.8469348068101752,1.0084826866631225,False,236,60
palbociclib,elastic_net,5,ACH-000756,cns/brain,1.0,0.9729737210358339,0.6847344617946011,1.2612129802770666,,0.5284577411812509,1,0.5,0.8469348068101752,1.0084826866631225,False,236,60
palbociclib,elastic_net,5,ACH-000237,ovary/fallopian tube,0.8497338708945679,1.003312984274961,0.7150737250337282,1.291552243516194,,0.43649961227772927,0,0.5,0.8469348068101752,1.0084826866631225,False,236,60
palbociclib,elastic_net,5,ACH-000956,prostate,0.9274574582819768,0.9596011990754145,0.6713619398341817,1.2478404583166474,,0.5782976689720188,1,0.5,0.8469348068101752,1.0084826866631225,False,236,60
palbociclib,elastic_net,5,ACH-000652,pancreas,0.9621295893263512,0.8422938815127949,0.5540546222715621,1.1305331407540278,,0.517180367252868,1,0.5,0.8469348068101752,1.0084826866631225,False,236,60
palbociclib,elastic_net,5,ACH-000665,lung,0.910099242830164,0.9505085066793817,0.6622692474381489,1.2387477659206145,,0.5011190262038845,1,0.5,0.8469348068101752,1.0084826866631225,False,236,60
palbociclib,elastic_net,5,ACH-000537,liver,1.3782232525620302,0.9606368065927604,0.6723975473515276,1.2488760658339932,0.0,0.44928820772064254,0,0.5,0.8469348068101752,1.0084826866631225,False,236,60
palbociclib,elastic_net,5,ACH-000826,lung,0.9339121998348854,1.04952189919453,0.7612826399532973,1.337761158435763,,0.4434702002212616,0,0.5,0.8469348068101752,1.0084826866631225,False,236,60
palbociclib,elastic_net,5,ACH-000648,pleura,0.8790187523663651,0.906778338094405,0.6185390788531722,1.1950175973356378,,0.5913525855516198,1,0.5,0.8469348068101752,1.0084826866631225,False,236,60
palbociclib,elastic_net,5,ACH-000628,lung,1.0,1.1115754164807765,0.8233361572395437,1.3998146757220093,,0.4226333474527317,0,0.5,0.8469348068101752,1.0084826866631225,False,236,60
palbociclib,elastic_net,5,ACH-000086,pleura,0.9280047499573362,0.9055016368228267,0.6172623775815939,1.1937408960640594,,0.5987453550260114,1,0.5,0.8469348068101752,1.0084826866631225,False,236,60
palbociclib,elastic_net,5,ACH-000243,pancreas,0.8332048416280522,0.9468520210885799,0.6586127618473471,1.2350912803298129,1.0,0.6008293215580479,1,0.5,0.8469348068101752,1.0084826866631225,False,236,60
palbociclib,elastic_net,5,ACH-000592,cns/brain,0.936191938145834,0.9309270763137778,0.642687817072545,1.2191663355550106,,0.505649922399802,1,0.5,0.8469348068101752,1.0084826866631225,False,236,60
palbociclib,elastic_net,5,ACH-000730,skin,0.7717661376267974,0.9045189702296461,0.6162797109884133,1.192758229470879,1.0,0.629904646721071,1,0.5,0.8469348068101752,1.0084826866631225,False,236,60
palbociclib,elastic_net,5,ACH-000661,skin,0.8216045702465697,0.9316991763728827,0.6434599171316499,1.2199384356141154,1.0,0.5951556182947056,1,0.5,0.8469348068101752,1.0084826866631225,False,236,60
palbociclib,elastic_net,5,ACH-000783,breast,1.18934496160727,1.0844320176445845,0.7961927584033517,1.3726712768858174,0.0,0.4367889811452925,0,0.5,0.8469348068101752,1.0084826866631225,False,236,60
palbociclib,elastic_net,5,ACH-000976,biliary tract,0.8199051795532194,1.0071850266883107,0.7189457674470778,1.2954242859295435,1.0,0.4272659033305732,0,0.5,0.8469348068101752,1.0084826866631225,False,236,60
palbociclib,elastic_net,5,ACH-000302,uterus,1.349896175779835,1.1310646364589496,0.8428253772177168,1.4193038957001824,0.0,0.4188495499647373,0,0.5,0.8469348068101752,1.0084826866631225,False,236,60
palbociclib,elastic_net,5,ACH-000766,lung,0.8593799482302187,1.0889197570101705,0.8006804977689377,1.3771590162514034,,0.4437739965466211,0,0.5,0.8469348068101752,1.0084826866631225,False,236,60
palbociclib,elastic_net,5,ACH-000994,uterus,0.9421401208483556,1.0281500139102697,0.7399107546690369,1.3163892731515026,,0.4265265383106376,0,0.5,0.8469348068101752,1.0084826866631225,False,236,60
palbociclib,elastic_net,5,ACH-000810,skin,0.929709979854829,1.003187719601915,0.7149484603606822,1.2914269788431478,,0.4541461647220888,0,0.5,0.8469348068101752,1.0084826866631225,False,236,60
palbociclib,elastic_net,5,ACH-000082,bone,0.938013269912341,0.8104557337064616,0.5222164744652288,1.0986949929476943,,0.6670804590804768,1,0.5,0.8469348068101752,1.0084826866631225,False,236,60
palbociclib,elastic_net,5,ACH-000172,soft tissue,0.5988182368441172,0.7718722319151323,0.4836329726738995,1.0601114911563652,1.0,0.6665261610087745,1,0.5,0.8469348068101752,1.0084826866631225,False,236,60
palbociclib,elastic_net,5,ACH-000201,kidney,0.7036518020091529,0.8002536764992421,0.5120144172580092,1.088492935740475,1.0,0.6637123638419509,1,0.5,0.8469348068101752,1.0084826866631225,False,236,60
palbociclib,elastic_net,5,ACH-000965,uterus,1.0,1.031182820925959,0.7429435616847262,1.3194220801671919,,0.5062245686301904,1,0.5,0.8469348068101752,1.0084826866631225,False,236,60
palbociclib,elastic_net,5,ACH-000811,ovary/fallopian tube,1.1676850579523061,1.1610139652090168,0.872774705967784,1.4492532244502496,0.0,0.43940116389977707,0,0.5,0.8469348068101752,1.0084826866631225,False,236,60
palbociclib,elastic_net,5,ACH-000189,kidney,0.7575687448637001,1.0113507963738737,0.7231115371326409,1.2995900556151065,1.0,0.6012437100439828,1,0.5,0.8469348068101752,1.0084826866631225,False,236,60
palbociclib,elastic_net,5,ACH-000445,cns/brain,0.8641871903838971,1.1356800484694105,0.8474407892281777,1.4239193077106433,,0.4476354506190909,0,0.5,0.8469348068101752,1.0084826866631225,False,236,60
palbociclib,elastic_net,5,ACH-000463,lung,0.7725482321722539,0.9336873959204177,0.6454481366791849,1.2219266551616506,1.0,0.6577925263109605,1,0.5,0.8469348068101752,1.0084826866631225,False,236,60
palbociclib,elastic_net,5,ACH-000147,breast,0.8524792054777569,1.0537544254874789,0.765515166246246,1.3419936847287117,,0.4244590097962172,0,0.5,0.8469348068101752,1.0084826866631225,False,236,60
palbociclib,elastic_net,5,ACH-001318,liver,0.8572973199036712,1.0381820059698394,0.7499427467286066,1.3264212652110723,,0.4444651231645655,0,0.5,0.8469348068101752,1.0084826866631225,False,236,60
palbociclib,elastic_net,5,ACH-000356,esophagus/stomach,0.7975404972886952,0.8391253180370734,0.5508860587958405,1.127364577278306,1.0,0.6578888429175254,1,0.5,0.8469348068101752,1.0084826866631225,False,236,60
palbociclib,elastic_net,5,ACH-000182,ampulla of vater,0.8682049785492226,0.9581251467448311,0.6698858875035982,1.246364405986064,,0.442075134881663,0,0.5,0.8469348068101752,1.0084826866631225,False,236,60
palbociclib,elastic_net,5,ACH-000427,esophagus/stomach,1.123181097778235,0.8454537468510241,0.5572144876097913,1.133693006092257,0.0,0.6642691745433271,1,0.5,0.8469348068101752,1.0084826866631225,False,236,60
palbociclib,elastic_net,5,ACH-000778,head and neck,0.8477622748018984,0.8636292504751543,0.5753899912339214,1.1518685097163872,,0.644561727325757,1,0.5,0.8469348068101752,1.0084826866631225,False,236,60
palbociclib,elastic_net,5,ACH-000620,liver,1.5764522074914,1.0991257301661426,0.8108864709249097,1.3873649894073754,0.0,0.42282045684682096,0,0.5,0.8469348068101752,1.0084826866631225,False,236,60
palbociclib,elastic_net,5,ACH-000833,soft tissue,0.8519138901360656,1.0097717427174235,0.7215324834761907,1.2980110019586564,,0.45400278872557404,0,0.5,0.8469348068101752,1.0084826866631225,False,236,60
palbociclib,elastic_net,5,ACH-000013,ovary/fallopian tube,1.24664014329012,1.0930860594011307,0.8048468001598978,1.3813253186423635,0.0,0.417855137263524,0,0.5,0.8469348068101752,1.0084826866631225,False,236,60
palbociclib,elastic_net,5,ACH-000312,peripheral nervous system,0.8422542273333349,0.9874772758779748,0.699238016636742,1.2757165351192077,1.0,0.44243031359313106,0,0.5,0.8469348068101752,1.0084826866631225,False,236,60
palbociclib,elastic_net,5,ACH-000582,skin,1.047655374938465,1.0490952005284908,0.760855941287258,1.3373344597697236,0.0,0.5548965394773164,1,0.5,0.8469348068101752,1.0084826866631225,False,236,60
palbociclib,elastic_net,5,ACH-000444,lung,0.955741251044405,0.838323656914826,0.5500843976735932,1.1265629161560589,,0.6605524928507708,1,0.5,0.8469348068101752,1.0084826866631225,False,236,60
palbociclib,elastic_net,5,ACH-000097,breast,0.8899427233720438,1.0368748903889051,0.7486356311476723,1.325114149630138,,0.46110832627185666,0,0.5,0.8469348068101752,1.0084826866631225,False,236,60
palbociclib,elastic_net,5,ACH-000408,esophagus/stomach,1.2135798581815052,0.8860492769334921,0.5978100176922593,1.1742885361747248,0.0,0.5972937559548521,1,0.5,0.8469348068101752,1.0084826866631225,False,236,60
palbociclib,elastic_net,5,ACH-000701,ovary/fallopian tube,1.35053732588369,1.0031907560776339,0.714951496836401,1.2914300153188667,0.0,0.6238208283532386,1,0.5,0.8469348068101752,1.0084826866631225,False,236,60
palbociclib,elastic_net,5,ACH-000542,ovary/fallopian tube,0.8012505291560291,0.9084095096668555,0.6201702504256227,1.1966487689080885,1.0,0.61186429693916,1,0.5,0.8469348068101752,1.0084826866631225,False,236,60
palbociclib,elastic_net,5,ACH-000900,lung,0.94935294074011,0.8664639493688651,0.5782246901276322,1.154703208610098,,0.6616761064264816,1,0.5,0.8469348068101752,1.0084826866631225,False,236,60
palbociclib,elastic_net,5,ACH-000968,skin,0.8650349863485589,0.9842343910506964,0.6959951318094636,1.2724736502919294,,0.5690283599365946,1,0.5,0.8469348068101752,1.0084826866631225,False,236,60
palbociclib,elastic_net,5,ACH-001128,soft tissue,0.5129320437124048,0.8596138992629722,0.5713746400217393,1.1478531585042049,1.0,0.6666389681359901,1,0.5,0.8469348068101752,1.0084826866631225,False,236,60
palbociclib,xgboost,5,ACH-000769,lung,1.2108871083745398,0.9551005363464355,0.6786444941445224,1.2315565785483487,0.0,0.5573204212271198,1,0.5,0.8469348068101752,1.0084826866631225,False,236,60
palbociclib,xgboost,5,ACH-000117,breast,1.181193838633505,0.9526779651641846,0.6762219229622715,1.2291340073660977,0.0,0.5248177580994354,1,0.5,0.8469348068101752,1.0084826866631225,False,236,60
palbociclib,xgboost,5,ACH-000276,breast,0.9270757129506018,0.9483219385147095,0.6718658963127964,1.2247779807166226,,0.5537563825188343,1,0.5,0.8469348068101752,1.0084826866631225,False,236,60
palbociclib,xgboost,5,ACH-000222,pancreas,0.92193506018802,0.9557726979255676,0.6793166557236545,1.2322287401274807,,0.5610011283826783,1,0.5,0.8469348068101752,1.0084826866631225,False,236,60
palbociclib,xgboost,5,ACH-000344,esophagus/stomach,0.8289294332333172,0.8974154591560364,0.6209594169541233,1.1738715013579495,1.0,0.5604419875293531,1,0.5,0.8469348068101752,1.0084826866631225,False,236,60
palbociclib,xgboost,5,ACH-000632,skin,0.8868781913078282,1.0023298263549805,0.7258737841530674,1.2787858685568936,,0.5606179137644798,1,0.5,0.8469348068101752,1.0084826866631225,False,236,60
palbociclib,xgboost,5,ACH-000332,pancreas,0.8280751261380767,0.9979395866394043,0.7214835444374912,1.2743956288413174,1.0,0.5546347963254161,1,0.5,0.8469348068101752,1.0084826866631225,False,236,60
palbociclib,xgboost,5,ACH-000368,cns/brain,0.8790257423412158,0.9878537058830261,0.711397663681113,1.2643097480849392,,0.49874815626038627,0,0.5,0.8469348068101752,1.0084826866631225,False,236,60
palbociclib,xgboost,5,ACH-000441,skin,0.8822703302814223,0.92413330078125,0.6476772585793369,1.200589342983163,,0.5594468964588902,1,0.5,0.8469348068101752,1.0084826866631225,False,236,60
palbociclib,xgboost,5,ACH-000848,liver,1.050780756143884,0.8841843008995056,0.6077282586975925,1.1606403431014187,0.0,0.5398195085409476,1,0.5,0.8469348068101752,1.0084826866631225,False,236,60
palbociclib,xgboost,5,ACH-000847,esophagus/stomach,0.7414040371741671,1.0103840827941895,0.7339280405922763,1.2868401249961026,1.0,0.5582499991108274,1,0.5,0.8469348068101752,1.0084826866631225,False,236,60
palbociclib,xgboost,5,ACH-000858,lung,0.8479476094243621,0.8315276503562927,0.5550716081543796,1.1079836925582058,,0.6079966027285337,1,0.5,0.8469348068101752,1.0084826866631225,False,236,60
palbociclib,xgboost,5,ACH-000732,head and neck,1.0,0.9519745111465454,0.6755184689446323,1.2284305533484585,,0.4904882017241949,0,0.5,0.8469348068101752,1.0084826866631225,False,236,60
palbociclib,xgboost,5,ACH-000945,lung,0.9425324735990092,0.8593798279762268,0.5829237857743137,1.13583587017814,,0.5117997659293241,1,0.5,0.8469348068101752,1.0084826866631225,False,236,60
palbociclib,xgboost,5,ACH-000545,bladder/urinary tract,1.2700318233205092,0.9529067873954773,0.6764507451935642,1.2293628295973904,0.0,0.5835117954753085,1,0.5,0.8469348068101752,1.0084826866631225,False,236,60
palbociclib,xgboost,5,ACH-000087,bone,0.876897380211562,0.9151871204376221,0.638731078235709,1.1916431626395352,,0.5946174230918999,1,0.5,0.8469348068101752,1.0084826866631225,False,236,60
palbociclib,xgboost,5,ACH-000391,bone,0.88940181279246,1.07258939743042,0.7961333552285068,1.349045439632333,,0.47311868602212553,0,0.5,0.8469348068101752,1.0084826866631225,False,236,60
palbociclib,xgboost,5,ACH-000901,lung,1.26943580285682,0.975841224193573,0.6993851819916599,1.252297266395486,0.0,0.5105724312906721,1,0.5,0.8469348068101752,1.0084826866631225,False,236,60
palbociclib,xgboost,5,ACH-000671,liver,1.30350397079315,1.049014687538147,0.7725586453362339,1.32547072974006,0.0,0.5346828961475323,1,0.5,0.8469348068101752,1.0084826866631225,False,236,60
palbociclib,xgboost,5,ACH-000503,head and neck,0.8202969439783718,1.0175708532333374,0.7411148110314243,1.2940268954352505,1.0,0.5097552751436711,1,0.5,0.8469348068101752,1.0084826866631225,False,236,60
palbociclib,xgboost,5,ACH-000403,bowel,1.3300633485247366,0.9185991287231445,0.6421430865212314,1.1950551709250576,0.0,0.49441544305347207,0,0.5,0.8469348068101752,1.0084826866631225,False,236,60
palbociclib,xgboost,5,ACH-000924,lung,0.9721124191284816,0.9925330877304077,0.7160770455284946,1.2689891299323208,,0.4856018826441311,0,0.5,0.8469348068101752,1.0084826866631225,False,236,60
palbociclib,xgboost,5,ACH-000273,cns/brain,1.39856558176526,1.1984790563583374,0.9220230141564243,1.4749350985602505,0.0,0.4554837197790437,0,0.5,0.8469348068101752,1.0084826866631225,False,236,60
palbociclib,xgboost,5,ACH-000670,lung,0.7369015302309684,0.8201278448104858,0.5436718026085727,1.096583887012399,1.0,0.5950766254174615,1,0.5,0.8469348068101752,1.0084826866631225,False,236,60
palbociclib,xgboost,5,ACH-000679,esophagus/stomach,0.9938147890140495,1.0044245719909668,0.7279685297890537,1.28088061419288,,0.5333448234235776,1,0.5,0.8469348068101752,1.0084826866631225,False,236,60
palbociclib,xgboost,5,ACH-000415,head and neck,0.8628489815632059,0.969553530216217,0.6930974880143039,1.2460095724181302,,0.5301018681152521,1,0.5,0.8469348068101752,1.0084826866631225,False,236,60
palbociclib,xgboost,5,ACH-000614,skin,0.8276765492577072,0.9071046710014343,0.6306486287995212,1.1835607132033474,1.0,0.5507267458681204,1,0.5,0.8469348068101752,1.0084826866631225,False,236,60
palbociclib,xgboost,5,ACH-000756,cns/brain,1.0,1.0397835969924927,0.7633275547905796,1.3162396391944058,,0.4878385516713861,0,0.5,0.8469348068101752,1.0084826866631225,False,236,60
palbociclib,xgboost,5,ACH-000237,ovary/fallopian tube,0.8497338708945679,0.9908513426780701,0.714395300476157,1.2673073848799832,,0.5371929247364429,1,0.5,0.8469348068101752,1.0084826866631225,False,236,60
palbociclib,xgboost,5,ACH-000956,prostate,0.9274574582819768,0.9925317168235779,0.7160756746216648,1.268987759025491,,0.5463215281120187,1,0.5,0.8469348068101752,1.0084826866631225,False,236,60
palbociclib,xgboost,5,ACH-000652,pancreas,0.9621295893263512,0.886448860168457,0.6099928179665439,1.1629049023703701,,0.5782264883855155,1,0.5,0.8469348068101752,1.0084826866631225,False,236,60
palbociclib,xgboost,5,ACH-000665,lung,0.910099242830164,1.0458253622055054,0.7693693200035923,1.3222814044074185,,0.4898691779931111,0,0.5,0.8469348068101752,1.0084826866631225,False,236,60
palbociclib,xgboost,5,ACH-000537,liver,1.3782232525620302,0.9217545390129089,0.6452984968109958,1.198210581214822,0.0,0.5484023281305983,1,0.5,0.8469348068101752,1.0084826866631225,False,236,60
palbociclib,xgboost,5,ACH-000826,lung,0.9339121998348854,0.9956870079040527,0.7192309657021396,1.2721430501059658,,0.49580147943837805,0,0.5,0.8469348068101752,1.0084826866631225,False,236,60
palbociclib,xgboost,5,ACH-000648,pleura,0.8790187523663651,0.8332980871200562,0.556842044918143,1.1097541293219693,,0.563012690071047,1,0.5,0.8469348068101752,1.0084826866631225,False,236,60
palbociclib,xgboost,5,ACH-000628,lung,1.0,1.1776313781738281,0.901175335971915,1.4540874203757412,,0.4329846798644799,0,0.5,0.8469348068101752,1.0084826866631225,False,236,60
palbociclib,xgboost,5,ACH-000086,pleura,0.9280047499573362,0.9158775806427002,0.6394215384407871,1.1923336228446133,,0.5561620929164829,1,0.5,0.8469348068101752,1.0084826866631225,False,236,60
palbociclib,xgboost,5,ACH-000243,pancreas,0.8332048416280522,0.8656777143478394,0.5892216721459262,1.1421337565497525,1.0,0.574536146461311,1,0.5,0.8469348068101752,1.0084826866631225,False,236,60
palbociclib,xgboost,5,ACH-000592,cns/brain,0.936191938145834,0.9263324737548828,0.6498764315529697,1.202788515956796,,0.575972122985109,1,0.5,0.8469348068101752,1.0084826866631225,False,236,60
palbociclib,xgboost,5,ACH-000730,skin,0.7717661376267974,0.8683541417121887,0.5918980995102756,1.1448101839141018,1.0,0.5569181072096795,1,0.5,0.8469348068101752,1.0084826866631225,False,236,60
palbociclib,xgboost,5,ACH-000661,skin,0.8216045702465697,0.9472468495368958,0.6707908073349826,1.2237028917388089,1.0,0.5019423823879896,1,0.5,0.8469348068101752,1.0084826866631225,False,236,60
palbociclib,xgboost,5,ACH-000783,breast,1.18934496160727,0.9622352719306946,0.6857792297287815,1.2386913141326077,0.0,0.49484005627621946,0,0.5,0.8469348068101752,1.0084826866631225,False,236,60
palbociclib,xgboost,5,ACH-000976,biliary tract,0.8199051795532194,1.1399261951446533,0.8634701529427402,1.4163822373465664,1.0,0.4505896816545299,0,0.5,0.8469348068101752,1.0084826866631225,False,236,60
palbociclib,xgboost,5,ACH-000302,uterus,1.349896175779835,1.1524946689605713,0.8760386267586582,1.4289507111624844,0.0,0.43300367474697166,0,0.5,0.8469348068101752,1.0084826866631225,False,236,60
palbociclib,xgboost,5,ACH-000766,lung,0.8593799482302187,1.0059553384780884,0.7294992962761753,1.2824113806800015,,0.4816827605161809,0,0.5,0.8469348068101752,1.0084826866631225,False,236,60
palbociclib,xgboost,5,ACH-000994,uterus,0.9421401208483556,0.9359426498413086,0.6594866076393955,1.2123986920432217,,0.5572582859771297,1,0.5,0.8469348068101752,1.0084826866631225,False,236,60
palbociclib,xgboost,5,ACH-000810,skin,0.929709979854829,0.8953437805175781,0.618887738315665,1.1717998227194912,,0.5453375177021219,1,0.5,0.8469348068101752,1.0084826866631225,False,236,60
palbociclib,xgboost,5,ACH-000082,bone,0.938013269912341,0.8049575686454773,0.5285015264435642,1.0814136108473904,,0.6202451273800682,1,0.5,0.8469348068101752,1.0084826866631225,False,236,60
palbociclib,xgboost,5,ACH-000172,soft tissue,0.5988182368441172,0.8124918937683105,0.5360358515663974,1.0889479359702237,1.0,0.5996535105296165,1,0.5,0.8469348068101752,1.0084826866631225,False,236,60
palbociclib,xgboost,5,ACH-000201,kidney,0.7036518020091529,0.8591559529304504,0.5826999107285373,1.1356119951323635,1.0,0.5718953330573998,1,0.5,0.8469348068101752,1.0084826866631225,False,236,60
palbociclib,xgboost,5,ACH-000965,uterus,1.0,0.9779004454612732,0.7014444032593601,1.2543564876631863,,0.46832209174966083,0,0.5,0.8469348068101752,1.0084826866631225,False,236,60
palbociclib,xgboost,5,ACH-000811,ovary/fallopian tube,1.1676850579523061,0.9866495728492737,0.7101935306473606,1.2631056150511868,0.0,0.521942004116884,1,0.5,0.8469348068101752,1.0084826866631225,False,236,60
palbociclib,xgboost,5,ACH-000189,kidney,0.7575687448637001,0.9790534377098083,0.7025973955078952,1.2555094799117215,1.0,0.5444153490686884,1,0.5,0.8469348068101752,1.0084826866631225,False,236,60
palbociclib,xgboost,5,ACH-000445,cns/brain,0.8641871903838971,1.059762954711914,0.783306912510001,1.3362189969138272,,0.5168297152205515,1,0.5,0.8469348068101752,1.0084826866631225,False,236,60
palbociclib,xgboost,5,ACH-000463,lung,0.7725482321722539,0.8861100673675537,0.6096540251656406,1.1625661095694668,1.0,0.5624253784972736,1,0.5,0.8469348068101752,1.0084826866631225,False,236,60
palbociclib,xgboost,5,ACH-000147,breast,0.8524792054777569,1.0193934440612793,0.7429374018593662,1.2958494862631924,,0.4719181211878475,0,0.5,0.8469348068101752,1.0084826866631225,False,236,60
palbociclib,xgboost,5,ACH-001318,liver,0.8572973199036712,0.9234292507171631,0.64697320851525,1.1998852929190762,,0.5309907602976929,1,0.5,0.8469348068101752,1.0084826866631225,False,236,60
palbociclib,xgboost,5,ACH-000356,esophagus/stomach,0.7975404972886952,0.9084253311157227,0.6319692889138095,1.1848813733176358,1.0,0.5587178971329434,1,0.5,0.8469348068101752,1.0084826866631225,False,236,60
palbociclib,xgboost,5,ACH-000182,ampulla of vater,0.8682049785492226,0.9611054062843323,0.6846493640824192,1.2375614484862454,,0.4756920277473879,0,0.5,0.8469348068101752,1.0084826866631225,False,236,60
palbociclib,xgboost,5,ACH-000427,esophagus/stomach,1.123181097778235,0.952053427696228,0.6755973854943149,1.2285094698981411,0.0,0.5565717795948639,1,0.5,0.8469348068101752,1.0084826866631225,False,236,60
palbociclib,xgboost,5,ACH-000778,head and neck,0.8477622748018984,0.8828417062759399,0.6063856640740268,1.159297748477853,,0.5773013943925065,1,0.5,0.8469348068101752,1.0084826866631225,False,236,60
palbociclib,xgboost,5,ACH-000620,liver,1.5764522074914,0.962306559085846,0.6858505168839328,1.238762601287759,0.0,0.4518897273228479,0,0.5,0.8469348068101752,1.0084826866631225,False,236,60
palbociclib,xgboost,5,ACH-000833,soft tissue,0.8519138901360656,0.940866231918335,0.6644101897164219,1.217322274120248,,0.5503872121341229,1,0.5,0.8469348068101752,1.0084826866631225,False,236,60
palbociclib,xgboost,5,ACH-000013,ovary/fallopian tube,1.24664014329012,1.147375226020813,0.8709191838188999,1.423831268222726,0.0,0.45390829624584617,0,0.5,0.8469348068101752,1.0084826866631225,False,236,60
palbociclib,xgboost,5,ACH-000312,peripheral nervous system,0.8422542273333349,0.9910703897476196,0.7146143475457065,1.2675264319495327,1.0,0.5451447993051816,1,0.5,0.8469348068101752,1.0084826866631225,False,236,60
palbociclib,xgboost,5,ACH-000582,skin,1.047655374938465,0.9107242822647095,0.6342682400627964,1.1871803244666226,0.0,0.5325012178557108,1,0.5,0.8469348068101752,1.0084826866631225,False,236,60
palbociclib,xgboost,5,ACH-000444,lung,0.955741251044405,0.8222388029098511,0.545782760707938,1.0986948451117642,,0.6080686939057579,1,0.5,0.8469348068101752,1.0084826866631225,False,236,60
palbociclib,xgboost,5,ACH-000097,breast,0.8899427233720438,0.9761170148849487,0.6996609726830356,1.2525730570868618,,0.5137280131153883,1,0.5,0.8469348068101752,1.0084826866631225,False,236,60
palbociclib,xgboost,5,ACH-000408,esophagus/stomach,1.2135798581815052,1.0183881521224976,0.7419321099205844,1.2948441943244107,0.0,0.4846977795492301,0,0.5,0.8469348068101752,1.0084826866631225,False,236,60
palbociclib,xgboost,5,ACH-000701,ovary/fallopian tube,1.35053732588369,0.9486247897148132,0.6721687475129001,1.2250808319167263,0.0,0.5629574280869558,1,0.5,0.8469348068101752,1.0084826866631225,False,236,60
palbociclib,xgboost,5,ACH-000542,ovary/fallopian tube,0.8012505291560291,0.8877301812171936,0.6112741390152805,1.1641862234191067,1.0,0.5589243759846673,1,0.5,0.8469348068101752,1.0084826866631225,False,236,60
palbociclib,xgboost,5,ACH-000900,lung,0.94935294074011,0.8194416165351868,0.5429855743332737,1.0958976587370999,,0.5902875768098353,1,0.5,0.8469348068101752,1.0084826866631225,False,236,60
palbociclib,xgboost,5,ACH-000968,skin,0.8650349863485589,0.9047397375106812,0.628283695308768,1.1811957797125943,,0.5096981405312578,1,0.5,0.8469348068101752,1.0084826866631225,False,236,60
palbociclib,xgboost,5,ACH-001128,soft tissue,0.5129320437124048,0.8918927907943726,0.6154367485924594,1.1683488329962857,1.0,0.5639961999096077,1,0.5,0.8469348068101752,1.0084826866631225,False,236,60
