drug,family,fold,model_id,lineage,true_auc,predicted_auc,interval_lower,interval_upper,true_sensitive,sensitivity_probability,predicted_sensitive,decision_threshold,sensitive_auc_max,resistant_auc_min,technical_eligibility,n_fit,n_calibration
trametinib,lineage,1,ACH-000351,esophagus/stomach,0.7929941926065354,0.7736518790174925,0.472006563425567,1.075297194609418,,0.47102334438459015,0,0.5,0.6391224711600416,0.9112638657586372,False,240,60
trametinib,lineage,1,ACH-000800,lung,1.18342483065624,0.8239625497332126,0.5223172341412871,1.1256078653251382,0.0,0.38383674960409686,0,0.5,0.6391224711600416,0.9112638657586372,False,240,60
trametinib,lineage,1,ACH-000123,ovary/fallopian tube,0.8648390841222668,0.7935163885927594,0.4918710730008339,1.0951617041846848,,0.4706239675602597,0,0.5,0.6391224711600416,0.9112638657586372,False,240,60
trametinib,lineage,1,ACH-000627,lung,0.9265498308075479,0.8239625497332126,0.5223172341412871,1.1256078653251382,0.0,0.38383674960409686,0,0.5,0.6391224711600416,0.9112638657586372,False,240,60
trametinib,lineage,1,ACH-000856,breast,1.045867823166265,0.913693708706158,0.6120483931142324,1.2153390242980835,0.0,0.37293090029293163,0,0.5,0.6391224711600416,0.9112638657586372,False,240,60
trametinib,lineage,1,ACH-000552,bowel,0.5805007071171479,0.6741056774218189,0.3724603618298934,0.9757509930137445,1.0,0.5563557905537023,1,0.5,0.6391224711600416,0.9112638657586372,False,240,60
trametinib,lineage,1,ACH-000222,pancreas,0.6975125733556533,0.6791805102347932,0.37753519464286767,0.9808258258267187,,0.5626689098547677,1,0.5,0.6391224711600416,0.9112638657586372,False,240,60
trametinib,lineage,1,ACH-000332,pancreas,0.7097746335014938,0.6791805102347932,0.37753519464286767,0.9808258258267187,,0.5626689098547677,1,0.5,0.6391224711600416,0.9112638657586372,False,240,60
trametinib,lineage,1,ACH-000971,bowel,0.6901957833995178,0.6741056774218189,0.3724603618298934,0.9757509930137445,,0.5563557905537023,1,0.5,0.6391224711600416,0.9112638657586372,False,240,60
trametinib,lineage,1,ACH-000858,lung,0.6231798392300377,0.8239625497332126,0.5223172341412871,1.1256078653251382,1.0,0.38383674960409686,0,0.5,0.6391224711600416,0.9112638657586372,False,240,60
trametinib,lineage,1,ACH-000331,pleura,1.0000002749426549,0.8941135949868442,0.5924682793949186,1.1957589105787698,0.0,0.4036084128518484,0,0.5,0.6391224711600416,0.9112638657586372,False,240,60
trametinib,lineage,1,ACH-000643,breast,0.5914927644320418,0.913693708706158,0.6120483931142324,1.2153390242980835,1.0,0.37293090029293163,0,0.5,0.6391224711600416,0.9112638657586372,False,240,60
trametinib,lineage,1,ACH-000784,esophagus/stomach,0.7902830560291979,0.7736518790174925,0.472006563425567,1.075297194609418,,0.47102334438459015,0,0.5,0.6391224711600416,0.9112638657586372,False,240,60
trametinib,lineage,1,ACH-000517,pancreas,0.70412021975815,0.6791805102347932,0.37753519464286767,0.9808258258267187,,0.5626689098547677,1,0.5,0.6391224711600416,0.9112638657586372,False,240,60
trametinib,lineage,1,ACH-000748,bone,0.8212377475456174,1.0523154919004316,0.7506701763085061,1.3539608074923573,,0.3886693460591178,0,0.5,0.6391224711600416,0.9112638657586372,False,240,60
trametinib,lineage,1,ACH-000040,cns/brain,0.9758930460438825,0.8320522482891209,0.5304069326971954,1.1336975638810465,0.0,0.44555502529244306,0,0.5,0.6391224711600416,0.9112638657586372,False,240,60
trametinib,lineage,1,ACH-000503,head and neck,0.5796044369629352,0.6801950158686562,0.3785497002767306,0.9818403314605817,1.0,0.5626689098547677,1,0.5,0.6391224711600416,0.9112638657586372,False,240,60
trametinib,lineage,1,ACH-000403,bowel,0.4513446962469794,0.6741056774218189,0.3724603618298934,0.9757509930137445,1.0,0.5563557905537023,1,0.5,0.6391224711600416,0.9112638657586372,False,240,60
trametinib,lineage,1,ACH-000273,cns/brain,0.8503232785494237,0.8320522482891209,0.5304069326971954,1.1336975638810465,,0.44555502529244306,0,0.5,0.6391224711600416,0.9112638657586372,False,240,60
trametinib,lineage,1,ACH-000599,pancreas,0.8921115544047076,0.6791805102347932,0.37753519464286767,0.9808258258267187,,0.5626689098547677,1,0.5,0.6391224711600416,0.9112638657586372,False,240,60
trametinib,lineage,1,ACH-000486,bladder/urinary tract,0.4299004538118537,0.7577544730396713,0.4561091574477457,1.059399788631597,1.0,0.5059566197738358,1,0.5,0.6391224711600416,0.9112638657586372,False,240,60
trametinib,lineage,1,ACH-000955,bowel,1.0,0.6741056774218189,0.3724603618298934,0.9757509930137445,0.0,0.5563557905537023,1,0.5,0.6391224711600416,0.9112638657586372,False,240,60
trametinib,lineage,1,ACH-000637,esophagus/stomach,0.6972134198504196,0.7736518790174925,0.472006563425567,1.075297194609418,,0.47102334438459015,0,0.5,0.6391224711600416,0.9112638657586372,False,240,60
trametinib,lineage,1,ACH-000389,cns/brain,1.15520866137547,0.8320522482891209,0.5304069326971954,1.1336975638810465,0.0,0.44555502529244306,0,0.5,0.6391224711600416,0.9112638657586372,False,240,60
trametinib,lineage,1,ACH-000906,ovary/fallopian tube,0.609163443934593,0.7935163885927594,0.4918710730008339,1.0951617041846848,1.0,0.4706239675602597,0,0.5,0.6391224711600416,0.9112638657586372,False,240,60
trametinib,lineage,1,ACH-000716,thyroid,0.5159398960035098,0.7414523054988837,0.4398069899069582,1.0430976210908094,1.0,0.5042365141078999,1,0.5,0.6391224711600416,0.9112638657586372,False,240,60
trametinib,lineage,1,ACH-000956,prostate,1.121091326832375,0.796859750640648,0.4952144350487224,1.0985050662325735,0.0,0.4686302774284747,0,0.5,0.6391224711600416,0.9112638657586372,False,240,60
trametinib,lineage,1,ACH-000665,lung,0.671982148033461,0.8239625497332126,0.5223172341412871,1.1256078653251382,,0.38383674960409686,0,0.5,0.6391224711600416,0.9112638657586372,False,240,60
trametinib,lineage,1,ACH-000572,skin,0.892881124829377,0.5373608874151996,0.23571557182327407,0.8390062030071251,,0.6029563435809092,1,0.5,0.6391224711600416,0.9112638657586372,False,240,60
trametinib,lineage,1,ACH-000277,breast,0.8797582628558065,0.913693708706158,0.6120483931142324,1.2153390242980835,,0.37293090029293163,0,0.5,0.6391224711600416,0.9112638657586372,False,240,60
trametinib,lineage,1,ACH-000537,liver,0.5239140573591811,0.8301097161756802,0.5284644005837547,1.1317550317676057,1.0,0.39931475487593365,0,0.5,0.6391224711600416,0.9112638657586372,False,240,60
trametinib,lineage,1,ACH-000724,bladder/urinary tract,0.74115928366225,0.7577544730396713,0.4561091574477457,1.059399788631597,,0.5059566197738358,1,0.5,0.6391224711600416,0.9112638657586372,False,240,60
trametinib,lineage,1,ACH-000735,head and neck,0.6698278908545143,0.6801950158686562,0.3785497002767306,0.9818403314605817,,0.5626689098547677,1,0.5,0.6391224711600416,0.9112638657586372,False,240,60
trametinib,lineage,1,ACH-000090,prostate,0.904353747445829,0.796859750640648,0.4952144350487224,1.0985050662325735,,0.4686302774284747,0,0.5,0.6391224711600416,0.9112638657586372,False,240,60
trametinib,lineage,1,ACH-000605,esophagus/stomach,0.8318541258628203,0.7736518790174925,0.472006563425567,1.075297194609418,,0.47102334438459015,0,0.5,0.6391224711600416,0.9112638657586372,False,240,60
trametinib,lineage,1,ACH-000950,bowel,0.6179117941583456,0.6741056774218189,0.3724603618298934,0.9757509930137445,1.0,0.5563557905537023,1,0.5,0.6391224711600416,0.9112638657586372,False,240,60
trametinib,lineage,1,ACH-000232,cns/brain,0.889188621423137,0.8320522482891209,0.5304069326971954,1.1336975638810465,,0.44555502529244306,0,0.5,0.6391224711600416,0.9112638657586372,False,240,60
trametinib,lineage,1,ACH-000264,lung,0.5366703512207877,0.8239625497332126,0.5223172341412871,1.1256078653251382,1.0,0.38383674960409686,0,0.5,0.6391224711600416,0.9112638657586372,False,240,60
trametinib,lineage,1,ACH-000840,lung,1.131452083372315,0.8239625497332126,0.5223172341412871,1.1256078653251382,0.0,0.38383674960409686,0,0.5,0.6391224711600416,0.9112638657586372,False,240,60
trametinib,lineage,1,ACH-000667,lung,0.5921568052367385,0.8239625497332126,0.5223172341412871,1.1256078653251382,1.0,0.38383674960409686,0,0.5,0.6391224711600416,0.9112638657586372,False,240,60
trametinib,lineage,1,ACH-000524,ovary/fallopian tube,0.928079815402918,0.7935163885927594,0.4918710730008339,1.0951617041846848,0.0,0.4706239675602597,0,0.5,0.6391224711600416,0.9112638657586372,False,240,60
trametinib,lineage,1,ACH-000278,ovary/fallopian tube,0.8247877026278984,0.7935163885927594,0.4918710730008339,1.0951617041846848,,0.4706239675602597,0,0.5,0.6391224711600416,0.9112638657586372,False,240,60
trametinib,lineage,1,ACH-000747,lung,0.912968008373529,0.8239625497332126,0.5223172341412871,1.1256078653251382,0.0,0.38383674960409686,0,0.5,0.6391224711600416,0.9112638657586372,False,240,60
trametinib,lineage,1,ACH-000734,liver,0.5262494931247261,0.8301097161756802,0.5284644005837547,1.1317550317676057,1.0,0.39931475487593365,0,0.5,0.6391224711600416,0.9112638657586372,False,240,60
trametinib,lineage,1,ACH-000661,skin,0.5677252040556378,0.5373608874151996,0.23571557182327407,0.8390062030071251,1.0,0.6029563435809092,1,0.5,0.6391224711600416,0.9112638657586372,False,240,60
trametinib,lineage,1,ACH-000364,bone,0.7903865955518679,1.0523154919004316,0.7506701763085061,1.3539608074923573,,0.3886693460591178,0,0.5,0.6391224711600416,0.9112638657586372,False,240,60
trametinib,lineage,1,ACH-000082,bone,1.0458757677966148,1.0523154919004316,0.7506701763085061,1.3539608074923573,0.0,0.3886693460591178,0,0.5,0.6391224711600416,0.9112638657586372,False,240,60
trametinib,lineage,1,ACH-000488,esophagus/stomach,0.7690653802675238,0.7736518790174925,0.472006563425567,1.075297194609418,,0.47102334438459015,0,0.5,0.6391224711600416,0.9112638657586372,False,240,60
trametinib,lineage,1,ACH-000965,uterus,0.5098839062717648,1.0193675314544746,0.717722215862549,1.3210128470464002,1.0,0.36877788720560767,0,0.5,0.6391224711600416,0.9112638657586372,False,240,60
trametinib,lineage,1,ACH-000189,kidney,0.7526959874513819,0.8989506053721781,0.5973052897802525,1.2005959209641035,,0.4364229535905845,0,0.5,0.6391224711600416,0.9112638657586372,False,240,60
trametinib,lineage,1,ACH-000454,lung,0.7657825074438774,0.8239625497332126,0.5223172341412871,1.1256078653251382,,0.38383674960409686,0,0.5,0.6391224711600416,0.9112638657586372,False,240,60
trametinib,lineage,1,ACH-000395,lung,1.1243875338488452,0.8239625497332126,0.5223172341412871,1.1256078653251382,0.0,0.38383674960409686,0,0.5,0.6391224711600416,0.9112638657586372,False,240,60
trametinib,lineage,1,ACH-000133,fibroblast,1.1088460444707549,0.796859750640648,0.4952144350487224,1.0985050662325735,0.0,0.4686302774284747,0,0.5,0.6391224711600416,0.9112638657586372,False,240,60
trametinib,lineage,1,ACH-000054,soft tissue,0.5622532031672356,0.7784430630496448,0.4767977474577193,1.0800883786415705,1.0,0.4686302774284747,0,0.5,0.6391224711600416,0.9112638657586372,False,240,60
trametinib,lineage,1,ACH-000221,liver,0.7653292688370279,0.8301097161756802,0.5284644005837547,1.1317550317676057,,0.39931475487593365,0,0.5,0.6391224711600416,0.9112638657586372,False,240,60
trametinib,lineage,1,ACH-000477,skin,0.3873792306224038,0.5373608874151996,0.23571557182327407,0.8390062030071251,1.0,0.6029563435809092,1,0.5,0.6391224711600416,0.9112638657586372,False,240,60
trametinib,lineage,1,ACH-000244,cns/brain,0.9375919108049255,0.8320522482891209,0.5304069326971954,1.1336975638810465,0.0,0.44555502529244306,0,0.5,0.6391224711600416,0.9112638657586372,False,240,60
trametinib,lineage,1,ACH-000622,cns/brain,0.92279290938465,0.8320522482891209,0.5304069326971954,1.1336975638810465,0.0,0.44555502529244306,0,0.5,0.6391224711600416,0.9112638657586372,False,240,60
trametinib,lineage,1,ACH-000259,peripheral nervous system,0.926313846933433,0.6949890023717955,0.39334368677986997,0.996634317963721,0.0,0.5271974511387562,1,0.5,0.6391224711600416,0.9112638657586372,False,240,60
trametinib,lineage,1,ACH-000940,uterus,0.6134499045853691,1.0193675314544746,0.717722215862549,1.3210128470464002,1.0,0.36877788720560767,0,0.5,0.6391224711600416,0.9112638657586372,False,240,60
trametinib,lineage,1,ACH-000764,esophagus/stomach,0.8751761813970055,0.7736518790174925,0.472006563425567,1.075297194609418,,0.47102334438459015,0,0.5,0.6391224711600416,0.9112638657586372,False,240,60
trametinib,lineage,1,ACH-000827,skin,0.8072576681562683,0.5373608874151996,0.23571557182327407,0.8390062030071251,,0.6029563435809092,1,0.5,0.6391224711600416,0.9112638657586372,False,240,60
trametinib,lineage,1,ACH-000961,uterus,0.9273929998812289,1.0193675314544746,0.717722215862549,1.3210128470464002,0.0,0.36877788720560767,0,0.5,0.6391224711600416,0.9112638657586372,False,240,60
trametinib,lineage,1,ACH-000958,bowel,0.734548129285794,0.6741056774218189,0.3724603618298934,0.9757509930137445,,0.5563557905537023,1,0.5,0.6391224711600416,0.9112638657586372,False,240,60
trametinib,lineage,1,ACH-000833,soft tissue,0.71070265680492,0.7784430630496448,0.4767977474577193,1.0800883786415705,,0.4686302774284747,0,0.5,0.6391224711600416,0.9112638657586372,False,240,60
trametinib,lineage,1,ACH-000091,ovary/fallopian tube,0.869868009509366,0.7935163885927594,0.4918710730008339,1.0951617041846848,,0.4706239675602597,0,0.5,0.6391224711600416,0.9112638657586372,False,240,60
trametinib,lineage,1,ACH-000582,skin,0.8196305989816695,0.5373608874151996,0.23571557182327407,0.8390062030071251,,0.6029563435809092,1,0.5,0.6391224711600416,0.9112638657586372,False,240,60
trametinib,lineage,1,ACH-000347,pancreas,0.8155275761430101,0.6791805102347932,0.37753519464286767,0.9808258258267187,,0.5626689098547677,1,0.5,0.6391224711600416,0.9112638657586372,False,240,60
trametinib,lineage,1,ACH-000595,cns/brain,0.8618434548866896,0.8320522482891209,0.5304069326971954,1.1336975638810465,,0.44555502529244306,0,0.5,0.6391224711600416,0.9112638657586372,False,240,60
trametinib,lineage,1,ACH-000469,cns/brain,0.847022056523425,0.8320522482891209,0.5304069326971954,1.1336975638810465,,0.44555502529244306,0,0.5,0.6391224711600416,0.9112638657586372,False,240,60
trametinib,lineage,1,ACH-000097,breast,0.949868018404045,0.913693708706158,0.6120483931142324,1.2153390242980835,0.0,0.37293090029293163,0,0.5,0.6391224711600416,0.9112638657586372,False,240,60
trametinib,lineage,1,ACH-000701,ovary/fallopian tube,0.9136818786208745,0.7935163885927594,0.4918710730008339,1.0951617041846848,0.0,0.4706239675602597,0,0.5,0.6391224711600416,0.9112638657586372,False,240,60
trametinib,lineage,1,ACH-000900,lung,0.8099096172204453,0.8239625497332126,0.5223172341412871,1.1256078653251382,,0.38383674960409686,0,0.5,0.6391224711600416,0.9112638657586372,False,240,60
trametinib,lineage,1,ACH-000505,soft tissue,0.6660250479291581,0.7784430630496448,0.4767977474577193,1.0800883786415705,,0.4686302774284747,0,0.5,0.6391224711600416,0.9112638657586372,False,240,60
trametinib,lineage,1,ACH-000968,skin,0.7429844372046979,0.5373608874151996,0.23571557182327407,0.8390062030071251,,0.6029563435809092,1,0.5,0.6391224711600416,0.9112638657586372,False,240,60
trametinib,elastic_net,1,ACH-000351,esophagus/stomach,0.7929941926065354,0.7668578950906091,0.4995897015730061,1.034126088608212,,0.4635018584221596,0,0.5,0.6391224711600416,0.9112638657586372,False,240,60
trametinib,elastic_net,1,ACH-000800,lung,1.18342483065624,0.9880324699273426,0.7207642764097396,1.2553006634449457,0.0,0.21976294276293515,0,0.5,0.6391224711600416,0.9112638657586372,False,240,60
trametinib,elastic_net,1,ACH-000123,ovary/fallopian tube,0.8648390841222668,0.8210962667874779,0.5538280732698749,1.088364460305081,,0.6710570349870397,1,0.5,0.6391224711600416,0.9112638657586372,False,240,60
trametinib,elastic_net,1,ACH-000627,lung,0.9265498308075479,0.8161753846208994,0.5489071911032964,1.0834435781385023,0.0,0.22053461675885397,0,0.5,0.6391224711600416,0.9112638657586372,False,240,60
trametinib,elastic_net,1,ACH-000856,breast,1.045867823166265,0.9754279846071319,0.7081597910895289,1.242696178124735,0.0,0.24144678438237283,0,0.5,0.6391224711600416,0.9112638657586372,False,240,60
trametinib,elastic_net,1,ACH-000552,bowel,0.5805007071171479,0.6131261865334838,0.3458579930158808,0.8803943800510868,1.0,0.7805659582890018,1,0.5,0.6391224711600416,0.9112638657586372,False,240,60
trametinib,elastic_net,1,ACH-000222,pancreas,0.6975125733556533,0.5201950884918717,0.2529268949742687,0.7874632820094747,,0.7804761953300322,1,0.5,0.6391224711600416,0.9112638657586372,False,240,60
trametinib,elastic_net,1,ACH-000332,pancreas,0.7097746335014938,0.6356878928979044,0.3684196993803014,0.9029560864155074,,0.7651773679106425,1,0.5,0.6391224711600416,0.9112638657586372,False,240,60
trametinib,elastic_net,1,ACH-000971,bowel,0.6901957833995178,0.6412593366559836,0.37399114313838056,0.9085275301735866,,0.7242617259813668,1,0.5,0.6391224711600416,0.9112638657586372,False,240,60
trametinib,elastic_net,1,ACH-000858,lung,0.6231798392300377,0.7315976917747168,0.4643294982571138,0.9988658852923198,1.0,0.610818225007011,1,0.5,0.6391224711600416,0.9112638657586372,False,240,60
trametinib,elastic_net,1,ACH-000331,pleura,1.0000002749426549,0.9098431993476959,0.6425750058300929,1.177111392865299,0.0,0.22004464181633301,0,0.5,0.6391224711600416,0.9112638657586372,False,240,60
trametinib,elastic_net,1,ACH-000643,breast,0.5914927644320418,0.8241679582294408,0.5568997647118378,1.0914361517470437,1.0,0.2612241064930418,0,0.5,0.6391224711600416,0.9112638657586372,False,240,60
trametinib,elastic_net,1,ACH-000784,esophagus/stomach,0.7902830560291979,0.8978316663385353,0.6305634728209323,1.1650998598561384,,0.33894147486209314,0,0.5,0.6391224711600416,0.9112638657586372,False,240,60
trametinib,elastic_net,1,ACH-000517,pancreas,0.70412021975815,0.6603009923756324,0.39303279885802944,0.9275691858932354,,0.6677643294417788,1,0.5,0.6391224711600416,0.9112638657586372,False,240,60
trametinib,elastic_net,1,ACH-000748,bone,0.8212377475456174,0.9191241956816196,0.6518560021640166,1.1863923891992227,,0.43490256976848163,0,0.5,0.6391224711600416,0.9112638657586372,False,240,60
trametinib,elastic_net,1,ACH-000040,cns/brain,0.9758930460438825,0.6819574073154804,0.4146892137978774,0.9492256008330834,0.0,0.7541053137008501,1,0.5,0.6391224711600416,0.9112638657586372,False,240,60
trametinib,elastic_net,1,ACH-000503,head and neck,0.5796044369629352,0.7828517043387275,0.5155835108211245,1.0501198978563306,1.0,0.4292385033083336,0,0.5,0.6391224711600416,0.9112638657586372,False,240,60
trametinib,elastic_net,1,ACH-000403,bowel,0.4513446962469794,0.7415732435372978,0.4743050500196948,1.0088414370549008,1.0,0.7504700764671958,1,0.5,0.6391224711600416,0.9112638657586372,False,240,60
trametinib,elastic_net,1,ACH-000273,cns/brain,0.8503232785494237,0.7870382310146364,0.5197700374970334,1.0543064245322396,,0.3380827918616195,0,0.5,0.6391224711600416,0.9112638657586372,False,240,60
trametinib,elastic_net,1,ACH-000599,pancreas,0.8921115544047076,0.674478135145789,0.407209941628186,0.941746328663392,,0.7589970710526462,1,0.5,0.6391224711600416,0.9112638657586372,False,240,60
trametinib,elastic_net,1,ACH-000486,bladder/urinary tract,0.4299004538118537,0.7714250426477528,0.5041568491301498,1.0386932361653558,1.0,0.5643945109328873,1,0.5,0.6391224711600416,0.9112638657586372,False,240,60
trametinib,elastic_net,1,ACH-000955,bowel,1.0,0.7955564726100748,0.5282882790924718,1.062824666127678,0.0,0.446844950621824,0,0.5,0.6391224711600416,0.9112638657586372,False,240,60
trametinib,elastic_net,1,ACH-000637,esophagus/stomach,0.6972134198504196,0.8365074288467721,0.5692392353291691,1.103775622364375,,0.21475096118234,0,0.5,0.6391224711600416,0.9112638657586372,False,240,60
trametinib,elastic_net,1,ACH-000389,cns/brain,1.15520866137547,0.8291010083106023,0.5618328147929993,1.0963692018282054,0.0,0.2775239625634667,0,0.5,0.6391224711600416,0.9112638657586372,False,240,60
trametinib,elastic_net,1,ACH-000906,ovary/fallopian tube,0.609163443934593,0.690817151064485,0.42354895754688204,0.958085344582088,1.0,0.7735333643547322,1,0.5,0.6391224711600416,0.9112638657586372,False,240,60
trametinib,elastic_net,1,ACH-000716,thyroid,0.5159398960035098,0.8406260732366397,0.5733578797190367,1.1078942667542426,1.0,0.3679075208744738,0,0.5,0.6391224711600416,0.9112638657586372,False,240,60
trametinib,elastic_net,1,ACH-000956,prostate,1.121091326832375,0.8828526983365896,0.6155845048189866,1.1501208918541925,0.0,0.2109229557569659,0,0.5,0.6391224711600416,0.9112638657586372,False,240,60
trametinib,elastic_net,1,ACH-000665,lung,0.671982148033461,0.6995084974170518,0.4322403038994488,0.9667766909346548,,0.4964024495440733,0,0.5,0.6391224711600416,0.9112638657586372,False,240,60
trametinib,elastic_net,1,ACH-000572,skin,0.892881124829377,0.5786428308292731,0.31137463731167014,0.8459110243468762,,0.778322689482789,1,0.5,0.6391224711600416,0.9112638657586372,False,240,60
trametinib,elastic_net,1,ACH-000277,breast,0.8797582628558065,0.9451237936835782,0.6778556001659752,1.2123919872011812,,0.2392692284111305,0,0.5,0.6391224711600416,0.9112638657586372,False,240,60
trametinib,elastic_net,1,ACH-000537,liver,0.5239140573591811,0.7636618533453864,0.4963936598277834,1.0309300468629894,1.0,0.5299108524116689,1,0.5,0.6391224711600416,0.9112638657586372,False,240,60
trametinib,elastic_net,1,ACH-000724,bladder/urinary tract,0.74115928366225,0.7960200784645466,0.5287518849469436,1.0632882719821497,,0.36723323124472296,0,0.5,0.6391224711600416,0.9112638657586372,False,240,60
trametinib,elastic_net,1,ACH-000735,head and neck,0.6698278908545143,0.7004227614979565,0.43315456798035346,0.9676909550155595,,0.7674264700500557,1,0.5,0.6391224711600416,0.9112638657586372,False,240,60
trametinib,elastic_net,1,ACH-000090,prostate,0.904353747445829,0.7156183524665868,0.4483501589489838,0.9828865459841898,,0.6935411208067898,1,0.5,0.6391224711600416,0.9112638657586372,False,240,60
trametinib,elastic_net,1,ACH-000605,esophagus/stomach,0.8318541258628203,0.9126471291389556,0.6453789356213526,1.1799153226565586,,0.22806657583464815,0,0.5,0.6391224711600416,0.9112638657586372,False,240,60
trametinib,elastic_net,1,ACH-000950,bowel,0.6179117941583456,0.7178620203062217,0.4505938267886187,0.9851302138238247,1.0,0.7397847630348713,1,0.5,0.6391224711600416,0.9112638657586372,False,240,60
trametinib,elastic_net,1,ACH-000232,cns/brain,0.889188621423137,0.7790536587364989,0.5117854652188959,1.0463218522541018,,0.30496738780215427,0,0.5,0.6391224711600416,0.9112638657586372,False,240,60
trametinib,elastic_net,1,ACH-000264,lung,0.5366703512207877,0.6438472048424472,0.37657901132484417,0.9111153983600502,1.0,0.7722507958349352,1,0.5,0.6391224711600416,0.9112638657586372,False,240,60
trametinib,elastic_net,1,ACH-000840,lung,1.131452083372315,0.8865871584611953,0.6193189649435923,1.1538553519787982,0.0,0.2429317446936549,0,0.5,0.6391224711600416,0.9112638657586372,False,240,60
trametinib,elastic_net,1,ACH-000667,lung,0.5921568052367385,0.8108365856571826,0.5435683921395796,1.0781047791747858,1.0,0.24161577082816074,0,0.5,0.6391224711600416,0.9112638657586372,False,240,60
trametinib,elastic_net,1,ACH-000524,ovary/fallopian tube,0.928079815402918,0.9747048829862688,0.7074366894686658,1.241973076503872,0.0,0.21030878784754753,0,0.5,0.6391224711600416,0.9112638657586372,False,240,60
trametinib,elastic_net,1,ACH-000278,ovary/fallopian tube,0.8247877026278984,0.8614912879944528,0.5942230944768498,1.1287594815120559,,0.2794206309915855,0,0.5,0.6391224711600416,0.9112638657586372,False,240,60
trametinib,elastic_net,1,ACH-000747,lung,0.912968008373529,0.95367866564723,0.686410472129627,1.2209468591648331,0.0,0.22448769910450864,0,0.5,0.6391224711600416,0.9112638657586372,False,240,60
trametinib,elastic_net,1,ACH-000734,liver,0.5262494931247261,0.8647488171091161,0.5974806235915131,1.1320170106267191,1.0,0.21029958713401423,0,0.5,0.6391224711600416,0.9112638657586372,False,240,60
trametinib,elastic_net,1,ACH-000661,skin,0.5677252040556378,0.5161777885844296,0.24890959506682664,0.7834459821020326,1.0,0.7802529959690135,1,0.5,0.6391224711600416,0.9112638657586372,False,240,60
trametinib,elastic_net,1,ACH-000364,bone,0.7903865955518679,0.7869879239833543,0.5197197304657513,1.0542561175009573,,0.30777734324801514,0,0.5,0.6391224711600416,0.9112638657586372,False,240,60
trametinib,elastic_net,1,ACH-000082,bone,1.0458757677966148,0.8537627012697847,0.5864945077521817,1.1210308947873877,0.0,0.3102740262181949,0,0.5,0.6391224711600416,0.9112638657586372,False,240,60
trametinib,elastic_net,1,ACH-000488,esophagus/stomach,0.7690653802675238,0.7621559588379467,0.49488776532034373,1.0294241523555496,,0.31899370386617615,0,0.5,0.6391224711600416,0.9112638657586372,False,240,60
trametinib,elastic_net,1,ACH-000965,uterus,0.5098839062717648,0.8365136931286659,0.5692454996110629,1.103781886646269,1.0,0.5297104255415827,1,0.5,0.6391224711600416,0.9112638657586372,False,240,60
trametinib,elastic_net,1,ACH-000189,kidney,0.7526959874513819,1.001707800878044,0.734439607360441,1.268975994395647,,0.2021501406393365,0,0.5,0.6391224711600416,0.9112638657586372,False,240,60
trametinib,elastic_net,1,ACH-000454,lung,0.7657825074438774,0.7709347326291569,0.5036665391115539,1.0382029261467598,,0.21103863929864605,0,0.5,0.6391224711600416,0.9112638657586372,False,240,60
trametinib,elastic_net,1,ACH-000395,lung,1.1243875338488452,0.8144390039842808,0.5471708104666778,1.081707197501884,0.0,0.21606127096735567,0,0.5,0.6391224711600416,0.9112638657586372,False,240,60
trametinib,elastic_net,1,ACH-000133,fibroblast,1.1088460444707549,0.8443197852908905,0.5770515917732875,1.1115879788084935,0.0,0.4446759985520748,0,0.5,0.6391224711600416,0.9112638657586372,False,240,60
trametinib,elastic_net,1,ACH-000054,soft tissue,0.5622532031672356,0.7203208149989008,0.45305262148129777,0.9875890085165038,1.0,0.47450728615673043,0,0.5,0.6391224711600416,0.9112638657586372,False,240,60
trametinib,elastic_net,1,ACH-000221,liver,0.7653292688370279,0.8794338998857498,0.6121657063681468,1.146702093403353,,0.20833755853117963,0,0.5,0.6391224711600416,0.9112638657586372,False,240,60
trametinib,elastic_net,1,ACH-000477,skin,0.3873792306224038,0.4775760601669236,0.2103078666493206,0.7448442536845266,1.0,0.7808024256241162,1,0.5,0.6391224711600416,0.9112638657586372,False,240,60
trametinib,elastic_net,1,ACH-000244,cns/brain,0.9375919108049255,0.8378459489395768,0.5705777554219738,1.1051141424571798,0.0,0.3886878942046124,0,0.5,0.6391224711600416,0.9112638657586372,False,240,60
trametinib,elastic_net,1,ACH-000622,cns/brain,0.92279290938465,0.8867258565179842,0.6194576630003812,1.1539940500355872,0.0,0.20844333223015493,0,0.5,0.6391224711600416,0.9112638657586372,False,240,60
trametinib,elastic_net,1,ACH-000259,peripheral nervous system,0.926313846933433,0.8603324993400445,0.5930643058224415,1.1276006928576474,0.0,0.5609649754658896,1,0.5,0.6391224711600416,0.9112638657586372,False,240,60
trametinib,elastic_net,1,ACH-000940,uterus,0.6134499045853691,0.8644833674807311,0.5972151739631281,1.131751560998334,1.0,0.31570121112388055,0,0.5,0.6391224711600416,0.9112638657586372,False,240,60
trametinib,elastic_net,1,ACH-000764,esophagus/stomach,0.8751761813970055,0.7298902467466014,0.4626220532289984,0.9971584402642044,,0.3352077772446996,0,0.5,0.6391224711600416,0.9112638657586372,False,240,60
trametinib,elastic_net,1,ACH-000827,skin,0.8072576681562683,0.6584754425516413,0.39120724903403825,0.9257436360692443,,0.7750042889035749,1,0.5,0.6391224711600416,0.9112638657586372,False,240,60
trametinib,elastic_net,1,ACH-000961,uterus,0.9273929998812289,0.9697990471611598,0.7025308536435568,1.2370672406787628,0.0,0.2040541256656689,0,0.5,0.6391224711600416,0.9112638657586372,False,240,60
trametinib,elastic_net,1,ACH-000958,bowel,0.734548129285794,0.7068717534698719,0.43960355995226885,0.9741399469874749,,0.48815380166232103,0,0.5,0.6391224711600416,0.9112638657586372,False,240,60
trametinib,elastic_net,1,ACH-000833,soft tissue,0.71070265680492,0.8289479833296312,0.5616797898120282,1.0962161768472343,,0.239202150215475,0,0.5,0.6391224711600416,0.9112638657586372,False,240,60
trametinib,elastic_net,1,ACH-000091,ovary/fallopian tube,0.869868009509366,0.8676387590752758,0.6003705655576728,1.1349069525928788,,0.22103213709787253,0,0.5,0.6391224711600416,0.9112638657586372,False,240,60
trametinib,elastic_net,1,ACH-000582,skin,0.8196305989816695,0.6480476656390259,0.38077947212142293,0.9153158591566289,,0.7732895817707949,1,0.5,0.6391224711600416,0.9112638657586372,False,240,60
trametinib,elastic_net,1,ACH-000347,pancreas,0.8155275761430101,0.981150346706773,0.71388215318917,1.248418540224376,,0.20673973710112087,0,0.5,0.6391224711600416,0.9112638657586372,False,240,60
trametinib,elastic_net,1,ACH-000595,cns/brain,0.8618434548866896,0.650928535422991,0.383660341905388,0.918196728940594,,0.6990459878622995,1,0.5,0.6391224711600416,0.9112638657586372,False,240,60
trametinib,elastic_net,1,ACH-000469,cns/brain,0.847022056523425,0.8140857966123348,0.5468176030947318,1.0813539901299378,,0.289873788815809,0,0.5,0.6391224711600416,0.9112638657586372,False,240,60
trametinib,elastic_net,1,ACH-000097,breast,0.949868018404045,0.8290392405443888,0.5617710470267858,1.0963074340619918,0.0,0.5801989745112267,1,0.5,0.6391224711600416,0.9112638657586372,False,240,60
trametinib,elastic_net,1,ACH-000701,ovary/fallopian tube,0.9136818786208745,0.7888023867244033,0.5215341932068003,1.0560705802420063,0.0,0.20242833678404326,0,0.5,0.6391224711600416,0.9112638657586372,False,240,60
trametinib,elastic_net,1,ACH-000900,lung,0.8099096172204453,0.9481275789393684,0.6808593854217654,1.2153957724569713,,0.27886171432365026,0,0.5,0.6391224711600416,0.9112638657586372,False,240,60
trametinib,elastic_net,1,ACH-000505,soft tissue,0.6660250479291581,0.7075048194598506,0.44023662594224755,0.9747730129774536,,0.5874590513597667,1,0.5,0.6391224711600416,0.9112638657586372,False,240,60
trametinib,elastic_net,1,ACH-000968,skin,0.7429844372046979,0.48172696260100933,0.21445876908340633,0.7489951561186123,,0.7803745045559476,1,0.5,0.6391224711600416,0.9112638657586372,False,240,60
trametinib,xgboost,1,ACH-000351,esophagus/stomach,0.7929941926065354,0.7975788712501526,0.5349230665715985,1.0602346759287067,,0.4288611197537904,0,0.5,0.6391224711600416,0.9112638657586372,False,240,60
trametinib,xgboost,1,ACH-000800,lung,1.18342483065624,0.9373406767845154,0.6746848721059613,1.1999964814630695,0.0,0.2990597417492741,0,0.5,0.6391224711600416,0.9112638657586372,False,240,60
trametinib,xgboost,1,ACH-000123,ovary/fallopian tube,0.8648390841222668,0.8246299624443054,0.5619741577657513,1.0872857671228595,,0.47122426276539564,0,0.5,0.6391224711600416,0.9112638657586372,False,240,60
trametinib,xgboost,1,ACH-000627,lung,0.9265498308075479,0.772450864315033,0.5097950596364789,1.035106668993587,0.0,0.44871872186122624,0,0.5,0.6391224711600416,0.9112638657586372,False,240,60
trametinib,xgboost,1,ACH-000856,breast,1.045867823166265,0.9240981340408325,0.6614423293622784,1.1867539387193866,0.0,0.3392204882105226,0,0.5,0.6391224711600416,0.9112638657586372,False,240,60
trametinib,xgboost,1,ACH-000552,bowel,0.5805007071171479,0.67251056432724,0.40985475964868595,0.9351663690057941,1.0,0.6522854368782872,1,0.5,0.6391224711600416,0.9112638657586372,False,240,60
trametinib,xgboost,1,ACH-000222,pancreas,0.6975125733556533,0.5971748232841492,0.33451901860559513,0.8598306279627033,,0.6948628097030927,1,0.5,0.6391224711600416,0.9112638657586372,False,240,60
trametinib,xgboost,1,ACH-000332,pancreas,0.7097746335014938,0.6361063122749329,0.3734505075963788,0.898762116953487,,0.6533593900293125,1,0.5,0.6391224711600416,0.9112638657586372,False,240,60
trametinib,xgboost,1,ACH-000971,bowel,0.6901957833995178,0.6825527548789978,0.41989695020044376,0.9452085595575519,,0.6454620744307868,1,0.5,0.6391224711600416,0.9112638657586372,False,240,60
trametinib,xgboost,1,ACH-000858,lung,0.6231798392300377,0.7416151762008667,0.47895937152231266,1.0042709808794208,1.0,0.4969207998262264,0,0.5,0.6391224711600416,0.9112638657586372,False,240,60
trametinib,xgboost,1,ACH-000331,pleura,1.0000002749426549,0.853783130645752,0.5911273259671979,1.116438935324306,0.0,0.35478114468645944,0,0.5,0.6391224711600416,0.9112638657586372,False,240,60
trametinib,xgboost,1,ACH-000643,breast,0.5914927644320418,0.7685216069221497,0.5058658022435956,1.0311774116007038,1.0,0.3071158421878307,0,0.5,0.6391224711600416,0.9112638657586372,False,240,60
trametinib,xgboost,1,ACH-000784,esophagus/stomach,0.7902830560291979,0.8643702268600464,0.6017144221814923,1.1270260315386005,,0.3524814729041733,0,0.5,0.6391224711600416,0.9112638657586372,False,240,60
trametinib,xgboost,1,ACH-000517,pancreas,0.70412021975815,0.7366975545883179,0.47404174990976383,0.999353359266872,,0.634497831910428,1,0.5,0.6391224711600416,0.9112638657586372,False,240,60
trametinib,xgboost,1,ACH-000748,bone,0.8212377475456174,0.9304975271224976,0.6678417224439435,1.1931533318010517,,0.29176958924737245,0,0.5,0.6391224711600416,0.9112638657586372,False,240,60
trametinib,xgboost,1,ACH-000040,cns/brain,0.9758930460438825,0.7530274391174316,0.4903716344388776,1.0156832437959857,0.0,0.45324297016026505,0,0.5,0.6391224711600416,0.9112638657586372,False,240,60
trametinib,xgboost,1,ACH-000503,head and neck,0.5796044369629352,0.8044293522834778,0.5417735476049237,1.0670851569620319,1.0,0.33825507472913946,0,0.5,0.6391224711600416,0.9112638657586372,False,240,60
trametinib,xgboost,1,ACH-000403,bowel,0.4513446962469794,0.7611923813819885,0.4985365767034345,1.0238481860605426,1.0,0.613539972936387,1,0.5,0.6391224711600416,0.9112638657586372,False,240,60
trametinib,xgboost,1,ACH-000273,cns/brain,0.8503232785494237,0.8378531336784363,0.5751973289998822,1.1005089383569904,,0.34957599292038116,0,0.5,0.6391224711600416,0.9112638657586372,False,240,60
trametinib,xgboost,1,ACH-000599,pancreas,0.8921115544047076,0.6890105605125427,0.4263547558339887,0.9516663651910968,,0.5585135712352978,1,0.5,0.6391224711600416,0.9112638657586372,False,240,60
trametinib,xgboost,1,ACH-000486,bladder/urinary tract,0.4299004538118537,0.8458696007728577,0.5832137960943036,1.1085254054514118,1.0,0.3163831711985398,0,0.5,0.6391224711600416,0.9112638657586372,False,240,60
trametinib,xgboost,1,ACH-000955,bowel,1.0,0.7261737585067749,0.46351795382822086,0.988829563185329,0.0,0.5524595565806631,1,0.5,0.6391224711600416,0.9112638657586372,False,240,60
trametinib,xgboost,1,ACH-000637,esophagus/stomach,0.6972134198504196,0.8364884257316589,0.5738326210531048,1.099144230410213,,0.37918841082189075,0,0.5,0.6391224711600416,0.9112638657586372,False,240,60
trametinib,xgboost,1,ACH-000389,cns/brain,1.15520866137547,0.7953707575798035,0.5327149529012494,1.0580265622583576,0.0,0.36113861576095335,0,0.5,0.6391224711600416,0.9112638657586372,False,240,60
trametinib,xgboost,1,ACH-000906,ovary/fallopian tube,0.609163443934593,0.7172443270683289,0.4545885223897748,0.979900131746883,1.0,0.6214334068414324,1,0.5,0.6391224711600416,0.9112638657586372,False,240,60
trametinib,xgboost,1,ACH-000716,thyroid,0.5159398960035098,0.7961264252662659,0.5334706205877118,1.05878222994482,1.0,0.5163521099818333,1,0.5,0.6391224711600416,0.9112638657586372,False,240,60
trametinib,xgboost,1,ACH-000956,prostate,1.121091326832375,0.8438919186592102,0.5812361139806561,1.1065477233377643,0.0,0.4225946242484979,0,0.5,0.6391224711600416,0.9112638657586372,False,240,60
trametinib,xgboost,1,ACH-000665,lung,0.671982148033461,0.7437263131141663,0.4810705084356122,1.0063821177927204,,0.5114131731113066,1,0.5,0.6391224711600416,0.9112638657586372,False,240,60
trametinib,xgboost,1,ACH-000572,skin,0.892881124829377,0.5807349681854248,0.31807916350687077,0.8433907728639789,,0.6678385861355416,1,0.5,0.6391224711600416,0.9112638657586372,False,240,60
trametinib,xgboost,1,ACH-000277,breast,0.8797582628558065,0.940086305141449,0.6774305004628949,1.202742109820003,,0.40745189988131847,0,0.5,0.6391224711600416,0.9112638657586372,False,240,60
trametinib,xgboost,1,ACH-000537,liver,0.5239140573591811,0.8211608529090881,0.558505048230534,1.0838166575876422,1.0,0.42528585256657614,0,0.5,0.6391224711600416,0.9112638657586372,False,240,60
trametinib,xgboost,1,ACH-000724,bladder/urinary tract,0.74115928366225,0.7792553305625916,0.5165995258840375,1.0419111352411456,,0.5883922933452009,1,0.5,0.6391224711600416,0.9112638657586372,False,240,60
trametinib,xgboost,1,ACH-000735,head and neck,0.6698278908545143,0.7113135457038879,0.4486577410253339,0.973969350382442,,0.6247707160638087,1,0.5,0.6391224711600416,0.9112638657586372,False,240,60
trametinib,xgboost,1,ACH-000090,prostate,0.904353747445829,0.6976673603057861,0.4350115556272321,0.9603231649843402,,0.6441358144541083,1,0.5,0.6391224711600416,0.9112638657586372,False,240,60
trametinib,xgboost,1,ACH-000605,esophagus/stomach,0.8318541258628203,0.8525271415710449,0.5898713368924908,1.115182946249599,,0.30853588754981415,0,0.5,0.6391224711600416,0.9112638657586372,False,240,60
trametinib,xgboost,1,ACH-000950,bowel,0.6179117941583456,0.6774618029594421,0.4148059982808881,0.9401176076379962,1.0,0.5944632458944671,1,0.5,0.6391224711600416,0.9112638657586372,False,240,60
trametinib,xgboost,1,ACH-000232,cns/brain,0.889188621423137,0.7736868262290955,0.5110310215505414,1.0363426309076496,,0.3840094306604679,0,0.5,0.6391224711600416,0.9112638657586372,False,240,60
trametinib,xgboost,1,ACH-000264,lung,0.5366703512207877,0.6964378356933594,0.43378203101480534,0.9590936403719135,1.0,0.6529725002414488,1,0.5,0.6391224711600416,0.9112638657586372,False,240,60
trametinib,xgboost,1,ACH-000840,lung,1.131452083372315,0.8441166281700134,0.5814608234914593,1.1067724328485675,0.0,0.41872950669416703,0,0.5,0.6391224711600416,0.9112638657586372,False,240,60
trametinib,xgboost,1,ACH-000667,lung,0.5921568052367385,0.7127032279968262,0.45004742331827213,0.9753590326753803,1.0,0.6112482985157798,1,0.5,0.6391224711600416,0.9112638657586372,False,240,60
trametinib,xgboost,1,ACH-000524,ovary/fallopian tube,0.928079815402918,0.9312551021575928,0.6685992974790387,1.1939109068361469,0.0,0.2886361424660799,0,0.5,0.6391224711600416,0.9112638657586372,False,240,60
trametinib,xgboost,1,ACH-000278,ovary/fallopian tube,0.8247877026278984,0.8591297268867493,0.5964739222081952,1.1217855315653034,,0.36657558003323815,0,0.5,0.6391224711600416,0.9112638657586372,False,240,60
trametinib,xgboost,1,ACH-000747,lung,0.912968008373529,0.9347408413887024,0.6720850367101483,1.1973966460672565,0.0,0.28154423388350935,0,0.5,0.6391224711600416,0.9112638657586372,False,240,60
trametinib,xgboost,1,ACH-000734,liver,0.5262494931247261,0.8467831611633301,0.584127356484776,1.1094389658418842,1.0,0.38155099683939914,0,0.5,0.6391224711600416,0.9112638657586372,False,240,60
trametinib,xgboost,1,ACH-000661,skin,0.5677252040556378,0.4964742362499237,0.23381843157136967,0.7591300409284778,1.0,0.6910067595319509,1,0.5,0.6391224711600416,0.9112638657586372,False,240,60
trametinib,xgboost,1,ACH-000364,bone,0.7903865955518679,0.8363074660301208,0.5736516613515668,1.098963270708675,,0.45921473009036895,0,0.5,0.6391224711600416,0.9112638657586372,False,240,60
trametinib,xgboost,1,ACH-000082,bone,1.0458757677966148,0.8580631017684937,0.5954072970899396,1.1207189064470477,0.0,0.3630495728990713,0,0.5,0.6391224711600416,0.9112638657586372,False,240,60
trametinib,xgboost,1,ACH-000488,esophagus/stomach,0.7690653802675238,0.7856259942054749,0.5229701895269208,1.048281798884029,,0.42186810026992827,0,0.5,0.6391224711600416,0.9112638657586372,False,240,60
trametinib,xgboost,1,ACH-000965,uterus,0.5098839062717648,0.8321526646614075,0.5694968599828534,1.0948084693399616,1.0,0.4616769535563941,0,0.5,0.6391224711600416,0.9112638657586372,False,240,60
trametinib,xgboost,1,ACH-000189,kidney,0.7526959874513819,1.0081182718276978,0.7454624671491437,1.2707740765062518,,0.2635256396473309,0,0.5,0.6391224711600416,0.9112638657586372,False,240,60
trametinib,xgboost,1,ACH-000454,lung,0.7657825074438774,0.8376936316490173,0.5750378269704632,1.1003494363275714,,0.4110012660418776,0,0.5,0.6391224711600416,0.9112638657586372,False,240,60
trametinib,xgboost,1,ACH-000395,lung,1.1243875338488452,0.8727530837059021,0.610097279027348,1.1354088883844562,0.0,0.33922402531004714,0,0.5,0.6391224711600416,0.9112638657586372,False,240,60
trametinib,xgboost,1,ACH-000133,fibroblast,1.1088460444707549,0.9142943620681763,0.6516385573896222,1.1769501667467304,0.0,0.36542361156066683,0,0.5,0.6391224711600416,0.9112638657586372,False,240,60
trametinib,xgboost,1,ACH-000054,soft tissue,0.5622532031672356,0.7835447788238525,0.5208889741452984,1.0462005835024066,1.0,0.4993752250599138,0,0.5,0.6391224711600416,0.9112638657586372,False,240,60
trametinib,xgboost,1,ACH-000221,liver,0.7653292688370279,0.8389644622802734,0.5763086576017193,1.1016202669588275,,0.30975357456784547,0,0.5,0.6391224711600416,0.9112638657586372,False,240,60
trametinib,xgboost,1,ACH-000477,skin,0.3873792306224038,0.5345881581306458,0.2719323534520917,0.7972439628091998,1.0,0.6914447049811638,1,0.5,0.6391224711600416,0.9112638657586372,False,240,60
trametinib,xgboost,1,ACH-000244,cns/brain,0.9375919108049255,0.7852416634559631,0.522585858777409,1.0478974681345172,0.0,0.5233312488536667,1,0.5,0.6391224711600416,0.9112638657586372,False,240,60
trametinib,xgboost,1,ACH-000622,cns/brain,0.92279290938465,0.9231588840484619,0.6605030793699078,1.185814688727016,0.0,0.28542275089548585,0,0.5,0.6391224711600416,0.9112638657586372,False,240,60
trametinib,xgboost,1,ACH-000259,peripheral nervous system,0.926313846933433,0.8521310091018677,0.5894752044233136,1.1147868137804218,0.0,0.33733911843650566,0,0.5,0.6391224711600416,0.9112638657586372,False,240,60
trametinib,xgboost,1,ACH-000940,uterus,0.6134499045853691,0.8440161347389221,0.581360330060368,1.1066719394174762,1.0,0.4905552535464696,0,0.5,0.6391224711600416,0.9112638657586372,False,240,60
trametinib,xgboost,1,ACH-000764,esophagus/stomach,0.8751761813970055,0.7917195558547974,0.5290637511762433,1.0543753605333515,,0.44514129130971547,0,0.5,0.6391224711600416,0.9112638657586372,False,240,60
trametinib,xgboost,1,ACH-000827,skin,0.8072576681562683,0.6494637727737427,0.38680796809518864,0.9121195774522968,,0.6549730087197373,1,0.5,0.6391224711600416,0.9112638657586372,False,240,60
trametinib,xgboost,1,ACH-000961,uterus,0.9273929998812289,1.0216491222381592,0.7589933175596051,1.2843049269167133,0.0,0.2822395955901297,0,0.5,0.6391224711600416,0.9112638657586372,False,240,60
trametinib,xgboost,1,ACH-000958,bowel,0.734548129285794,0.6899370551109314,0.42728125043237736,0.9525928597894855,,0.5745350113455724,1,0.5,0.6391224711600416,0.9112638657586372,False,240,60
trametinib,xgboost,1,ACH-000833,soft tissue,0.71070265680492,0.740766167640686,0.478110362962132,1.0034219723192401,,0.40744616198729156,0,0.5,0.6391224711600416,0.9112638657586372,False,240,60
trametinib,xgboost,1,ACH-000091,ovary/fallopian tube,0.869868009509366,0.8683373332023621,0.605681528523808,1.1309931378809162,,0.39331465878943667,0,0.5,0.6391224711600416,0.9112638657586372,False,240,60
trametinib,xgboost,1,ACH-000582,skin,0.8196305989816695,0.5997230410575867,0.33706723637903263,0.8623788457361408,,0.6528516099928579,1,0.5,0.6391224711600416,0.9112638657586372,False,240,60
trametinib,xgboost,1,ACH-000347,pancreas,0.8155275761430101,0.924329400062561,0.6616735953840069,1.1869852047411151,,0.2941895117629299,0,0.5,0.6391224711600416,0.9112638657586372,False,240,60
trametinib,xgboost,1,ACH-000595,cns/brain,0.8618434548866896,0.7242987155914307,0.4616429109128766,0.9869545202699848,,0.6154322735630556,1,0.5,0.6391224711600416,0.9112638657586372,False,240,60
trametinib,xgboost,1,ACH-000469,cns/brain,0.847022056523425,0.839444100856781,0.5767882961782269,1.102099905535335,,0.37659873004594563,0,0.5,0.6391224711600416,0.9112638657586372,False,240,60
trametinib,xgboost,1,ACH-000097,breast,0.949868018404045,0.8712968230247498,0.6086410183461957,1.1339526277033039,0.0,0.33903439336510977,0,0.5,0.6391224711600416,0.9112638657586372,False,240,60
trametinib,xgboost,1,ACH-000701,ovary/fallopian tube,0.9136818786208745,0.8397523164749146,0.5770965117963605,1.1024081211534686,0.0,0.31970010900908075,0,0.5,0.6391224711600416,0.9112638657586372,False,240,60
trametinib,xgboost,1,ACH-000900,lung,0.8099096172204453,0.9489796161651611,0.686323811486607,1.2116354208437152,,0.3603668756928512,0,0.5,0.6391224711600416,0.9112638657586372,False,240,60
trametinib,xgboost,1,ACH-000505,soft tissue,0.6660250479291581,0.7760453820228577,0.5133895773443036,1.0387011867014118,,0.43850828186639335,0,0.5,0.6391224711600416,0.9112638657586372,False,240,60
trametinib,xgboost,1,ACH-000968,skin,0.7429844372046979,0.5173453092575073,0.2546895045789533,0.7800011139360614,,0.6990622878816193,1,0.5,0.6391224711600416,0.9112638657586372,False,240,60
trametinib,lineage,2,ACH-000792,kidney,1.28507377119207,0.8666998847782935,0.5613512837536576,1.1720484858029294,0.0,0.4078808227888485,0,0.5,0.6418011611733068,0.9131505213787037,False,240,60
trametinib,lineage,2,ACH-000008,skin,0.5786226610625542,0.6136530523893186,0.30830445136468265,0.9190016534139545,1.0,0.5998079490252961,1,0.5,0.6418011611733068,0.9131505213787037,False,240,60
trametinib,lineage,2,ACH-000383,esophagus/stomach,0.7161065604302472,0.7543157118502617,0.4489671108256258,1.0596643128748977,,0.536749561756918,1,0.5,0.6418011611733068,0.9131505213787037,False,240,60
trametinib,lineage,2,ACH-000587,lung,0.805301841908119,0.8515788865428903,0.5462302855182544,1.1569274875675262,,0.376553070173479,0,0.5,0.6418011611733068,0.9131505213787037,False,240,60
trametinib,lineage,2,ACH-000704,ovary/fallopian tube,0.9136798842065881,0.7931247160181636,0.4877761149935277,1.0984733170427994,0.0,0.45388214701095714,0,0.5,0.6418011611733068,0.9131505213787037,False,240,60
trametinib,lineage,2,ACH-000941,uterus,0.865119289021133,0.964035416415844,0.6586868153912081,1.2693840174404798,,0.3772947169482404,0,0.5,0.6418011611733068,0.9131505213787037,False,240,60
trametinib,lineage,2,ACH-000376,cns/brain,0.8734239923917164,0.8498600603508341,0.5445114593261982,1.15520866137547,,0.39574061600321636,0,0.5,0.6418011611733068,0.9131505213787037,False,240,60
trametinib,lineage,2,ACH-000035,lung,0.9209338472499731,0.8515788865428903,0.5462302855182544,1.1569274875675262,0.0,0.376553070173479,0,0.5,0.6418011611733068,0.9131505213787037,False,240,60
trametinib,lineage,2,ACH-000322,skin,0.48891446380784415,0.6136530523893186,0.30830445136468265,0.9190016534139545,1.0,0.5998079490252961,1,0.5,0.6418011611733068,0.9131505213787037,False,240,60
trametinib,lineage,2,ACH-000260,peripheral nervous system,0.48136208266029346,0.8307487201221035,0.5254001190974676,1.1360973211467393,1.0,0.4333113577790685,0,0.5,0.6418011611733068,0.9131505213787037,False,240,60
trametinib,lineage,2,ACH-000223,breast,0.8816261806330135,0.866862340297836,0.5615137392732001,1.172210941322472,,0.4267218008362143,0,0.5,0.6418011611733068,0.9131505213787037,False,240,60
trametinib,lineage,2,ACH-000832,head and neck,0.5746421416861422,0.6685764414747541,0.36322784045011824,0.97392504249939,1.0,0.5803609991196088,1,0.5,0.6418011611733068,0.9131505213787037,False,240,60
trametinib,lineage,2,ACH-000429,kidney,1.686978213022905,0.8666998847782935,0.5613512837536576,1.1720484858029294,0.0,0.4078808227888485,0,0.5,0.6418011611733068,0.9131505213787037,False,240,60
trametinib,lineage,2,ACH-000261,lung,0.8339749642589298,0.8515788865428903,0.5462302855182544,1.1569274875675262,,0.376553070173479,0,0.5,0.6418011611733068,0.9131505213787037,False,240,60
trametinib,lineage,2,ACH-000814,skin,0.4320237209510323,0.6136530523893186,0.30830445136468265,0.9190016534139545,1.0,0.5998079490252961,1,0.5,0.6418011611733068,0.9131505213787037,False,240,60
trametinib,lineage,2,ACH-000866,lung,0.7790488777395335,0.8515788865428903,0.5462302855182544,1.1569274875675262,,0.376553070173479,0,0.5,0.6418011611733068,0.9131505213787037,False,240,60
trametinib,lineage,2,ACH-000087,bone,0.9185420645754625,1.0048001835187852,0.6994515824941493,1.3101487845434212,0.0,0.3916389441689681,0,0.5,0.6418011611733068,0.9131505213787037,False,240,60
trametinib,lineage,2,ACH-000758,esophagus/stomach,1.0,0.7543157118502617,0.4489671108256258,1.0596643128748977,0.0,0.536749561756918,1,0.5,0.6418011611733068,0.9131505213787037,False,240,60
trametinib,lineage,2,ACH-000407,uterus,0.7397873376756933,0.964035416415844,0.6586868153912081,1.2693840174404798,,0.3772947169482404,0,0.5,0.6418011611733068,0.9131505213787037,False,240,60
trametinib,lineage,2,ACH-000674,esophagus/stomach,0.5912179983971448,0.7543157118502617,0.4489671108256258,1.0596643128748977,1.0,0.536749561756918,1,0.5,0.6418011611733068,0.9131505213787037,False,240,60
trametinib,lineage,2,ACH-000420,liver,0.9522559577011275,0.7393302499281285,0.43398164890349256,1.0446788509527645,0.0,0.5001743105590698,1,0.5,0.6418011611733068,0.9131505213787037,False,240,60
trametinib,lineage,2,ACH-000237,ovary/fallopian tube,0.894760431630658,0.7931247160181636,0.4877761149935277,1.0984733170427994,,0.45388214701095714,0,0.5,0.6418011611733068,0.9131505213787037,False,240,60
trametinib,lineage,2,ACH-000007,bowel,0.33785170213512394,0.6827879661629543,0.37743936513831844,0.9881365671875902,1.0,0.5675014999147949,1,0.5,0.6418011611733068,0.9131505213787037,False,240,60
trametinib,lineage,2,ACH-000669,lung,0.7747839210494314,0.8515788865428903,0.5462302855182544,1.1569274875675262,,0.376553070173479,0,0.5,0.6418011611733068,0.9131505213787037,False,240,60
trametinib,lineage,2,ACH-000628,lung,0.7690368575459351,0.8515788865428903,0.5462302855182544,1.1569274875675262,,0.376553070173479,0,0.5,0.6418011611733068,0.9131505213787037,False,240,60
trametinib,lineage,2,ACH-000086,pleura,0.9224443068321775,0.8632223451239749,0.557873744099339,1.168570946148611,0.0,0.44397009926543674,0,0.5,0.6418011611733068,0.9131505213787037,False,240,60
trametinib,lineage,2,ACH-000142,bladder/urinary tract,0.5943341155115719,0.7450637592442115,0.43971515821957563,1.0504123602688473,1.0,0.4938312321454526,0,0.5,0.6418011611733068,0.9131505213787037,False,240,60
trametinib,lineage,2,ACH-000927,breast,0.9544736854286925,0.866862340297836,0.5615137392732001,1.172210941322472,0.0,0.4267218008362143,0,0.5,0.6418011611733068,0.9131505213787037,False,240,60
trametinib,lineage,2,ACH-000243,pancreas,0.6708808375847475,0.6787508643185511,0.37340226329391524,0.984099465343187,,0.58546639486961,1,0.5,0.6418011611733068,0.9131505213787037,False,240,60
trametinib,lineage,2,ACH-000768,breast,0.6634842721765861,0.866862340297836,0.5615137392732001,1.172210941322472,,0.4267218008362143,0,0.5,0.6418011611733068,0.9131505213787037,False,240,60
trametinib,lineage,2,ACH-000279,bone,0.9253100359645955,1.0048001835187852,0.6994515824941493,1.3101487845434212,0.0,0.3916389441689681,0,0.5,0.6418011611733068,0.9131505213787037,False,240,60
trametinib,lineage,2,ACH-001307,thyroid,0.798079712097266,0.7471439385089373,0.44179533748430144,1.0524925395335734,,0.5113878844009728,1,0.5,0.6418011611733068,0.9131505213787037,False,240,60
trametinib,lineage,2,ACH-000839,bladder/urinary tract,0.7572138316355935,0.7450637592442115,0.43971515821957563,1.0504123602688473,,0.4938312321454526,0,0.5,0.6418011611733068,0.9131505213787037,False,240,60
trametinib,lineage,2,ACH-000730,skin,0.7636839481546545,0.6136530523893186,0.30830445136468265,0.9190016534139545,,0.5998079490252961,1,0.5,0.6418011611733068,0.9131505213787037,False,240,60
trametinib,lineage,2,ACH-000802,bladder/urinary tract,0.524591637630293,0.7450637592442115,0.43971515821957563,1.0504123602688473,1.0,0.4938312321454526,0,0.5,0.6418011611733068,0.9131505213787037,False,240,60
trametinib,lineage,2,ACH-000573,breast,1.08791945839023,0.866862340297836,0.5615137392732001,1.172210941322472,0.0,0.4267218008362143,0,0.5,0.6418011611733068,0.9131505213787037,False,240,60
trametinib,lineage,2,ACH-001190,skin,0.6213500366385905,0.6136530523893186,0.30830445136468265,0.9190016534139545,1.0,0.5998079490252961,1,0.5,0.6418011611733068,0.9131505213787037,False,240,60
trametinib,lineage,2,ACH-000979,prostate,0.813961012297715,0.9635842128628527,0.6582356118382168,1.2689328138874885,,0.4333113577790685,0,0.5,0.6418011611733068,0.9131505213787037,False,240,60
trametinib,lineage,2,ACH-000766,lung,0.4442526416594954,0.8515788865428903,0.5462302855182544,1.1569274875675262,1.0,0.376553070173479,0,0.5,0.6418011611733068,0.9131505213787037,False,240,60
trametinib,lineage,2,ACH-000535,pancreas,0.756930615009145,0.6787508643185511,0.37340226329391524,0.984099465343187,,0.58546639486961,1,0.5,0.6418011611733068,0.9131505213787037,False,240,60
trametinib,lineage,2,ACH-000011,bladder/urinary tract,0.897669580857062,0.7450637592442115,0.43971515821957563,1.0504123602688473,,0.4938312321454526,0,0.5,0.6418011611733068,0.9131505213787037,False,240,60
trametinib,lineage,2,ACH-000738,cns/brain,0.938283695362623,0.8498600603508341,0.5445114593261982,1.15520866137547,0.0,0.39574061600321636,0,0.5,0.6418011611733068,0.9131505213787037,False,240,60
trametinib,lineage,2,ACH-000921,lung,0.6992229916585561,0.8515788865428903,0.5462302855182544,1.1569274875675262,,0.376553070173479,0,0.5,0.6418011611733068,0.9131505213787037,False,240,60
trametinib,lineage,2,ACH-000982,bowel,0.9224986408245185,0.6827879661629543,0.37743936513831844,0.9881365671875902,0.0,0.5675014999147949,1,0.5,0.6418011611733068,0.9131505213787037,False,240,60
trametinib,lineage,2,ACH-000915,skin,0.4283058136462765,0.6136530523893186,0.30830445136468265,0.9190016534139545,1.0,0.5998079490252961,1,0.5,0.6418011611733068,0.9131505213787037,False,240,60
trametinib,lineage,2,ACH-000480,liver,0.8301783668470271,0.7393302499281285,0.43398164890349256,1.0446788509527645,,0.5001743105590698,1,0.5,0.6418011611733068,0.9131505213787037,False,240,60
trametinib,lineage,2,ACH-000881,skin,0.5879770463105793,0.6136530523893186,0.30830445136468265,0.9190016534139545,1.0,0.5998079490252961,1,0.5,0.6418011611733068,0.9131505213787037,False,240,60
trametinib,lineage,2,ACH-000651,bowel,0.43725114046344793,0.6827879661629543,0.37743936513831844,0.9881365671875902,1.0,0.5675014999147949,1,0.5,0.6418011611733068,0.9131505213787037,False,240,60
trametinib,lineage,2,ACH-000966,ovary/fallopian tube,0.8581319608496348,0.7931247160181636,0.4877761149935277,1.0984733170427994,,0.45388214701095714,0,0.5,0.6418011611733068,0.9131505213787037,False,240,60
trametinib,lineage,2,ACH-000319,pleura,0.9648718847320875,0.8632223451239749,0.557873744099339,1.168570946148611,0.0,0.44397009926543674,0,0.5,0.6418011611733068,0.9131505213787037,False,240,60
trametinib,lineage,2,ACH-000352,breast,0.9586270722803081,0.866862340297836,0.5615137392732001,1.172210941322472,0.0,0.4267218008362143,0,0.5,0.6418011611733068,0.9131505213787037,False,240,60
trametinib,lineage,2,ACH-000159,kidney,0.8557066731849395,0.8666998847782935,0.5613512837536576,1.1720484858029294,,0.4078808227888485,0,0.5,0.6418011611733068,0.9131505213787037,False,240,60
trametinib,lineage,2,ACH-000841,lung,0.6628748599721187,0.8515788865428903,0.5462302855182544,1.1569274875675262,,0.376553070173479,0,0.5,0.6418011611733068,0.9131505213787037,False,240,60
trametinib,lineage,2,ACH-000452,esophagus/stomach,0.880761974735444,0.7543157118502617,0.4489671108256258,1.0596643128748977,,0.536749561756918,1,0.5,0.6418011611733068,0.9131505213787037,False,240,60
trametinib,lineage,2,ACH-000929,lung,0.8412625583495705,0.8515788865428903,0.5462302855182544,1.1569274875675262,,0.376553070173479,0,0.5,0.6418011611733068,0.9131505213787037,False,240,60
trametinib,lineage,2,ACH-000390,lung,0.679210454866379,0.8515788865428903,0.5462302855182544,1.1569274875675262,,0.376553070173479,0,0.5,0.6418011611733068,0.9131505213787037,False,240,60
trametinib,lineage,2,ACH-000468,pancreas,0.7533779328350414,0.6787508643185511,0.37340226329391524,0.984099465343187,,0.58546639486961,1,0.5,0.6418011611733068,0.9131505213787037,False,240,60
trametinib,lineage,2,ACH-000496,lung,0.5203561957733862,0.8515788865428903,0.5462302855182544,1.1569274875675262,1.0,0.376553070173479,0,0.5,0.6418011611733068,0.9131505213787037,False,240,60
trametinib,lineage,2,ACH-000878,lung,0.909313595731402,0.8515788865428903,0.5462302855182544,1.1569274875675262,,0.376553070173479,0,0.5,0.6418011611733068,0.9131505213787037,False,240,60
trametinib,lineage,2,ACH-000939,uterus,0.867106732853716,0.964035416415844,0.6586868153912081,1.2693840174404798,,0.3772947169482404,0,0.5,0.6418011611733068,0.9131505213787037,False,240,60
trametinib,lineage,2,ACH-000228,head and neck,0.6841328852586143,0.6685764414747541,0.36322784045011824,0.97392504249939,,0.5803609991196088,1,0.5,0.6418011611733068,0.9131505213787037,False,240,60
trametinib,lineage,2,ACH-000211,cns/brain,0.8862233387355218,0.8498600603508341,0.5445114593261982,1.15520866137547,,0.39574061600321636,0,0.5,0.6418011611733068,0.9131505213787037,False,240,60
trametinib,lineage,2,ACH-000096,kidney,0.6322604718165394,0.8666998847782935,0.5613512837536576,1.1720484858029294,1.0,0.4078808227888485,0,0.5,0.6418011611733068,0.9131505213787037,False,240,60
trametinib,lineage,2,ACH-000849,breast,0.9300969899895359,0.866862340297836,0.5615137392732001,1.172210941322472,0.0,0.4267218008362143,0,0.5,0.6418011611733068,0.9131505213787037,False,240,60
trametinib,lineage,2,ACH-000312,peripheral nervous system,0.6061192438963836,0.8307487201221035,0.5254001190974676,1.1360973211467393,1.0,0.4333113577790685,0,0.5,0.6418011611733068,0.9131505213787037,False,240,60
trametinib,lineage,2,ACH-000888,lung,0.8131104383561546,0.8515788865428903,0.5462302855182544,1.1569274875675262,,0.376553070173479,0,0.5,0.6418011611733068,0.9131505213787037,False,240,60
trametinib,lineage,2,ACH-000510,lung,0.7962225982245916,0.8515788865428903,0.5462302855182544,1.1569274875675262,,0.376553070173479,0,0.5,0.6418011611733068,0.9131505213787037,False,240,60
trametinib,lineage,2,ACH-000967,bowel,0.737478258892747,0.6827879661629543,0.37743936513831844,0.9881365671875902,,0.5675014999147949,1,0.5,0.6418011611733068,0.9131505213787037,False,240,60
trametinib,lineage,2,ACH-000977,prostate,0.9461641806900181,0.9635842128628527,0.6582356118382168,1.2689328138874885,0.0,0.4333113577790685,0,0.5,0.6418011611733068,0.9131505213787037,False,240,60
trametinib,lineage,2,ACH-000579,skin,0.45150033843350407,0.6136530523893186,0.30830445136468265,0.9190016534139545,1.0,0.5998079490252961,1,0.5,0.6418011611733068,0.9131505213787037,False,240,60
trametinib,lineage,2,ACH-000791,lung,0.950082356518673,0.8515788865428903,0.5462302855182544,1.1569274875675262,0.0,0.376553070173479,0,0.5,0.6418011611733068,0.9131505213787037,False,240,60
trametinib,lineage,2,ACH-001075,lung,0.5773955421774484,0.8515788865428903,0.5462302855182544,1.1569274875675262,1.0,0.376553070173479,0,0.5,0.6418011611733068,0.9131505213787037,False,240,60
trametinib,lineage,2,ACH-000666,lung,0.6620071354183855,0.8515788865428903,0.5462302855182544,1.1569274875675262,,0.376553070173479,0,0.5,0.6418011611733068,0.9131505213787037,False,240,60
trametinib,lineage,2,ACH-000217,liver,0.928593586268876,0.7393302499281285,0.43398164890349256,1.0446788509527645,0.0,0.5001743105590698,1,0.5,0.6418011611733068,0.9131505213787037,False,240,60
trametinib,lineage,2,ACH-000973,bladder/urinary tract,0.809432020014877,0.7450637592442115,0.43971515821957563,1.0504123602688473,,0.4938312321454526,0,0.5,0.6418011611733068,0.9131505213787037,False,240,60
trametinib,elastic_net,2,ACH-000792,kidney,1.28507377119207,0.8086369508335608,0.5504190522137667,1.066854849453355,0.0,0.3342975447070114,0,0.5,0.6418011611733068,0.9131505213787037,False,240,60
trametinib,elastic_net,2,ACH-000008,skin,0.5786226610625542,0.5946411510284502,0.3364232524086561,0.8528590496482442,1.0,0.7455486915170877,1,0.5,0.6418011611733068,0.9131505213787037,False,240,60
trametinib,elastic_net,2,ACH-000383,esophagus/stomach,0.7161065604302472,0.6939246989444625,0.43570680032466846,0.9521425975642566,,0.7098367489539151,1,0.5,0.6418011611733068,0.9131505213787037,False,240,60
trametinib,elastic_net,2,ACH-000587,lung,0.805301841908119,0.8575314118677727,0.5993135132479787,1.1157493104875669,,0.39988142944974925,0,0.5,0.6418011611733068,0.9131505213787037,False,240,60
trametinib,elastic_net,2,ACH-000704,ovary/fallopian tube,0.9136798842065881,0.9153245441810485,0.6571066455612544,1.1735424428008425,0.0,0.237523643444951,0,0.5,0.6418011611733068,0.9131505213787037,False,240,60
trametinib,elastic_net,2,ACH-000941,uterus,0.865119289021133,0.8215405060903849,0.5633226074705908,1.079758404710179,,0.2509548042304596,0,0.5,0.6418011611733068,0.9131505213787037,False,240,60
trametinib,elastic_net,2,ACH-000376,cns/brain,0.8734239923917164,0.8110198364143841,0.5528019377945901,1.0692377350341782,,0.6395924208991389,1,0.5,0.6418011611733068,0.9131505213787037,False,240,60
trametinib,elastic_net,2,ACH-000035,lung,0.9209338472499731,0.8139138341970585,0.5556959355772645,1.0721317328168527,0.0,0.2844723021025452,0,0.5,0.6418011611733068,0.9131505213787037,False,240,60
trametinib,elastic_net,2,ACH-000322,skin,0.48891446380784415,0.6289875766807487,0.3707696780609546,0.8872054753005427,1.0,0.744619150999513,1,0.5,0.6418011611733068,0.9131505213787037,False,240,60
trametinib,elastic_net,2,ACH-000260,peripheral nervous system,0.48136208266029346,0.8565203393341445,0.5983024407143505,1.1147382379539386,1.0,0.455076639798056,0,0.5,0.6418011611733068,0.9131505213787037,False,240,60
trametinib,elastic_net,2,ACH-000223,breast,0.8816261806330135,0.7871431908804689,0.5289252922606749,1.045361089500263,,0.6790087923370643,1,0.5,0.6418011611733068,0.9131505213787037,False,240,60
trametinib,elastic_net,2,ACH-000832,head and neck,0.5746421416861422,0.7124338752275612,0.45421597660776714,0.9706517738473552,1.0,0.7461933215783286,1,0.5,0.6418011611733068,0.9131505213787037,False,240,60
trametinib,elastic_net,2,ACH-000429,kidney,1.686978213022905,0.8326323413170774,0.5744144426972834,1.0908502399368714,0.0,0.2532494615446794,0,0.5,0.6418011611733068,0.9131505213787037,False,240,60
trametinib,elastic_net,2,ACH-000261,lung,0.8339749642589298,0.8560557877449685,0.5978378891251744,1.1142736863647626,,0.26694924186991326,0,0.5,0.6418011611733068,0.9131505213787037,False,240,60
trametinib,elastic_net,2,ACH-000814,skin,0.4320237209510323,0.6937388544070432,0.43552095578724914,0.9519567530268372,1.0,0.7388956132502226,1,0.5,0.6418011611733068,0.9131505213787037,False,240,60
trametinib,elastic_net,2,ACH-000866,lung,0.7790488777395335,0.9480911641376536,0.6898732655178595,1.2063090627574478,,0.2298986310592288,0,0.5,0.6418011611733068,0.9131505213787037,False,240,60
trametinib,elastic_net,2,ACH-000087,bone,0.9185420645754625,0.891754380039292,0.6335364814194979,1.149972278659086,0.0,0.26225419649335435,0,0.5,0.6418011611733068,0.9131505213787037,False,240,60
trametinib,elastic_net,2,ACH-000758,esophagus/stomach,1.0,0.7771340833872227,0.5189161847674286,1.0353519820070167,0.0,0.5675642421932012,1,0.5,0.6418011611733068,0.9131505213787037,False,240,60
trametinib,elastic_net,2,ACH-000407,uterus,0.7397873376756933,0.874899967292058,0.6166820686722639,1.133117865911852,,0.2308534367704619,0,0.5,0.6418011611733068,0.9131505213787037,False,240,60
trametinib,elastic_net,2,ACH-000674,esophagus/stomach,0.5912179983971448,0.6872925528270711,0.4290746542072771,0.9455104514468652,1.0,0.737866830527449,1,0.5,0.6418011611733068,0.9131505213787037,False,240,60
trametinib,elastic_net,2,ACH-000420,liver,0.9522559577011275,0.8370942534015501,0.578876354781756,1.0953121520213442,0.0,0.3718544453895273,0,0.5,0.6418011611733068,0.9131505213787037,False,240,60
trametinib,elastic_net,2,ACH-000237,ovary/fallopian tube,0.894760431630658,0.8735356399378981,0.615317741318104,1.131753538557692,,0.23843657540555627,0,0.5,0.6418011611733068,0.9131505213787037,False,240,60
trametinib,elastic_net,2,ACH-000007,bowel,0.33785170213512394,0.6145307549167185,0.35631285629692444,0.8727486535365125,1.0,0.7453021048825195,1,0.5,0.6418011611733068,0.9131505213787037,False,240,60
trametinib,elastic_net,2,ACH-000669,lung,0.7747839210494314,0.7440943455909903,0.48587644697119625,1.0023122442107844,,0.4079894126150125,0,0.5,0.6418011611733068,0.9131505213787037,False,240,60
trametinib,elastic_net,2,ACH-000628,lung,0.7690368575459351,0.8245426945972759,0.5663247959774819,1.08276059321707,,0.7047646201821728,1,0.5,0.6418011611733068,0.9131505213787037,False,240,60
trametinib,elastic_net,2,ACH-000086,pleura,0.9224443068321775,0.827784628814412,0.5695667301946179,1.086002527434206,0.0,0.2570614647239045,0,0.5,0.6418011611733068,0.9131505213787037,False,240,60
trametinib,elastic_net,2,ACH-000142,bladder/urinary tract,0.5943341155115719,0.6918684154625359,0.4336505168427418,0.9500863140823299,1.0,0.6791874944432182,1,0.5,0.6418011611733068,0.9131505213787037,False,240,60
trametinib,elastic_net,2,ACH-000927,breast,0.9544736854286925,0.9011746766222974,0.6429567780025034,1.1593925752420915,0.0,0.2706719794008499,0,0.5,0.6418011611733068,0.9131505213787037,False,240,60
trametinib,elastic_net,2,ACH-000243,pancreas,0.6708808375847475,0.6051556785948136,0.3469377799750195,0.8633735772146076,,0.7461642895217242,1,0.5,0.6418011611733068,0.9131505213787037,False,240,60
trametinib,elastic_net,2,ACH-000768,breast,0.6634842721765861,0.6713247010588214,0.4131068024390273,0.9295425996786154,,0.7204689056466227,1,0.5,0.6418011611733068,0.9131505213787037,False,240,60
trametinib,elastic_net,2,ACH-000279,bone,0.9253100359645955,0.8965697808683377,0.6383518822485437,1.1547876794881318,0.0,0.23745309532186532,0,0.5,0.6418011611733068,0.9131505213787037,False,240,60
trametinib,elastic_net,2,ACH-001307,thyroid,0.798079712097266,0.8795599036645377,0.6213420050447437,1.1377778022843317,,0.2286665958031558,0,0.5,0.6418011611733068,0.9131505213787037,False,240,60
trametinib,elastic_net,2,ACH-000839,bladder/urinary tract,0.7572138316355935,0.6835943353478214,0.4253764367280274,0.9418122339676155,,0.7360625387838137,1,0.5,0.6418011611733068,0.9131505213787037,False,240,60
trametinib,elastic_net,2,ACH-000730,skin,0.7636839481546545,0.648636535192262,0.390418636572468,0.9068544338120561,,0.7464020177006622,1,0.5,0.6418011611733068,0.9131505213787037,False,240,60
trametinib,elastic_net,2,ACH-000802,bladder/urinary tract,0.524591637630293,0.7352899665756065,0.4770720679558125,0.9935078651954006,1.0,0.7330881138903923,1,0.5,0.6418011611733068,0.9131505213787037,False,240,60
trametinib,elastic_net,2,ACH-000573,breast,1.08791945839023,0.9290655446519516,0.6708476460321575,1.1872834432717456,0.0,0.28319911936958886,0,0.5,0.6418011611733068,0.9131505213787037,False,240,60
trametinib,elastic_net,2,ACH-001190,skin,0.6213500366385905,0.7120854767518116,0.4538675781320175,0.9703033753716056,1.0,0.7246912163381751,1,0.5,0.6418011611733068,0.9131505213787037,False,240,60
trametinib,elastic_net,2,ACH-000979,prostate,0.813961012297715,0.8575181397705279,0.5993002411507339,1.115736038390322,,0.3474482725452273,0,0.5,0.6418011611733068,0.9131505213787037,False,240,60
trametinib,elastic_net,2,ACH-000766,lung,0.4442526416594954,0.7209232278793056,0.4627053292595116,0.9791411264990997,1.0,0.6938004526295871,1,0.5,0.6418011611733068,0.9131505213787037,False,240,60
trametinib,elastic_net,2,ACH-000535,pancreas,0.756930615009145,0.6800681292936102,0.4218502306738161,0.9382860279134042,,0.7455670602186697,1,0.5,0.6418011611733068,0.9131505213787037,False,240,60
trametinib,elastic_net,2,ACH-000011,bladder/urinary tract,0.897669580857062,0.6988776809080637,0.44065978228826963,0.9570955795278577,,0.70556369389274,1,0.5,0.6418011611733068,0.9131505213787037,False,240,60
trametinib,elastic_net,2,ACH-000738,cns/brain,0.938283695362623,0.8715220209541846,0.6133041223343906,1.1297399195739786,0.0,0.2976578590781395,0,0.5,0.6418011611733068,0.9131505213787037,False,240,60
trametinib,elastic_net,2,ACH-000921,lung,0.6992229916585561,0.8889999797124595,0.6307820810926654,1.1472178783322535,,0.36526966849355275,0,0.5,0.6418011611733068,0.9131505213787037,False,240,60
trametinib,elastic_net,2,ACH-000982,bowel,0.9224986408245185,0.8672478402523216,0.6090299416325275,1.1254657388721157,0.0,0.42843517388776947,0,0.5,0.6418011611733068,0.9131505213787037,False,240,60
trametinib,elastic_net,2,ACH-000915,skin,0.4283058136462765,0.7159787610314032,0.4577608624116092,0.9741966596511973,1.0,0.727166639716578,1,0.5,0.6418011611733068,0.9131505213787037,False,240,60
trametinib,elastic_net,2,ACH-000480,liver,0.8301783668470271,0.8452555179865726,0.5870376193667786,1.1034734166063667,,0.47778347264076465,0,0.5,0.6418011611733068,0.9131505213787037,False,240,60
trametinib,elastic_net,2,ACH-000881,skin,0.5879770463105793,0.5029913304971607,0.24477343187736667,0.7612092291169548,1.0,0.7470941930785167,1,0.5,0.6418011611733068,0.9131505213787037,False,240,60
trametinib,elastic_net,2,ACH-000651,bowel,0.43725114046344793,0.6670046848482789,0.40878678622848486,0.925222583468073,1.0,0.7369810024284797,1,0.5,0.6418011611733068,0.9131505213787037,False,240,60
trametinib,elastic_net,2,ACH-000966,ovary/fallopian tube,0.8581319608496348,0.9378663468565571,0.6796484482367631,1.1960842454763512,,0.2552271799010923,0,0.5,0.6418011611733068,0.9131505213787037,False,240,60
trametinib,elastic_net,2,ACH-000319,pleura,0.9648718847320875,0.9773529724279634,0.7191350738081693,1.2355708710477575,0.0,0.235677641315659,0,0.5,0.6418011611733068,0.9131505213787037,False,240,60
trametinib,elastic_net,2,ACH-000352,breast,0.9586270722803081,1.0140939047968833,0.7558760061770893,1.2723118034166774,0.0,0.22847102354865373,0,0.5,0.6418011611733068,0.9131505213787037,False,240,60
trametinib,elastic_net,2,ACH-000159,kidney,0.8557066731849395,0.8283598809751513,0.5701419823553573,1.0865777795949454,,0.23334750724578632,0,0.5,0.6418011611733068,0.9131505213787037,False,240,60
trametinib,elastic_net,2,ACH-000841,lung,0.6628748599721187,0.7972357224284714,0.5390178238086774,1.0554536210482655,,0.5438321316917806,1,0.5,0.6418011611733068,0.9131505213787037,False,240,60
trametinib,elastic_net,2,ACH-000452,esophagus/stomach,0.880761974735444,0.7940891062516591,0.535871207631865,1.0523070048714531,,0.7467172845055867,1,0.5,0.6418011611733068,0.9131505213787037,False,240,60
trametinib,elastic_net,2,ACH-000929,lung,0.8412625583495705,0.8020069026176293,0.5437890039978353,1.0602248012374234,,0.6215984565988372,1,0.5,0.6418011611733068,0.9131505213787037,False,240,60
trametinib,elastic_net,2,ACH-000390,lung,0.679210454866379,0.7985036021023001,0.540285703482506,1.056721500722094,,0.4909617105096799,0,0.5,0.6418011611733068,0.9131505213787037,False,240,60
trametinib,elastic_net,2,ACH-000468,pancreas,0.7533779328350414,0.6314953733805562,0.3732774747607621,0.8897132720003502,,0.7457830745147394,1,0.5,0.6418011611733068,0.9131505213787037,False,240,60
trametinib,elastic_net,2,ACH-000496,lung,0.5203561957733862,0.8367448538003981,0.578526955180604,1.0949627524201921,1.0,0.31902564421148133,0,0.5,0.6418011611733068,0.9131505213787037,False,240,60
trametinib,elastic_net,2,ACH-000878,lung,0.909313595731402,0.7439387957649602,0.4857208971451662,1.0021566943847544,,0.6624090335358257,1,0.5,0.6418011611733068,0.9131505213787037,False,240,60
trametinib,elastic_net,2,ACH-000939,uterus,0.867106732853716,0.9145534310856978,0.6563355324659037,1.1727713297054918,,0.2686108689839977,0,0.5,0.6418011611733068,0.9131505213787037,False,240,60
trametinib,elastic_net,2,ACH-000228,head and neck,0.6841328852586143,0.752702413383815,0.494484514764021,1.0109203120036092,,0.40317034395620976,0,0.5,0.6418011611733068,0.9131505213787037,False,240,60
trametinib,elastic_net,2,ACH-000211,cns/brain,0.8862233387355218,0.8376929211920137,0.5794750225722196,1.0959108198118077,,0.30454765421552626,0,0.5,0.6418011611733068,0.9131505213787037,False,240,60
trametinib,elastic_net,2,ACH-000096,kidney,0.6322604718165394,0.8323074424853475,0.5740895438655534,1.0905253411051414,1.0,0.6948133082243125,1,0.5,0.6418011611733068,0.9131505213787037,False,240,60
trametinib,elastic_net,2,ACH-000849,breast,0.9300969899895359,0.8968937364519661,0.6386758378321721,1.1551116350717603,0.0,0.747072747383594,1,0.5,0.6418011611733068,0.9131505213787037,False,240,60
trametinib,elastic_net,2,ACH-000312,peripheral nervous system,0.6061192438963836,0.8914044325731142,0.6331865339533201,1.1496223311929081,1.0,0.28217227980965476,0,0.5,0.6418011611733068,0.9131505213787037,False,240,60
trametinib,elastic_net,2,ACH-000888,lung,0.8131104383561546,0.8250058486538154,0.5667879500340214,1.0832237472736095,,0.2617322231770089,0,0.5,0.6418011611733068,0.9131505213787037,False,240,60
trametinib,elastic_net,2,ACH-000510,lung,0.7962225982245916,0.8018167740908018,0.5435988754710077,1.0600346727105958,,0.28188402967304266,0,0.5,0.6418011611733068,0.9131505213787037,False,240,60
trametinib,elastic_net,2,ACH-000967,bowel,0.737478258892747,0.8090821729587261,0.550864274338932,1.0673000715785201,,0.4470358559543414,0,0.5,0.6418011611733068,0.9131505213787037,False,240,60
trametinib,elastic_net,2,ACH-000977,prostate,0.9461641806900181,0.9682590267487546,0.7100411281289606,1.2264769253685488,0.0,0.23170490655850876,0,0.5,0.6418011611733068,0.9131505213787037,False,240,60
trametinib,elastic_net,2,ACH-000579,skin,0.45150033843350407,0.6387459382114737,0.3805280395916797,0.8969638368312678,1.0,0.7442188609214515,1,0.5,0.6418011611733068,0.9131505213787037,False,240,60
trametinib,elastic_net,2,ACH-000791,lung,0.950082356518673,0.6264465097729344,0.3682286111531403,0.8846644083927284,0.0,0.7348539644020018,1,0.5,0.6418011611733068,0.9131505213787037,False,240,60
trametinib,elastic_net,2,ACH-001075,lung,0.5773955421774484,0.66327988477405,0.4050619861542559,0.921497783393844,1.0,0.6472392195227255,1,0.5,0.6418011611733068,0.9131505213787037,False,240,60
trametinib,elastic_net,2,ACH-000666,lung,0.6620071354183855,0.7437095641652338,0.48549166554543977,1.0019274627850279,,0.42461573547897974,0,0.5,0.6418011611733068,0.9131505213787037,False,240,60
trametinib,elastic_net,2,ACH-000217,liver,0.928593586268876,0.7501271091270673,0.4919092105072732,1.0083450077468612,0.0,0.7039841544445543,1,0.5,0.6418011611733068,0.9131505213787037,False,240,60
trametinib,elastic_net,2,ACH-000973,bladder/urinary tract,0.809432020014877,0.8626743764099041,0.60445647779011,1.1208922750296981,,0.34851284238877545,0,0.5,0.6418011611733068,0.9131505213787037,False,240,60
trametinib,xgboost,2,ACH-000792,kidney,1.28507377119207,0.8952252864837646,0.6041578910487053,1.186292681918824,0.0,0.3634661164292841,0,0.5,0.6418011611733068,0.9131505213787037,False,240,60
trametinib,xgboost,2,ACH-000008,skin,0.5786226610625542,0.5930467247962952,0.30197932936123584,0.8841141202313545,1.0,0.6599558403681078,1,0.5,0.6418011611733068,0.9131505213787037,False,240,60
trametinib,xgboost,2,ACH-000383,esophagus/stomach,0.7161065604302472,0.6246975660324097,0.33363017059735034,0.915764961467469,,0.6640777216598518,1,0.5,0.6418011611733068,0.9131505213787037,False,240,60
trametinib,xgboost,2,ACH-000587,lung,0.805301841908119,0.8176503777503967,0.5265829823153374,1.108717773185456,,0.47210434748948393,0,0.5,0.6418011611733068,0.9131505213787037,False,240,60
trametinib,xgboost,2,ACH-000704,ovary/fallopian tube,0.9136798842065881,0.8439216613769531,0.5528542659418938,1.1349890568120125,0.0,0.4720995163528451,0,0.5,0.6418011611733068,0.9131505213787037,False,240,60
trametinib,xgboost,2,ACH-000941,uterus,0.865119289021133,0.7795025110244751,0.48843511558941577,1.0705699064595344,,0.4995091536904061,0,0.5,0.6418011611733068,0.9131505213787037,False,240,60
trametinib,xgboost,2,ACH-000376,cns/brain,0.8734239923917164,0.799088180065155,0.5080207846300957,1.0901555755002144,,0.454288507048547,0,0.5,0.6418011611733068,0.9131505213787037,False,240,60
trametinib,xgboost,2,ACH-000035,lung,0.9209338472499731,0.8455965518951416,0.5545291564600823,1.136663947330201,0.0,0.39999512791301867,0,0.5,0.6418011611733068,0.9131505213787037,False,240,60
trametinib,xgboost,2,ACH-000322,skin,0.48891446380784415,0.5924634337425232,0.30139603830746386,0.8835308291775825,1.0,0.6401018708541832,1,0.5,0.6418011611733068,0.9131505213787037,False,240,60
trametinib,xgboost,2,ACH-000260,peripheral nervous system,0.48136208266029346,0.8033688068389893,0.5123014114039299,1.0944362022740486,1.0,0.41325929072621087,0,0.5,0.6418011611733068,0.9131505213787037,False,240,60
trametinib,xgboost,2,ACH-000223,breast,0.8816261806330135,0.7860468626022339,0.49497946716717456,1.0771142580372932,,0.5115887913268267,1,0.5,0.6418011611733068,0.9131505213787037,False,240,60
trametinib,xgboost,2,ACH-000832,head and neck,0.5746421416861422,0.7113876938819885,0.4203202984469292,1.0024550893170479,1.0,0.6149160377949778,1,0.5,0.6418011611733068,0.9131505213787037,False,240,60
trametinib,xgboost,2,ACH-000429,kidney,1.686978213022905,0.7527796626091003,0.461712267174041,1.0438470580441597,0.0,0.4352983362602417,0,0.5,0.6418011611733068,0.9131505213787037,False,240,60
trametinib,xgboost,2,ACH-000261,lung,0.8339749642589298,0.8652512431144714,0.5741838476794121,1.1563186385495308,,0.44518614038695675,0,0.5,0.6418011611733068,0.9131505213787037,False,240,60
trametinib,xgboost,2,ACH-000814,skin,0.4320237209510323,0.6881986260414124,0.397131230606353,0.9792660214764717,1.0,0.43554699807013647,0,0.5,0.6418011611733068,0.9131505213787037,False,240,60
trametinib,xgboost,2,ACH-000866,lung,0.7790488777395335,0.931840717792511,0.6407733223574517,1.2229081132275703,,0.3063265283331037,0,0.5,0.6418011611733068,0.9131505213787037,False,240,60
trametinib,xgboost,2,ACH-000087,bone,0.9185420645754625,0.8902237415313721,0.5991563460963127,1.1812911369664314,0.0,0.3485857392722737,0,0.5,0.6418011611733068,0.9131505213787037,False,240,60
trametinib,xgboost,2,ACH-000758,esophagus/stomach,1.0,0.7753541469573975,0.48428675152233813,1.0664215423924568,0.0,0.49465972999461044,0,0.5,0.6418011611733068,0.9131505213787037,False,240,60
trametinib,xgboost,2,ACH-000407,uterus,0.7397873376756933,0.825229823589325,0.5341624281542656,1.1162972190243843,,0.36936101041013036,0,0.5,0.6418011611733068,0.9131505213787037,False,240,60
trametinib,xgboost,2,ACH-000674,esophagus/stomach,0.5912179983971448,0.6513966917991638,0.3603292963641045,0.9424640872342231,1.0,0.5944867027085108,1,0.5,0.6418011611733068,0.9131505213787037,False,240,60
trametinib,xgboost,2,ACH-000420,liver,0.9522559577011275,0.8958106637001038,0.6047432682650444,1.186878059135163,0.0,0.36088897784178064,0,0.5,0.6418011611733068,0.9131505213787037,False,240,60
trametinib,xgboost,2,ACH-000237,ovary/fallopian tube,0.894760431630658,0.8782985210418701,0.5872311256068108,1.1693659164769294,,0.3915104818269012,0,0.5,0.6418011611733068,0.9131505213787037,False,240,60
trametinib,xgboost,2,ACH-000007,bowel,0.33785170213512394,0.6938958764076233,0.40282848097256396,0.9849632718426826,1.0,0.662163678287712,1,0.5,0.6418011611733068,0.9131505213787037,False,240,60
trametinib,xgboost,2,ACH-000669,lung,0.7747839210494314,0.717854917049408,0.42678752161434863,1.0089223124844673,,0.6059258513566353,1,0.5,0.6418011611733068,0.9131505213787037,False,240,60
trametinib,xgboost,2,ACH-000628,lung,0.7690368575459351,0.8039499521255493,0.51288255669049,1.0950173475606086,,0.5468624998033146,1,0.5,0.6418011611733068,0.9131505213787037,False,240,60
trametinib,xgboost,2,ACH-000086,pleura,0.9224443068321775,0.8716320395469666,0.5805646441119072,1.1626994349820259,0.0,0.3401397638781394,0,0.5,0.6418011611733068,0.9131505213787037,False,240,60
trametinib,xgboost,2,ACH-000142,bladder/urinary tract,0.5943341155115719,0.7729401588439941,0.4818727634089348,1.0640075542790535,1.0,0.46640914184004806,0,0.5,0.6418011611733068,0.9131505213787037,False,240,60
trametinib,xgboost,2,ACH-000927,breast,0.9544736854286925,0.8655257821083069,0.5744583866732476,1.1565931775433662,0.0,0.4239112239004747,0,0.5,0.6418011611733068,0.9131505213787037,False,240,60
trametinib,xgboost,2,ACH-000243,pancreas,0.6708808375847475,0.607083261013031,0.3160158655779717,0.8981506564480903,,0.6767349024250504,1,0.5,0.6418011611733068,0.9131505213787037,False,240,60
trametinib,xgboost,2,ACH-000768,breast,0.6634842721765861,0.6779473423957825,0.38687994696072314,0.9690147378308418,,0.6233249333485449,1,0.5,0.6418011611733068,0.9131505213787037,False,240,60
trametinib,xgboost,2,ACH-000279,bone,0.9253100359645955,0.9104672074317932,0.6193998119967339,1.2015346028668525,0.0,0.34084668460128176,0,0.5,0.6418011611733068,0.9131505213787037,False,240,60
trametinib,xgboost,2,ACH-001307,thyroid,0.798079712097266,0.8618741035461426,0.5708067081110832,1.152941498981202,,0.3652501194727914,0,0.5,0.6418011611733068,0.9131505213787037,False,240,60
trametinib,xgboost,2,ACH-000839,bladder/urinary tract,0.7572138316355935,0.6547967791557312,0.3637293837206719,0.9458641745907905,,0.6567737078645458,1,0.5,0.6418011611733068,0.9131505213787037,False,240,60
trametinib,xgboost,2,ACH-000730,skin,0.7636839481546545,0.6558806896209717,0.36481329418591235,0.946948085056031,,0.6163043513303298,1,0.5,0.6418011611733068,0.9131505213787037,False,240,60
trametinib,xgboost,2,ACH-000802,bladder/urinary tract,0.524591637630293,0.6632549166679382,0.3721875212328789,0.9543223121029976,1.0,0.6221571251300336,1,0.5,0.6418011611733068,0.9131505213787037,False,240,60
trametinib,xgboost,2,ACH-000573,breast,1.08791945839023,0.8019670844078064,0.5108996889727471,1.0930344798428657,0.0,0.44937860535268104,0,0.5,0.6418011611733068,0.9131505213787037,False,240,60
trametinib,xgboost,2,ACH-001190,skin,0.6213500366385905,0.6175851821899414,0.3265177867548821,0.9086525776250007,1.0,0.6318837607555225,1,0.5,0.6418011611733068,0.9131505213787037,False,240,60
trametinib,xgboost,2,ACH-000979,prostate,0.813961012297715,0.8374308943748474,0.5463634989397881,1.1284982898099067,,0.533945471937183,1,0.5,0.6418011611733068,0.9131505213787037,False,240,60
trametinib,xgboost,2,ACH-000766,lung,0.4442526416594954,0.7293838858604431,0.4383164904253838,1.0204512812955024,1.0,0.6379082169198029,1,0.5,0.6418011611733068,0.9131505213787037,False,240,60
trametinib,xgboost,2,ACH-000535,pancreas,0.756930615009145,0.6655582189559937,0.3744908235209343,0.956625614391053,,0.6585926402151491,1,0.5,0.6418011611733068,0.9131505213787037,False,240,60
trametinib,xgboost,2,ACH-000011,bladder/urinary tract,0.897669580857062,0.7022897601127625,0.4112223646777031,0.9933571555478218,,0.5560390202870367,1,0.5,0.6418011611733068,0.9131505213787037,False,240,60
trametinib,xgboost,2,ACH-000738,cns/brain,0.938283695362623,0.8064084053039551,0.5153410098688957,1.0974758007390144,0.0,0.3955014342924882,0,0.5,0.6418011611733068,0.9131505213787037,False,240,60
trametinib,xgboost,2,ACH-000921,lung,0.6992229916585561,0.8809664845466614,0.589899089111602,1.1720338799817207,,0.3891377128254972,0,0.5,0.6418011611733068,0.9131505213787037,False,240,60
trametinib,xgboost,2,ACH-000982,bowel,0.9224986408245185,0.8560179471969604,0.5649505517619011,1.1470853426320198,0.0,0.5680051823176713,1,0.5,0.6418011611733068,0.9131505213787037,False,240,60
trametinib,xgboost,2,ACH-000915,skin,0.4283058136462765,0.6233757734298706,0.3323083779948113,0.9144431688649299,1.0,0.5970102978034102,1,0.5,0.6418011611733068,0.9131505213787037,False,240,60
trametinib,xgboost,2,ACH-000480,liver,0.8301783668470271,0.8160430788993835,0.5249756834643242,1.1071104743344429,,0.522949977312481,1,0.5,0.6418011611733068,0.9131505213787037,False,240,60
trametinib,xgboost,2,ACH-000881,skin,0.5879770463105793,0.5308050513267517,0.23973765589169238,0.821872446761811,1.0,0.6706383899153858,1,0.5,0.6418011611733068,0.9131505213787037,False,240,60
trametinib,xgboost,2,ACH-000651,bowel,0.43725114046344793,0.7550421953201294,0.46397479988507007,1.0461095907551887,1.0,0.5464222135850391,1,0.5,0.6418011611733068,0.9131505213787037,False,240,60
trametinib,xgboost,2,ACH-000966,ovary/fallopian tube,0.8581319608496348,0.8904374241828918,0.5993700287478325,1.1815048196179512,,0.33001868675510204,0,0.5,0.6418011611733068,0.9131505213787037,False,240,60
trametinib,xgboost,2,ACH-000319,pleura,0.9648718847320875,0.8912516832351685,0.6001842878001091,1.1823190786702278,0.0,0.32668196966705826,0,0.5,0.6418011611733068,0.9131505213787037,False,240,60
trametinib,xgboost,2,ACH-000352,breast,0.9586270722803081,0.9898948669433594,0.6988274715083,1.2809622623784187,0.0,0.36942808329776133,0,0.5,0.6418011611733068,0.9131505213787037,False,240,60
trametinib,xgboost,2,ACH-000159,kidney,0.8557066731849395,0.8078795075416565,0.5168121121065972,1.0989469029767158,,0.3064950583107863,0,0.5,0.6418011611733068,0.9131505213787037,False,240,60
trametinib,xgboost,2,ACH-000841,lung,0.6628748599721187,0.7672024369239807,0.4761350414889214,1.05826983235904,,0.5690979760486016,1,0.5,0.6418011611733068,0.9131505213787037,False,240,60
trametinib,xgboost,2,ACH-000452,esophagus/stomach,0.880761974735444,0.7502162456512451,0.4591488502161858,1.0412836410863044,,0.5671813739250555,1,0.5,0.6418011611733068,0.9131505213787037,False,240,60
trametinib,xgboost,2,ACH-000929,lung,0.8412625583495705,0.7805495858192444,0.48948219038418506,1.0716169812543037,,0.6240153086879973,1,0.5,0.6418011611733068,0.9131505213787037,False,240,60
trametinib,xgboost,2,ACH-000390,lung,0.679210454866379,0.7642725110054016,0.4732051155703423,1.055339906440461,,0.45065580063299654,0,0.5,0.6418011611733068,0.9131505213787037,False,240,60
trametinib,xgboost,2,ACH-000468,pancreas,0.7533779328350414,0.5895073413848877,0.29843994594982837,0.880574736819947,,0.6454793149657961,1,0.5,0.6418011611733068,0.9131505213787037,False,240,60
trametinib,xgboost,2,ACH-000496,lung,0.5203561957733862,0.7426071763038635,0.4515397808688042,1.0336745717389229,1.0,0.6040227878728582,1,0.5,0.6418011611733068,0.9131505213787037,False,240,60
trametinib,xgboost,2,ACH-000878,lung,0.909313595731402,0.7932994961738586,0.5022321007387993,1.084366891608918,,0.49317187712507626,0,0.5,0.6418011611733068,0.9131505213787037,False,240,60
trametinib,xgboost,2,ACH-000939,uterus,0.867106732853716,0.9080880284309387,0.6170206329958794,1.199155423865998,,0.34414930440609093,0,0.5,0.6418011611733068,0.9131505213787037,False,240,60
trametinib,xgboost,2,ACH-000228,head and neck,0.6841328852586143,0.8334130644798279,0.5423456690447686,1.1244804599148872,,0.5188586509265034,1,0.5,0.6418011611733068,0.9131505213787037,False,240,60
trametinib,xgboost,2,ACH-000211,cns/brain,0.8862233387355218,0.8780059814453125,0.5869385860102532,1.1690733768803718,,0.3095267477782573,0,0.5,0.6418011611733068,0.9131505213787037,False,240,60
trametinib,xgboost,2,ACH-000096,kidney,0.6322604718165394,0.7609077095985413,0.46984031416348193,1.0519751050336006,1.0,0.40483548670332853,0,0.5,0.6418011611733068,0.9131505213787037,False,240,60
trametinib,xgboost,2,ACH-000849,breast,0.9300969899895359,0.8294481039047241,0.5383807084696648,1.1205154993397834,0.0,0.3704473151111447,0,0.5,0.6418011611733068,0.9131505213787037,False,240,60
trametinib,xgboost,2,ACH-000312,peripheral nervous system,0.6061192438963836,0.8927796483039856,0.6017122528689263,1.183847043739045,1.0,0.3458790860266938,0,0.5,0.6418011611733068,0.9131505213787037,False,240,60
trametinib,xgboost,2,ACH-000888,lung,0.8131104383561546,0.8191124200820923,0.528045024647033,1.1101798155171516,,0.5992367307867159,1,0.5,0.6418011611733068,0.9131505213787037,False,240,60
trametinib,xgboost,2,ACH-000510,lung,0.7962225982245916,0.8570053577423096,0.5659379623072502,1.148072753177369,,0.39971212237175924,0,0.5,0.6418011611733068,0.9131505213787037,False,240,60
trametinib,xgboost,2,ACH-000967,bowel,0.737478258892747,0.7973911762237549,0.5063237807886956,1.0884585716588142,,0.3821284758439629,0,0.5,0.6418011611733068,0.9131505213787037,False,240,60
trametinib,xgboost,2,ACH-000977,prostate,0.9461641806900181,0.9698876738548279,0.6788202784197686,1.2609550692898872,0.0,0.3760975619479189,0,0.5,0.6418011611733068,0.9131505213787037,False,240,60
trametinib,xgboost,2,ACH-000579,skin,0.45150033843350407,0.6473416090011597,0.35627421356610034,0.938409004436219,1.0,0.5734620711065798,1,0.5,0.6418011611733068,0.9131505213787037,False,240,60
trametinib,xgboost,2,ACH-000791,lung,0.950082356518673,0.6979252099990845,0.40685781456402514,0.9889926054341438,0.0,0.6466688767056502,1,0.5,0.6418011611733068,0.9131505213787037,False,240,60
trametinib,xgboost,2,ACH-001075,lung,0.5773955421774484,0.8225666284561157,0.5314992330210564,1.113634023891175,1.0,0.5404802246333824,1,0.5,0.6418011611733068,0.9131505213787037,False,240,60
trametinib,xgboost,2,ACH-000666,lung,0.6620071354183855,0.7927843332290649,0.5017169377940056,1.0838517286641243,,0.40757347670392685,0,0.5,0.6418011611733068,0.9131505213787037,False,240,60
trametinib,xgboost,2,ACH-000217,liver,0.928593586268876,0.704651951789856,0.41358455635479663,0.9957193472249153,0.0,0.6182642347710252,1,0.5,0.6418011611733068,0.9131505213787037,False,240,60
trametinib,xgboost,2,ACH-000973,bladder/urinary tract,0.809432020014877,0.8170735836029053,0.526006188167846,1.1081409790379646,,0.4427128845226106,0,0.5,0.6418011611733068,0.9131505213787037,False,240,60
trametinib,lineage,3,ACH-000785,lung,0.9247142504112025,0.8223349526867836,0.5198764932612426,1.1247934121123246,0.0,0.4341247809013871,0,0.5,0.645707916853427,0.9131459773317938,False,240,60
trametinib,lineage,3,ACH-000276,breast,1.0914636060562901,0.87278086106432,0.570322401638779,1.1752393204898608,0.0,0.4112771357681153,0,0.5,0.645707916853427,0.9131459773317938,False,240,60
trametinib,lineage,3,ACH-000880,esophagus/stomach,0.4035752290776759,0.7789499400647095,0.4764914806391686,1.0814083994902504,1.0,0.5182479439311035,1,0.5,0.645707916853427,0.9131459773317938,False,240,60
trametinib,lineage,3,ACH-000441,skin,0.40989460726312354,0.5668080052604155,0.2643495458348746,0.8692664646859565,1.0,0.6320453082185719,1,0.5,0.645707916853427,0.9131459773317938,False,240,60
trametinib,lineage,3,ACH-000019,breast,0.9368238115335841,0.87278086106432,0.570322401638779,1.1752393204898608,0.0,0.4112771357681153,0,0.5,0.645707916853427,0.9131459773317938,False,240,60
trametinib,lineage,3,ACH-000848,liver,0.87742873560529,0.7564633539386231,0.4540048945130821,1.058921813364164,,0.5232819692304918,1,0.5,0.645707916853427,0.9131459773317938,False,240,60
trametinib,lineage,3,ACH-000544,esophagus/stomach,0.6877229260164959,0.7789499400647095,0.4764914806391686,1.0814083994902504,,0.5182479439311035,1,0.5,0.645707916853427,0.9131459773317938,False,240,60
trametinib,lineage,3,ACH-000711,breast,0.781835087287684,0.87278086106432,0.570322401638779,1.1752393204898608,,0.4112771357681153,0,0.5,0.645707916853427,0.9131459773317938,False,240,60
trametinib,lineage,3,ACH-000012,lung,0.903595641852748,0.8223349526867836,0.5198764932612426,1.1247934121123246,,0.4341247809013871,0,0.5,0.645707916853427,0.9131459773317938,False,240,60
trametinib,lineage,3,ACH-000164,pancreas,0.963205098559988,0.676810196321042,0.37435173689550105,0.979268655746583,0.0,0.6118552111290522,1,0.5,0.645707916853427,0.9131459773317938,False,240,60
trametinib,lineage,3,ACH-000329,cns/brain,0.938896572069584,0.8778088719814743,0.5753504125559333,1.1802673314070153,0.0,0.41864346518130136,0,0.5,0.645707916853427,0.9131459773317938,False,240,60
trametinib,lineage,3,ACH-000324,ovary/fallopian tube,0.641931613472895,0.847747669948975,0.545289210523434,1.1502061293745158,1.0,0.41864346518130136,0,0.5,0.645707916853427,0.9131459773317938,False,240,60
trametinib,lineage,3,ACH-000842,bowel,0.584256956810902,0.7194615251180726,0.41700306569253165,1.0219199845436135,1.0,0.5476534586917118,1,0.5,0.645707916853427,0.9131459773317938,False,240,60
trametinib,lineage,3,ACH-000681,lung,0.5107811104961396,0.8223349526867836,0.5198764932612426,1.1247934121123246,1.0,0.4341247809013871,0,0.5,0.645707916853427,0.9131459773317938,False,240,60
trametinib,lineage,3,ACH-000484,kidney,0.9426752496925606,0.8610538711554265,0.5585954117298856,1.1635123305809674,0.0,0.4714392062463564,0,0.5,0.645707916853427,0.9131459773317938,False,240,60
trametinib,lineage,3,ACH-000108,pancreas,0.758772516782312,0.676810196321042,0.37435173689550105,0.979268655746583,,0.6118552111290522,1,0.5,0.645707916853427,0.9131459773317938,False,240,60
trametinib,lineage,3,ACH-000163,head and neck,0.5936032534125646,0.6743750816629495,0.3719166222374085,0.9768335410884904,1.0,0.5864004931007468,1,0.5,0.645707916853427,0.9131459773317938,False,240,60
trametinib,lineage,3,ACH-000391,bone,1.55040708398468,0.8703705603548293,0.5679121009292883,1.1728290197803704,0.0,0.4380943685127776,0,0.5,0.645707916853427,0.9131459773317938,False,240,60
trametinib,lineage,3,ACH-000901,lung,1.0198858705355265,0.8223349526867836,0.5198764932612426,1.1247934121123246,0.0,0.4341247809013871,0,0.5,0.645707916853427,0.9131459773317938,False,240,60
trametinib,lineage,3,ACH-000836,head and neck,0.6878774339445008,0.6743750816629495,0.3719166222374085,0.9768335410884904,,0.5864004931007468,1,0.5,0.645707916853427,0.9131459773317938,False,240,60
trametinib,lineage,3,ACH-000671,liver,0.772693371541597,0.7564633539386231,0.4540048945130821,1.058921813364164,,0.5232819692304918,1,0.5,0.645707916853427,0.9131459773317938,False,240,60
trametinib,lineage,3,ACH-000318,esophagus/stomach,0.9129734022979801,0.7789499400647095,0.4764914806391686,1.0814083994902504,,0.5182479439311035,1,0.5,0.645707916853427,0.9131459773317938,False,240,60
trametinib,lineage,3,ACH-000924,lung,0.8901629576706035,0.8223349526867836,0.5198764932612426,1.1247934121123246,,0.4341247809013871,0,0.5,0.645707916853427,0.9131459773317938,False,240,60
trametinib,lineage,3,ACH-000361,liver,0.784763545650794,0.7564633539386231,0.4540048945130821,1.058921813364164,,0.5232819692304918,1,0.5,0.645707916853427,0.9131459773317938,False,240,60
trametinib,lineage,3,ACH-000719,ovary/fallopian tube,0.8344643561256695,0.847747669948975,0.545289210523434,1.1502061293745158,,0.41864346518130136,0,0.5,0.645707916853427,0.9131459773317938,False,240,60
trametinib,lineage,3,ACH-000250,kidney,0.930349909930273,0.8610538711554265,0.5585954117298856,1.1635123305809674,0.0,0.4714392062463564,0,0.5,0.645707916853427,0.9131459773317938,False,240,60
trametinib,lineage,3,ACH-000188,head and neck,0.5866577351084081,0.6743750816629495,0.3719166222374085,0.9768335410884904,1.0,0.5864004931007468,1,0.5,0.645707916853427,0.9131459773317938,False,240,60
trametinib,lineage,3,ACH-000680,bowel,0.4670129665479314,0.7194615251180726,0.41700306569253165,1.0219199845436135,1.0,0.5476534586917118,1,0.5,0.645707916853427,0.9131459773317938,False,240,60
trametinib,lineage,3,ACH-000118,pancreas,0.4798615208492111,0.676810196321042,0.37435173689550105,0.979268655746583,1.0,0.6118552111290522,1,0.5,0.645707916853427,0.9131459773317938,False,240,60
trametinib,lineage,3,ACH-000359,bone,0.8007684313762715,0.8703705603548293,0.5679121009292883,1.1728290197803704,,0.4380943685127776,0,0.5,0.645707916853427,0.9131459773317938,False,240,60
trametinib,lineage,3,ACH-000652,pancreas,1.0,0.676810196321042,0.37435173689550105,0.979268655746583,0.0,0.6118552111290522,1,0.5,0.645707916853427,0.9131459773317938,False,240,60
trametinib,lineage,3,ACH-000753,bladder/urinary tract,0.7608781819049519,0.7204766094891563,0.4180181500636153,1.0229350689146972,,0.5476534586917118,1,0.5,0.645707916853427,0.9131459773317938,False,240,60
trametinib,lineage,3,ACH-000882,skin,0.6001697092867828,0.5668080052604155,0.2643495458348746,0.8692664646859565,1.0,0.6320453082185719,1,0.5,0.645707916853427,0.9131459773317938,False,240,60
trametinib,lineage,3,ACH-000210,bone,1.263687622633695,0.8703705603548293,0.5679121009292883,1.1728290197803704,0.0,0.4380943685127776,0,0.5,0.645707916853427,0.9131459773317938,False,240,60
trametinib,lineage,3,ACH-000589,lung,0.7594072598137,0.8223349526867836,0.5198764932612426,1.1247934121123246,,0.4341247809013871,0,0.5,0.645707916853427,0.9131459773317938,False,240,60
trametinib,lineage,3,ACH-000957,bowel,0.595427988642162,0.7194615251180726,0.41700306569253165,1.0219199845436135,1.0,0.5476534586917118,1,0.5,0.645707916853427,0.9131459773317938,False,240,60
trametinib,lineage,3,ACH-000974,uterus,1.28300022172466,0.9636201511556289,0.661161691730088,1.2660786105811699,0.0,0.40509753639470714,0,0.5,0.645707916853427,0.9131459773317938,False,240,60
trametinib,lineage,3,ACH-000527,ovary/fallopian tube,1.19007798797255,0.847747669948975,0.545289210523434,1.1502061293745158,0.0,0.41864346518130136,0,0.5,0.645707916853427,0.9131459773317938,False,240,60
trametinib,lineage,3,ACH-000433,kidney,0.8130719471416161,0.8610538711554265,0.5585954117298856,1.1635123305809674,,0.4714392062463564,0,0.5,0.645707916853427,0.9131459773317938,False,240,60
trametinib,lineage,3,ACH-000696,ovary/fallopian tube,0.9052541876701445,0.847747669948975,0.545289210523434,1.1502061293745158,,0.41864346518130136,0,0.5,0.645707916853427,0.9131459773317938,False,240,60
trametinib,lineage,3,ACH-000323,cns/brain,0.8363397681672484,0.8778088719814743,0.5753504125559333,1.1802673314070153,,0.41864346518130136,0,0.5,0.645707916853427,0.9131459773317938,False,240,60
trametinib,lineage,3,ACH-000021,lung,0.852311702175501,0.8223349526867836,0.5198764932612426,1.1247934121123246,,0.4341247809013871,0,0.5,0.645707916853427,0.9131459773317938,False,240,60
trametinib,lineage,3,ACH-000845,lung,0.6954081958547632,0.8223349526867836,0.5198764932612426,1.1247934121123246,,0.4341247809013871,0,0.5,0.645707916853427,0.9131459773317938,False,240,60
trametinib,lineage,3,ACH-000783,breast,1.187653953106315,0.87278086106432,0.570322401638779,1.1752393204898608,0.0,0.4112771357681153,0,0.5,0.645707916853427,0.9131459773317938,False,240,60
trametinib,lineage,3,ACH-000976,biliary tract,0.4670583032724829,0.8637529679394669,0.5612945085139259,1.166211427365008,1.0,0.46020795839118195,0,0.5,0.645707916853427,0.9131459773317938,False,240,60
trametinib,lineage,3,ACH-000994,uterus,0.964145073869596,0.9636201511556289,0.661161691730088,1.2660786105811699,0.0,0.40509753639470714,0,0.5,0.645707916853427,0.9131459773317938,False,240,60
trametinib,lineage,3,ACH-000810,skin,0.43170210474877485,0.5668080052604155,0.2643495458348746,0.8692664646859565,1.0,0.6320453082185719,1,0.5,0.645707916853427,0.9131459773317938,False,240,60
trametinib,lineage,3,ACH-000759,breast,0.6116427569546663,0.87278086106432,0.570322401638779,1.1752393204898608,1.0,0.4112771357681153,0,0.5,0.645707916853427,0.9131459773317938,False,240,60
trametinib,lineage,3,ACH-000693,esophagus/stomach,0.929121377731253,0.7789499400647095,0.4764914806391686,1.0814083994902504,0.0,0.5182479439311035,1,0.5,0.645707916853427,0.9131459773317938,False,240,60
trametinib,lineage,3,ACH-000137,cns/brain,0.8991887683727595,0.8778088719814743,0.5753504125559333,1.1802673314070153,,0.41864346518130136,0,0.5,0.645707916853427,0.9131459773317938,False,240,60
trametinib,lineage,3,ACH-000837,lung,0.6987175431448613,0.8223349526867836,0.5198764932612426,1.1247934121123246,,0.4341247809013871,0,0.5,0.645707916853427,0.9131459773317938,False,240,60
trametinib,lineage,3,ACH-000048,ovary/fallopian tube,0.7735073046245242,0.847747669948975,0.545289210523434,1.1502061293745158,,0.41864346518130136,0,0.5,0.645707916853427,0.9131459773317938,False,240,60
trametinib,lineage,3,ACH-000147,breast,1.15695119678906,0.87278086106432,0.570322401638779,1.1752393204898608,0.0,0.4112771357681153,0,0.5,0.645707916853427,0.9131459773317938,False,240,60
trametinib,lineage,3,ACH-000473,bladder/urinary tract,0.4980349102164936,0.7204766094891563,0.4180181500636153,1.0229350689146972,1.0,0.5476534586917118,1,0.5,0.645707916853427,0.9131459773317938,False,240,60
trametinib,lineage,3,ACH-000657,ovary/fallopian tube,0.544069317622124,0.847747669948975,0.545289210523434,1.1502061293745158,1.0,0.41864346518130136,0,0.5,0.645707916853427,0.9131459773317938,False,240,60
trametinib,lineage,3,ACH-000280,ovary/fallopian tube,0.6613396926254165,0.847747669948975,0.545289210523434,1.1502061293745158,,0.41864346518130136,0,0.5,0.645707916853427,0.9131459773317938,False,240,60
trametinib,lineage,3,ACH-000493,liver,0.9171146758403426,0.7564633539386231,0.4540048945130821,1.058921813364164,0.0,0.5232819692304918,1,0.5,0.645707916853427,0.9131459773317938,False,240,60
trametinib,lineage,3,ACH-000416,lung,0.924742214332655,0.8223349526867836,0.5198764932612426,1.1247934121123246,0.0,0.4341247809013871,0,0.5,0.645707916853427,0.9131459773317938,False,240,60
trametinib,lineage,3,ACH-000401,skin,0.42608782566606773,0.5668080052604155,0.2643495458348746,0.8692664646859565,1.0,0.6320453082185719,1,0.5,0.645707916853427,0.9131459773317938,False,240,60
trametinib,lineage,3,ACH-000948,esophagus/stomach,0.7579565219650961,0.7789499400647095,0.4764914806391686,1.0814083994902504,,0.5182479439311035,1,0.5,0.645707916853427,0.9131459773317938,False,240,60
trametinib,lineage,3,ACH-000311,lung,0.6422569160638978,0.8223349526867836,0.5198764932612426,1.1247934121123246,1.0,0.4341247809013871,0,0.5,0.645707916853427,0.9131459773317938,False,240,60
trametinib,lineage,3,ACH-000062,lung,0.8680130889687372,0.8223349526867836,0.5198764932612426,1.1247934121123246,,0.4341247809013871,0,0.5,0.645707916853427,0.9131459773317938,False,240,60
trametinib,lineage,3,ACH-000427,esophagus/stomach,0.870621755003153,0.7789499400647095,0.4764914806391686,1.0814083994902504,,0.5182479439311035,1,0.5,0.645707916853427,0.9131459773317938,False,240,60
trametinib,lineage,3,ACH-000682,head and neck,0.6207959721226883,0.6743750816629495,0.3719166222374085,0.9768335410884904,1.0,0.5864004931007468,1,0.5,0.645707916853427,0.9131459773317938,False,240,60
trametinib,lineage,3,ACH-000521,lung,0.8019583963044761,0.8223349526867836,0.5198764932612426,1.1247934121123246,,0.4341247809013871,0,0.5,0.645707916853427,0.9131459773317938,False,240,60
trametinib,lineage,3,ACH-000023,pancreas,0.8823204446373745,0.676810196321042,0.37435173689550105,0.979268655746583,,0.6118552111290522,1,0.5,0.645707916853427,0.9131459773317938,False,240,60
trametinib,lineage,3,ACH-000471,liver,0.7412568979232748,0.7564633539386231,0.4540048945130821,1.058921813364164,,0.5232819692304918,1,0.5,0.645707916853427,0.9131459773317938,False,240,60
trametinib,lineage,3,ACH-000030,lung,0.8246519557150194,0.8223349526867836,0.5198764932612426,1.1247934121123246,,0.4341247809013871,0,0.5,0.645707916853427,0.9131459773317938,False,240,60
trametinib,lineage,3,ACH-000796,ovary/fallopian tube,0.5693632516617531,0.847747669948975,0.545289210523434,1.1502061293745158,1.0,0.41864346518130136,0,0.5,0.645707916853427,0.9131459773317938,False,240,60
trametinib,lineage,3,ACH-000788,skin,0.858083141190254,0.5668080052604155,0.2643495458348746,0.8692664646859565,,0.6320453082185719,1,0.5,0.645707916853427,0.9131459773317938,False,240,60
trametinib,lineage,3,ACH-000542,ovary/fallopian tube,0.7544781445737978,0.847747669948975,0.545289210523434,1.1502061293745158,,0.41864346518130136,0,0.5,0.645707916853427,0.9131459773317938,False,240,60
trametinib,lineage,3,ACH-000015,lung,0.8314600754731885,0.8223349526867836,0.5198764932612426,1.1247934121123246,,0.4341247809013871,0,0.5,0.645707916853427,0.9131459773317938,False,240,60
trametinib,lineage,3,ACH-000288,breast,0.9046241059637661,0.87278086106432,0.570322401638779,1.1752393204898608,,0.4112771357681153,0,0.5,0.645707916853427,0.9131459773317938,False,240,60
trametinib,lineage,3,ACH-000996,uterus,0.8292806599771706,0.9636201511556289,0.661161691730088,1.2660786105811699,,0.40509753639470714,0,0.5,0.645707916853427,0.9131459773317938,False,240,60
trametinib,lineage,3,ACH-000046,kidney,0.631241054131322,0.8610538711554265,0.5585954117298856,1.1635123305809674,1.0,0.4714392062463564,0,0.5,0.645707916853427,0.9131459773317938,False,240,60
trametinib,elastic_net,3,ACH-000785,lung,0.9247142504112025,0.8530413365277669,0.5364449822120976,1.1696376908434363,0.0,0.6642984990959606,1,0.5,0.645707916853427,0.9131459773317938,False,240,60
trametinib,elastic_net,3,ACH-000276,breast,1.0914636060562901,0.8620767761253441,0.5454804218096747,1.1786731304410134,0.0,0.4014900528838498,0,0.5,0.645707916853427,0.9131459773317938,False,240,60
trametinib,elastic_net,3,ACH-000880,esophagus/stomach,0.4035752290776759,0.6964263950836092,0.3798300407679398,1.0130227493992785,1.0,0.7633557926918271,1,0.5,0.645707916853427,0.9131459773317938,False,240,60
trametinib,elastic_net,3,ACH-000441,skin,0.40989460726312354,0.6885466730127,0.37195031869703066,1.0051430273283692,1.0,0.7753166830391499,1,0.5,0.645707916853427,0.9131459773317938,False,240,60
trametinib,elastic_net,3,ACH-000019,breast,0.9368238115335841,0.814049871196813,0.4974535168811437,1.1306462255124825,0.0,0.2762432009917189,0,0.5,0.645707916853427,0.9131459773317938,False,240,60
trametinib,elastic_net,3,ACH-000848,liver,0.87742873560529,0.8436106791793254,0.5270143248636561,1.1602070334949948,,0.7680782507197784,1,0.5,0.645707916853427,0.9131459773317938,False,240,60
trametinib,elastic_net,3,ACH-000544,esophagus/stomach,0.6877229260164959,0.6815625637485275,0.3649662094328582,0.9981589180641969,,0.7803883957389716,1,0.5,0.645707916853427,0.9131459773317938,False,240,60
trametinib,elastic_net,3,ACH-000711,breast,0.781835087287684,0.8753147593781344,0.5587184050624651,1.1919111136938039,,0.31891247502502823,0,0.5,0.645707916853427,0.9131459773317938,False,240,60
trametinib,elastic_net,3,ACH-000012,lung,0.903595641852748,0.8560974741553448,0.5395011198396754,1.1726938284710142,,0.2797353407507783,0,0.5,0.645707916853427,0.9131459773317938,False,240,60
trametinib,elastic_net,3,ACH-000164,pancreas,0.963205098559988,0.8280376437144519,0.5114412893987825,1.1446339980301212,0.0,0.45534361780195326,0,0.5,0.645707916853427,0.9131459773317938,False,240,60
trametinib,elastic_net,3,ACH-000329,cns/brain,0.938896572069584,0.8216413017952195,0.5050449474795502,1.138237656110889,0.0,0.2755010277527016,0,0.5,0.645707916853427,0.9131459773317938,False,240,60
trametinib,elastic_net,3,ACH-000324,ovary/fallopian tube,0.641931613472895,0.8313412906160953,0.514744936300426,1.1479376449317646,1.0,0.27433098056291133,0,0.5,0.645707916853427,0.9131459773317938,False,240,60
trametinib,elastic_net,3,ACH-000842,bowel,0.584256956810902,0.6688420895228429,0.3522457352071735,0.9854384438385122,1.0,0.7834937542599184,1,0.5,0.645707916853427,0.9131459773317938,False,240,60
trametinib,elastic_net,3,ACH-000681,lung,0.5107811104961396,0.8741616203865734,0.5575652660709041,1.1907579747022428,1.0,0.5368227063807671,1,0.5,0.645707916853427,0.9131459773317938,False,240,60
trametinib,elastic_net,3,ACH-000484,kidney,0.9426752496925606,0.8680137296003659,0.5514173752846966,1.1846100839160352,0.0,0.2723690831817194,0,0.5,0.645707916853427,0.9131459773317938,False,240,60
trametinib,elastic_net,3,ACH-000108,pancreas,0.758772516782312,0.8342653108813145,0.5176689565656452,1.1508616651969839,,0.45427910841588615,0,0.5,0.645707916853427,0.9131459773317938,False,240,60
trametinib,elastic_net,3,ACH-000163,head and neck,0.5936032534125646,0.8167972791774443,0.5002009248617749,1.1333936334931136,1.0,0.3174938792564775,0,0.5,0.645707916853427,0.9131459773317938,False,240,60
trametinib,elastic_net,3,ACH-000391,bone,1.55040708398468,0.8406417525308845,0.5240453982152151,1.1572381068465538,0.0,0.27623724852073256,0,0.5,0.645707916853427,0.9131459773317938,False,240,60
trametinib,elastic_net,3,ACH-000901,lung,1.0198858705355265,0.8117975944386233,0.49520124012295397,1.1283939487542927,0.0,0.4174888052379851,0,0.5,0.645707916853427,0.9131459773317938,False,240,60
trametinib,elastic_net,3,ACH-000836,head and neck,0.6878774339445008,0.7003781134534369,0.3837817591377676,1.0169744677691064,,0.7058475079982037,1,0.5,0.645707916853427,0.9131459773317938,False,240,60
trametinib,elastic_net,3,ACH-000671,liver,0.772693371541597,0.842028593685802,0.5254322393701326,1.1586249480014712,,0.5893199275628247,1,0.5,0.645707916853427,0.9131459773317938,False,240,60
trametinib,elastic_net,3,ACH-000318,esophagus/stomach,0.9129734022979801,0.7596330352367348,0.4430366809210654,1.0762293895524042,,0.6923357017303251,1,0.5,0.645707916853427,0.9131459773317938,False,240,60
trametinib,elastic_net,3,ACH-000924,lung,0.8901629576706035,0.9163548697339873,0.5997585154183179,1.2329512240496565,,0.2787091400078306,0,0.5,0.645707916853427,0.9131459773317938,False,240,60
trametinib,elastic_net,3,ACH-000361,liver,0.784763545650794,0.7341961710354435,0.4175998167197742,1.0507925253511128,,0.5574743228386694,1,0.5,0.645707916853427,0.9131459773317938,False,240,60
trametinib,elastic_net,3,ACH-000719,ovary/fallopian tube,0.8344643561256695,0.9117696815111163,0.5951733271954469,1.2283660358267856,,0.3256149610994554,0,0.5,0.645707916853427,0.9131459773317938,False,240,60
trametinib,elastic_net,3,ACH-000250,kidney,0.930349909930273,0.9519767299798468,0.6353803756641775,1.2685730842955163,0.0,0.2758245616994173,0,0.5,0.645707916853427,0.9131459773317938,False,240,60
trametinib,elastic_net,3,ACH-000188,head and neck,0.5866577351084081,0.6489632294603209,0.3323668751446516,0.9655595837759903,1.0,0.7833273782596915,1,0.5,0.645707916853427,0.9131459773317938,False,240,60
trametinib,elastic_net,3,ACH-000680,bowel,0.4670129665479314,0.7126019914151844,0.3960056370995151,1.0291983457308538,1.0,0.6473113216676712,1,0.5,0.645707916853427,0.9131459773317938,False,240,60
trametinib,elastic_net,3,ACH-000118,pancreas,0.4798615208492111,0.7266923891838186,0.4100960348681493,1.043288743499488,1.0,0.7778275551420079,1,0.5,0.645707916853427,0.9131459773317938,False,240,60
trametinib,elastic_net,3,ACH-000359,bone,0.8007684313762715,0.8704379164188856,0.5538415621032162,1.187034270734555,,0.29624244198467714,0,0.5,0.645707916853427,0.9131459773317938,False,240,60
trametinib,elastic_net,3,ACH-000652,pancreas,1.0,0.6964939869270861,0.37989763261141674,1.0130903412427554,0.0,0.7751665248197104,1,0.5,0.645707916853427,0.9131459773317938,False,240,60
trametinib,elastic_net,3,ACH-000753,bladder/urinary tract,0.7608781819049519,0.8675119339558379,0.5509155796401686,1.1841082882715073,,0.3001791386851923,0,0.5,0.645707916853427,0.9131459773317938,False,240,60
trametinib,elastic_net,3,ACH-000882,skin,0.6001697092867828,0.6383586217445874,0.321762267428918,0.9549549760602567,1.0,0.7470321354812718,1,0.5,0.645707916853427,0.9131459773317938,False,240,60
trametinib,elastic_net,3,ACH-000210,bone,1.263687622633695,0.8381697135502584,0.521573359234589,1.1547660678659277,0.0,0.28298672316445295,0,0.5,0.645707916853427,0.9131459773317938,False,240,60
trametinib,elastic_net,3,ACH-000589,lung,0.7594072598137,0.8366566030973551,0.5200602487816858,1.1532529574130246,,0.4852868255005413,0,0.5,0.645707916853427,0.9131459773317938,False,240,60
trametinib,elastic_net,3,ACH-000957,bowel,0.595427988642162,0.6811524742527526,0.36455611993708326,0.997748828568422,1.0,0.7115714054482097,1,0.5,0.645707916853427,0.9131459773317938,False,240,60
trametinib,elastic_net,3,ACH-000974,uterus,1.28300022172466,0.8727204412372864,0.5561240869216171,1.1893167955529558,0.0,0.2928772911950466,0,0.5,0.645707916853427,0.9131459773317938,False,240,60
trametinib,elastic_net,3,ACH-000527,ovary/fallopian tube,1.19007798797255,0.9354960049252572,0.6188996506095878,1.2520923592409265,0.0,0.27608735686563884,0,0.5,0.645707916853427,0.9131459773317938,False,240,60
trametinib,elastic_net,3,ACH-000433,kidney,0.8130719471416161,0.8762714035443044,0.5596750492286351,1.1928677578599738,,0.481632558984495,0,0.5,0.645707916853427,0.9131459773317938,False,240,60
trametinib,elastic_net,3,ACH-000696,ovary/fallopian tube,0.9052541876701445,0.9136074439536566,0.5970110896379872,1.230203798269326,,0.2812505199616357,0,0.5,0.645707916853427,0.9131459773317938,False,240,60
trametinib,elastic_net,3,ACH-000323,cns/brain,0.8363397681672484,0.984463622669821,0.6678672683541517,1.3010599769854903,,0.26952258383921135,0,0.5,0.645707916853427,0.9131459773317938,False,240,60
trametinib,elastic_net,3,ACH-000021,lung,0.852311702175501,0.9168438059652853,0.6002474516496159,1.2334401602809546,,0.2781209333231395,0,0.5,0.645707916853427,0.9131459773317938,False,240,60
trametinib,elastic_net,3,ACH-000845,lung,0.6954081958547632,0.7748099158760662,0.45821356156039683,1.0914062701917355,,0.5544614794177026,1,0.5,0.645707916853427,0.9131459773317938,False,240,60
trametinib,elastic_net,3,ACH-000783,breast,1.187653953106315,0.8839914359842396,0.5673950816685702,1.200587790299909,0.0,0.2946965154483142,0,0.5,0.645707916853427,0.9131459773317938,False,240,60
trametinib,elastic_net,3,ACH-000976,biliary tract,0.4670583032724829,0.6957104741077291,0.3791141197920598,1.0123068284233985,1.0,0.782221527637802,1,0.5,0.645707916853427,0.9131459773317938,False,240,60
trametinib,elastic_net,3,ACH-000994,uterus,0.964145073869596,0.860525039655241,0.5439286853395716,1.1771213939709102,0.0,0.27253013387896147,0,0.5,0.645707916853427,0.9131459773317938,False,240,60
trametinib,elastic_net,3,ACH-000810,skin,0.43170210474877485,0.5966834653453859,0.2800871110297165,0.9132798196610552,1.0,0.7823097886144157,1,0.5,0.645707916853427,0.9131459773317938,False,240,60
trametinib,elastic_net,3,ACH-000759,breast,0.6116427569546663,0.7317873444310999,0.4151909901154306,1.0483836987467692,1.0,0.7722901420848939,1,0.5,0.645707916853427,0.9131459773317938,False,240,60
trametinib,elastic_net,3,ACH-000693,esophagus/stomach,0.929121377731253,0.7847785270190454,0.46818217270337603,1.1013748813347148,0.0,0.7719567930529947,1,0.5,0.645707916853427,0.9131459773317938,False,240,60
trametinib,elastic_net,3,ACH-000137,cns/brain,0.8991887683727595,0.8121078188590131,0.4955114645433437,1.1287041731746825,,0.29002463077975665,0,0.5,0.645707916853427,0.9131459773317938,False,240,60
trametinib,elastic_net,3,ACH-000837,lung,0.6987175431448613,0.824958365779885,0.5083620114642157,1.1415547200955545,,0.34200636029539644,0,0.5,0.645707916853427,0.9131459773317938,False,240,60
trametinib,elastic_net,3,ACH-000048,ovary/fallopian tube,0.7735073046245242,0.9191438853338518,0.6025475310181825,1.2357402396495212,,0.28613759611828327,0,0.5,0.645707916853427,0.9131459773317938,False,240,60
trametinib,elastic_net,3,ACH-000147,breast,1.15695119678906,0.9654930283914183,0.6488966740757489,1.2820893827070876,0.0,0.2706893693797488,0,0.5,0.645707916853427,0.9131459773317938,False,240,60
trametinib,elastic_net,3,ACH-000473,bladder/urinary tract,0.4980349102164936,0.6616173970031408,0.34502104268747147,0.9782137513188102,1.0,0.7407349220912811,1,0.5,0.645707916853427,0.9131459773317938,False,240,60
trametinib,elastic_net,3,ACH-000657,ovary/fallopian tube,0.544069317622124,0.9223533810664469,0.6057570267507776,1.2389497353821164,1.0,0.33173662888108024,0,0.5,0.645707916853427,0.9131459773317938,False,240,60
trametinib,elastic_net,3,ACH-000280,ovary/fallopian tube,0.6613396926254165,0.8171505597565317,0.5005542054408624,1.133746914072201,,0.35317178309815883,0,0.5,0.645707916853427,0.9131459773317938,False,240,60
trametinib,elastic_net,3,ACH-000493,liver,0.9171146758403426,0.8986251510209637,0.5820287967052944,1.215221505336633,0.0,0.2734630614868365,0,0.5,0.645707916853427,0.9131459773317938,False,240,60
trametinib,elastic_net,3,ACH-000416,lung,0.924742214332655,0.9567890823655922,0.6401927280499229,1.2733854366812616,0.0,0.2894059997993988,0,0.5,0.645707916853427,0.9131459773317938,False,240,60
trametinib,elastic_net,3,ACH-000401,skin,0.42608782566606773,0.5785021610249648,0.2619058067092954,0.8950985153406341,1.0,0.7790414078467769,1,0.5,0.645707916853427,0.9131459773317938,False,240,60
trametinib,elastic_net,3,ACH-000948,esophagus/stomach,0.7579565219650961,0.7739935240190956,0.45739716970342625,1.090589878334765,,0.5422575748796752,1,0.5,0.645707916853427,0.9131459773317938,False,240,60
trametinib,elastic_net,3,ACH-000311,lung,0.6422569160638978,0.7363671448267979,0.41977079051112853,1.0529634991424672,1.0,0.6493774409909588,1,0.5,0.645707916853427,0.9131459773317938,False,240,60
trametinib,elastic_net,3,ACH-000062,lung,0.8680130889687372,0.7543229395085439,0.43772658519287455,1.0709192938242134,,0.5417794472159205,1,0.5,0.645707916853427,0.9131459773317938,False,240,60
trametinib,elastic_net,3,ACH-000427,esophagus/stomach,0.870621755003153,0.7132573172913594,0.3966609629756901,1.0298536716070288,,0.7594988702851225,1,0.5,0.645707916853427,0.9131459773317938,False,240,60
trametinib,elastic_net,3,ACH-000682,head and neck,0.6207959721226883,0.6803092846886474,0.363712930372978,0.9969056390043167,1.0,0.5690671799387995,1,0.5,0.645707916853427,0.9131459773317938,False,240,60
trametinib,elastic_net,3,ACH-000521,lung,0.8019583963044761,0.856501682447557,0.5399053281318876,1.1730980367632262,,0.28944315194394277,0,0.5,0.645707916853427,0.9131459773317938,False,240,60
trametinib,elastic_net,3,ACH-000023,pancreas,0.8823204446373745,0.7761926965743258,0.4595963422586564,1.0927890508899951,,0.5875100275885311,1,0.5,0.645707916853427,0.9131459773317938,False,240,60
trametinib,elastic_net,3,ACH-000471,liver,0.7412568979232748,0.8195307185927234,0.5029343642770541,1.1361270729083928,,0.7736917286338488,1,0.5,0.645707916853427,0.9131459773317938,False,240,60
trametinib,elastic_net,3,ACH-000030,lung,0.8246519557150194,0.7626357808478836,0.4460394265322143,1.079232135163553,,0.6336477972073192,1,0.5,0.645707916853427,0.9131459773317938,False,240,60
trametinib,elastic_net,3,ACH-000796,ovary/fallopian tube,0.5693632516617531,0.6760326678182657,0.3594363135025963,0.992629022133935,1.0,0.7750862133818346,1,0.5,0.645707916853427,0.9131459773317938,False,240,60
trametinib,elastic_net,3,ACH-000788,skin,0.858083141190254,0.6053869021911367,0.2887905478754673,0.921983256506806,,0.7777191242077027,1,0.5,0.645707916853427,0.9131459773317938,False,240,60
trametinib,elastic_net,3,ACH-000542,ovary/fallopian tube,0.7544781445737978,0.7414075052748522,0.42481115095918287,1.0580038595905217,,0.5196811000102338,1,0.5,0.645707916853427,0.9131459773317938,False,240,60
trametinib,elastic_net,3,ACH-000015,lung,0.8314600754731885,0.8738361115249347,0.5572397572092653,1.190432465840604,,0.726869963885045,1,0.5,0.645707916853427,0.9131459773317938,False,240,60
trametinib,elastic_net,3,ACH-000288,breast,0.9046241059637661,0.9234591564302265,0.6068628021145571,1.2400555107458957,,0.28425085230185104,0,0.5,0.645707916853427,0.9131459773317938,False,240,60
trametinib,elastic_net,3,ACH-000996,uterus,0.8292806599771706,0.8484453175326462,0.5318489632169768,1.1650416718483156,,0.2943906530763344,0,0.5,0.645707916853427,0.9131459773317938,False,240,60
trametinib,elastic_net,3,ACH-000046,kidney,0.631241054131322,0.9328312775244949,0.6162349232088256,1.2494276318401643,1.0,0.2803248958790464,0,0.5,0.645707916853427,0.9131459773317938,False,240,60
trametinib,xgboost,3,ACH-000785,lung,0.9247142504112025,0.7981226444244385,0.5073592922823784,1.0888859965664985,0.0,0.5052053242070083,1,0.5,0.645707916853427,0.9131459773317938,False,240,60
trametinib,xgboost,3,ACH-000276,breast,1.0914636060562901,0.8709931373596191,0.5802297852175591,1.1617564895016792,0.0,0.3662535753023226,0,0.5,0.645707916853427,0.9131459773317938,False,240,60
trametinib,xgboost,3,ACH-000880,esophagus/stomach,0.4035752290776759,0.7890694737434387,0.49830612160137866,1.0798328258854988,1.0,0.6447340256867534,1,0.5,0.645707916853427,0.9131459773317938,False,240,60
trametinib,xgboost,3,ACH-000441,skin,0.40989460726312354,0.6945213675498962,0.4037580154078362,0.9852847196919563,1.0,0.6040278219334473,1,0.5,0.645707916853427,0.9131459773317938,False,240,60
trametinib,xgboost,3,ACH-000019,breast,0.9368238115335841,0.8922661542892456,0.6015028021471855,1.1830295064313057,0.0,0.44015316399342624,0,0.5,0.645707916853427,0.9131459773317938,False,240,60
trametinib,xgboost,3,ACH-000848,liver,0.87742873560529,0.8524182438850403,0.5616548917429802,1.1431815960271003,,0.4442361078999698,0,0.5,0.645707916853427,0.9131459773317938,False,240,60
trametinib,xgboost,3,ACH-000544,esophagus/stomach,0.6877229260164959,0.6692376732826233,0.37847432114056323,0.9600010254246834,,0.6708235144806265,1,0.5,0.645707916853427,0.9131459773317938,False,240,60
trametinib,xgboost,3,ACH-000711,breast,0.781835087287684,0.8797559142112732,0.5889925620692131,1.1705192663533333,,0.39612378366454987,0,0.5,0.645707916853427,0.9131459773317938,False,240,60
trametinib,xgboost,3,ACH-000012,lung,0.903595641852748,0.7725936770439148,0.48183032490185473,1.0633570291859749,,0.4411493481110076,0,0.5,0.645707916853427,0.9131459773317938,False,240,60
trametinib,xgboost,3,ACH-000164,pancreas,0.963205098559988,0.7727581858634949,0.4819948337214348,1.063521538005555,0.0,0.5024561959516898,1,0.5,0.645707916853427,0.9131459773317938,False,240,60
trametinib,xgboost,3,ACH-000329,cns/brain,0.938896572069584,0.9288254976272583,0.6380621454851982,1.2195888497693184,0.0,0.3492854458591735,0,0.5,0.645707916853427,0.9131459773317938,False,240,60
trametinib,xgboost,3,ACH-000324,ovary/fallopian tube,0.641931613472895,0.8675048351287842,0.5767414829867241,1.1582681872708442,1.0,0.37249142120724194,0,0.5,0.645707916853427,0.9131459773317938,False,240,60
trametinib,xgboost,3,ACH-000842,bowel,0.584256956810902,0.699652910232544,0.4088895580904839,0.990416262374604,1.0,0.6479157931039028,1,0.5,0.645707916853427,0.9131459773317938,False,240,60
trametinib,xgboost,3,ACH-000681,lung,0.5107811104961396,0.8301841616630554,0.5394208095209954,1.1209475138051155,1.0,0.3712440580418071,0,0.5,0.645707916853427,0.9131459773317938,False,240,60
trametinib,xgboost,3,ACH-000484,kidney,0.9426752496925606,0.778201699256897,0.4874383471148369,1.068965051398957,0.0,0.3623231956950998,0,0.5,0.645707916853427,0.9131459773317938,False,240,60
trametinib,xgboost,3,ACH-000108,pancreas,0.758772516782312,0.7631158232688904,0.4723524711268303,1.0538791754109504,,0.5391860626382269,1,0.5,0.645707916853427,0.9131459773317938,False,240,60
trametinib,xgboost,3,ACH-000163,head and neck,0.5936032534125646,0.8182902336120605,0.5275268814700005,1.1090535857541206,1.0,0.4136899949086171,0,0.5,0.645707916853427,0.9131459773317938,False,240,60
trametinib,xgboost,3,ACH-000391,bone,1.55040708398468,0.8311336040496826,0.5403702519076226,1.1218969561917427,0.0,0.3920985063971755,0,0.5,0.645707916853427,0.9131459773317938,False,240,60
trametinib,xgboost,3,ACH-000901,lung,1.0198858705355265,0.8078510761260986,0.5170877239840386,1.0986144282681587,0.0,0.4324594761676165,0,0.5,0.645707916853427,0.9131459773317938,False,240,60
trametinib,xgboost,3,ACH-000836,head and neck,0.6878774339445008,0.7128698229789734,0.42210647083691333,1.0036331751210334,,0.6317439709365374,1,0.5,0.645707916853427,0.9131459773317938,False,240,60
trametinib,xgboost,3,ACH-000671,liver,0.772693371541597,0.8402959704399109,0.5495326182978508,1.131059322581971,,0.5842141469011016,1,0.5,0.645707916853427,0.9131459773317938,False,240,60
trametinib,xgboost,3,ACH-000318,esophagus/stomach,0.9129734022979801,0.7373707294464111,0.44660737730435107,1.0281340815884712,,0.526821852704142,1,0.5,0.645707916853427,0.9131459773317938,False,240,60
trametinib,xgboost,3,ACH-000924,lung,0.8901629576706035,0.9301673173904419,0.6394039652483818,1.220930669532502,,0.343988706562404,0,0.5,0.645707916853427,0.9131459773317938,False,240,60
trametinib,xgboost,3,ACH-000361,liver,0.784763545650794,0.7286797165870667,0.4379163644450066,1.0194430687291267,,0.4760260119042676,0,0.5,0.645707916853427,0.9131459773317938,False,240,60
trametinib,xgboost,3,ACH-000719,ovary/fallopian tube,0.8344643561256695,0.8642078638076782,0.5734445116656182,1.1549712159497383,,0.43180108387685423,0,0.5,0.645707916853427,0.9131459773317938,False,240,60
trametinib,xgboost,3,ACH-000250,kidney,0.930349909930273,0.8490464091300964,0.5582830569880364,1.1398097612721565,0.0,0.3561729688148453,0,0.5,0.645707916853427,0.9131459773317938,False,240,60
trametinib,xgboost,3,ACH-000188,head and neck,0.5866577351084081,0.6612805128097534,0.37051716066769336,0.9520438649518135,1.0,0.6810970705047241,1,0.5,0.645707916853427,0.9131459773317938,False,240,60
trametinib,xgboost,3,ACH-000680,bowel,0.4670129665479314,0.6755606532096863,0.3847973010676262,0.9663240053517463,1.0,0.6067925921170699,1,0.5,0.645707916853427,0.9131459773317938,False,240,60
trametinib,xgboost,3,ACH-000118,pancreas,0.4798615208492111,0.6568610668182373,0.36609771467617724,0.9476244189602974,1.0,0.6202327484156194,1,0.5,0.645707916853427,0.9131459773317938,False,240,60
trametinib,xgboost,3,ACH-000359,bone,0.8007684313762715,0.8936925530433655,0.6029292009013054,1.1844559051854255,,0.34910805972969094,0,0.5,0.645707916853427,0.9131459773317938,False,240,60
trametinib,xgboost,3,ACH-000652,pancreas,1.0,0.6889655590057373,0.39820220686367724,0.9797289111477974,0.0,0.5731180610825052,1,0.5,0.645707916853427,0.9131459773317938,False,240,60
trametinib,xgboost,3,ACH-000753,bladder/urinary tract,0.7608781819049519,0.8763952851295471,0.5856319329874871,1.1671586372716072,,0.37896634960909337,0,0.5,0.645707916853427,0.9131459773317938,False,240,60
trametinib,xgboost,3,ACH-000882,skin,0.6001697092867828,0.6442177295684814,0.3534543774264214,0.9349810817105415,1.0,0.6029901866167904,1,0.5,0.645707916853427,0.9131459773317938,False,240,60
trametinib,xgboost,3,ACH-000210,bone,1.263687622633695,0.9005131125450134,0.6097497604029534,1.1912764646870735,0.0,0.3587201104315847,0,0.5,0.645707916853427,0.9131459773317938,False,240,60
trametinib,xgboost,3,ACH-000589,lung,0.7594072598137,0.8610415458679199,0.5702781937258599,1.15180489800998,,0.42446791582329124,0,0.5,0.645707916853427,0.9131459773317938,False,240,60
trametinib,xgboost,3,ACH-000957,bowel,0.595427988642162,0.646990180015564,0.3562268278735039,0.937753532157624,1.0,0.5784194304464155,1,0.5,0.645707916853427,0.9131459773317938,False,240,60
trametinib,xgboost,3,ACH-000974,uterus,1.28300022172466,0.8714378476142883,0.5806744954722283,1.1622011997563484,0.0,0.47151639713989413,0,0.5,0.645707916853427,0.9131459773317938,False,240,60
trametinib,xgboost,3,ACH-000527,ovary/fallopian tube,1.19007798797255,0.9209855198860168,0.6302221677439568,1.211748872028077,0.0,0.3858707082533207,0,0.5,0.645707916853427,0.9131459773317938,False,240,60
trametinib,xgboost,3,ACH-000433,kidney,0.8130719471416161,0.901455283164978,0.610691931022918,1.192218635307038,,0.349284665143344,0,0.5,0.645707916853427,0.9131459773317938,False,240,60
trametinib,xgboost,3,ACH-000696,ovary/fallopian tube,0.9052541876701445,0.9476531147956848,0.6568897626536248,1.2384164669377449,,0.3222734315799928,0,0.5,0.645707916853427,0.9131459773317938,False,240,60
trametinib,xgboost,3,ACH-000323,cns/brain,0.8363397681672484,0.9491275548934937,0.6583642027514336,1.2398909070355537,,0.3412732125766346,0,0.5,0.645707916853427,0.9131459773317938,False,240,60
trametinib,xgboost,3,ACH-000021,lung,0.852311702175501,0.8776432275772095,0.5868798754351494,1.1684065797192695,,0.3964343158153658,0,0.5,0.645707916853427,0.9131459773317938,False,240,60
trametinib,xgboost,3,ACH-000845,lung,0.6954081958547632,0.7502421736717224,0.45947882152966235,1.0410055258137825,,0.5569710638326149,1,0.5,0.645707916853427,0.9131459773317938,False,240,60
trametinib,xgboost,3,ACH-000783,breast,1.187653953106315,0.9505940079689026,0.6598306558268425,1.2413573601109626,0.0,0.3547120299028516,0,0.5,0.645707916853427,0.9131459773317938,False,240,60
trametinib,xgboost,3,ACH-000976,biliary tract,0.4670583032724829,0.5751578211784363,0.2843944690363762,0.8659211733204963,1.0,0.6899586970124243,1,0.5,0.645707916853427,0.9131459773317938,False,240,60
trametinib,xgboost,3,ACH-000994,uterus,0.964145073869596,0.9059029221534729,0.6151395700114128,1.196666274295533,0.0,0.4037525828260983,0,0.5,0.645707916853427,0.9131459773317938,False,240,60
trametinib,xgboost,3,ACH-000810,skin,0.43170210474877485,0.5800702571868896,0.2893069050448296,0.8708336093289497,1.0,0.7035376248640179,1,0.5,0.645707916853427,0.9131459773317938,False,240,60
trametinib,xgboost,3,ACH-000759,breast,0.6116427569546663,0.7742519378662109,0.4834885857241509,1.065015290008271,1.0,0.549042024254976,1,0.5,0.645707916853427,0.9131459773317938,False,240,60
trametinib,xgboost,3,ACH-000693,esophagus/stomach,0.929121377731253,0.6922299265861511,0.40146657444409106,0.9829932787282112,0.0,0.6193491865568648,1,0.5,0.645707916853427,0.9131459773317938,False,240,60
trametinib,xgboost,3,ACH-000137,cns/brain,0.8991887683727595,0.8017158508300781,0.5109524986880181,1.0924792029721382,,0.39288483576942257,0,0.5,0.645707916853427,0.9131459773317938,False,240,60
trametinib,xgboost,3,ACH-000837,lung,0.6987175431448613,0.8026317954063416,0.5118684432642815,1.0933951475484016,,0.4571830840264003,0,0.5,0.645707916853427,0.9131459773317938,False,240,60
trametinib,xgboost,3,ACH-000048,ovary/fallopian tube,0.7735073046245242,0.8159782886505127,0.5252149365084526,1.1067416407925728,,0.5003615772560015,1,0.5,0.645707916853427,0.9131459773317938,False,240,60
trametinib,xgboost,3,ACH-000147,breast,1.15695119678906,0.9744467735290527,0.6836834213869927,1.2652101256711128,0.0,0.3508000802629469,0,0.5,0.645707916853427,0.9131459773317938,False,240,60
trametinib,xgboost,3,ACH-000473,bladder/urinary tract,0.4980349102164936,0.7473757266998291,0.45661237455776904,1.0381390788418892,1.0,0.6090628524045082,1,0.5,0.645707916853427,0.9131459773317938,False,240,60
trametinib,xgboost,3,ACH-000657,ovary/fallopian tube,0.544069317622124,0.9072986245155334,0.6165352723734734,1.1980619766575935,1.0,0.48056898954756294,0,0.5,0.645707916853427,0.9131459773317938,False,240,60
trametinib,xgboost,3,ACH-000280,ovary/fallopian tube,0.6613396926254165,0.798811137676239,0.508047785534179,1.089574489818299,,0.36115604097566756,0,0.5,0.645707916853427,0.9131459773317938,False,240,60
trametinib,xgboost,3,ACH-000493,liver,0.9171146758403426,0.8729511499404907,0.5821877977984307,1.1637145020825508,0.0,0.3324812549086989,0,0.5,0.645707916853427,0.9131459773317938,False,240,60
trametinib,xgboost,3,ACH-000416,lung,0.924742214332655,0.8985257148742676,0.6077623627322075,1.1892890670163276,0.0,0.3736691730721021,0,0.5,0.645707916853427,0.9131459773317938,False,240,60
trametinib,xgboost,3,ACH-000401,skin,0.42608782566606773,0.559315025806427,0.26855167366436694,0.8500783779484871,1.0,0.6801938731099961,1,0.5,0.645707916853427,0.9131459773317938,False,240,60
trametinib,xgboost,3,ACH-000948,esophagus/stomach,0.7579565219650961,0.8268507122993469,0.5360873601572869,1.117614064441407,,0.4788643129652345,0,0.5,0.645707916853427,0.9131459773317938,False,240,60
trametinib,xgboost,3,ACH-000311,lung,0.6422569160638978,0.7141770720481873,0.4234137199061272,1.0049404241902473,1.0,0.3971537065202937,0,0.5,0.645707916853427,0.9131459773317938,False,240,60
trametinib,xgboost,3,ACH-000062,lung,0.8680130889687372,0.725390613079071,0.434627260937011,1.016153965221131,,0.6050458298363457,1,0.5,0.645707916853427,0.9131459773317938,False,240,60
trametinib,xgboost,3,ACH-000427,esophagus/stomach,0.870621755003153,0.7453733086585999,0.4546099565165398,1.03613666080066,,0.5767589867014049,1,0.5,0.645707916853427,0.9131459773317938,False,240,60
trametinib,xgboost,3,ACH-000682,head and neck,0.6207959721226883,0.7380307912826538,0.44726743914059375,1.0287941434247139,1.0,0.5391010105404642,1,0.5,0.645707916853427,0.9131459773317938,False,240,60
trametinib,xgboost,3,ACH-000521,lung,0.8019583963044761,0.8689113855361938,0.5781480333941338,1.159674737678254,,0.4008690016380423,0,0.5,0.645707916853427,0.9131459773317938,False,240,60
trametinib,xgboost,3,ACH-000023,pancreas,0.8823204446373745,0.7172412276268005,0.4264778754847405,1.0080045797688606,,0.5684485695070968,1,0.5,0.645707916853427,0.9131459773317938,False,240,60
trametinib,xgboost,3,ACH-000471,liver,0.7412568979232748,0.7716076970100403,0.4808443448679802,1.0623710491521003,,0.5239654609333804,1,0.5,0.645707916853427,0.9131459773317938,False,240,60
trametinib,xgboost,3,ACH-000030,lung,0.8246519557150194,0.7524943947792053,0.46173104263714526,1.0432577469212654,,0.4800915123495986,0,0.5,0.645707916853427,0.9131459773317938,False,240,60
trametinib,xgboost,3,ACH-000796,ovary/fallopian tube,0.5693632516617531,0.6148293614387512,0.32406600929669116,0.9055927135808113,1.0,0.6533846563813486,1,0.5,0.645707916853427,0.9131459773317938,False,240,60
trametinib,xgboost,3,ACH-000788,skin,0.858083141190254,0.5374900698661804,0.24672671772412036,0.8282534220082405,,0.6754869767607165,1,0.5,0.645707916853427,0.9131459773317938,False,240,60
trametinib,xgboost,3,ACH-000542,ovary/fallopian tube,0.7544781445737978,0.8118062615394592,0.5210429093973992,1.1025696136815193,,0.5135655084362828,1,0.5,0.645707916853427,0.9131459773317938,False,240,60
trametinib,xgboost,3,ACH-000015,lung,0.8314600754731885,0.7923418879508972,0.5015785358088372,1.0831052400929573,,0.4339099879248262,0,0.5,0.645707916853427,0.9131459773317938,False,240,60
trametinib,xgboost,3,ACH-000288,breast,0.9046241059637661,0.9200330972671509,0.6292697451250908,1.210796449409211,,0.34925619108378125,0,0.5,0.645707916853427,0.9131459773317938,False,240,60
trametinib,xgboost,3,ACH-000996,uterus,0.8292806599771706,0.8585248589515686,0.5677615068095085,1.1492882110936287,,0.44399346932557915,0,0.5,0.645707916853427,0.9131459773317938,False,240,60
trametinib,xgboost,3,ACH-000046,kidney,0.631241054131322,0.8548583984375,0.5640950462954399,1.14562175057956,1.0,0.3809683556432155,0,0.5,0.645707916853427,0.9131459773317938,False,240,60
trametinib,lineage,4,ACH-000528,lung,0.9269220300717465,0.8039276698393256,0.5015398951634169,1.1063154445152343,0.0,0.4712974990084262,0,0.5,0.6407189412099842,0.9136803828101596,False,240,60
trametinib,lineage,4,ACH-000570,cns/brain,0.8755819103625295,0.8825187066967208,0.5801309320208121,1.1849064813726295,,0.4446139346326592,0,0.5,0.6407189412099842,0.9136803828101596,False,240,60
trametinib,lineage,4,ACH-000421,bowel,0.8125753768803469,0.6581923404126435,0.3558045657367348,0.9605801150885522,,0.589232553981109,1,0.5,0.6407189412099842,0.9136803828101596,False,240,60
trametinib,lineage,4,ACH-000313,kidney,0.8520767670094365,0.9220098747677721,0.6196221000918634,1.2243976494436808,,0.4758279304525885,0,0.5,0.6407189412099842,0.9136803828101596,False,240,60
trametinib,lineage,4,ACH-000678,esophagus/stomach,0.7354566667547288,0.7529871779817141,0.4505994033058054,1.0553749526576228,,0.5411028368854289,1,0.5,0.6407189412099842,0.9136803828101596,False,240,60
trametinib,lineage,4,ACH-000117,breast,0.99891476841071,0.9073828356891338,0.6049950610132251,1.2097706103650425,0.0,0.4071401453955246,0,0.5,0.6407189412099842,0.9136803828101596,False,240,60
trametinib,lineage,4,ACH-000946,uterus,0.967022731074927,0.8945297066727677,0.5921419319968589,1.1969174813486765,0.0,0.45515854295222086,0,0.5,0.6407189412099842,0.9136803828101596,False,240,60
trametinib,lineage,4,ACH-000632,skin,0.4916258781143742,0.5959994817368062,0.29361170706089745,0.8983872564127149,1.0,0.6259131556498507,1,0.5,0.6407189412099842,0.9136803828101596,False,240,60
trametinib,lineage,4,ACH-000368,cns/brain,0.7256160042082902,0.8825187066967208,0.5801309320208121,1.1849064813726295,,0.4446139346326592,0,0.5,0.6407189412099842,0.9136803828101596,False,240,60
trametinib,lineage,4,ACH-000481,lung,0.9563633904430591,0.8039276698393256,0.5015398951634169,1.1063154445152343,0.0,0.4712974990084262,0,0.5,0.6407189412099842,0.9136803828101596,False,240,60
trametinib,lineage,4,ACH-000847,esophagus/stomach,0.8761037843909165,0.7529871779817141,0.4505994033058054,1.0553749526576228,,0.5411028368854289,1,0.5,0.6407189412099842,0.9136803828101596,False,240,60
trametinib,lineage,4,ACH-000749,lung,1.062859206418935,0.8039276698393256,0.5015398951634169,1.1063154445152343,0.0,0.4712974990084262,0,0.5,0.6407189412099842,0.9136803828101596,False,240,60
trametinib,lineage,4,ACH-000684,kidney,0.7817400242053663,0.9220098747677721,0.6196221000918634,1.2243976494436808,,0.4758279304525885,0,0.5,0.6407189412099842,0.9136803828101596,False,240,60
trametinib,lineage,4,ACH-000732,head and neck,0.5796547898368913,0.6520871418224675,0.3496993671465588,0.9544749164983762,1.0,0.6065817951068807,1,0.5,0.6407189412099842,0.9136803828101596,False,240,60
trametinib,lineage,4,ACH-000231,cns/brain,0.882866247302525,0.8825187066967208,0.5801309320208121,1.1849064813726295,,0.4446139346326592,0,0.5,0.6407189412099842,0.9136803828101596,False,240,60
trametinib,lineage,4,ACH-000945,lung,0.920238658518575,0.8039276698393256,0.5015398951634169,1.1063154445152343,0.0,0.4712974990084262,0,0.5,0.6407189412099842,0.9136803828101596,False,240,60
trametinib,lineage,4,ACH-000819,cns/brain,0.741683330279552,0.8825187066967208,0.5801309320208121,1.1849064813726295,,0.4446139346326592,0,0.5,0.6407189412099842,0.9136803828101596,False,240,60
trametinib,lineage,4,ACH-000022,pancreas,0.6414098042745424,0.7198056383142517,0.417417863638343,1.0221934129901604,,0.5530572956900567,1,0.5,0.6407189412099842,0.9136803828101596,False,240,60
trametinib,lineage,4,ACH-000437,cns/brain,0.8874105662813376,0.8825187066967208,0.5801309320208121,1.1849064813726295,,0.4446139346326592,0,0.5,0.6407189412099842,0.9136803828101596,False,240,60
trametinib,lineage,4,ACH-000736,esophagus/stomach,0.8313021517258735,0.7529871779817141,0.4505994033058054,1.0553749526576228,,0.5411028368854289,1,0.5,0.6407189412099842,0.9136803828101596,False,240,60
trametinib,lineage,4,ACH-000235,pancreas,0.5852931477973932,0.7198056383142517,0.417417863638343,1.0221934129901604,1.0,0.5530572956900567,1,0.5,0.6407189412099842,0.9136803828101596,False,240,60
trametinib,lineage,4,ACH-000713,ovary/fallopian tube,0.9082887683373102,0.8179325812341763,0.5155448065582676,1.120320355910085,,0.5075904050760259,1,0.5,0.6407189412099842,0.9136803828101596,False,240,60
trametinib,lineage,4,ACH-000670,lung,0.8720076017372496,0.8039276698393256,0.5015398951634169,1.1063154445152343,,0.4712974990084262,0,0.5,0.6407189412099842,0.9136803828101596,False,240,60
trametinib,lineage,4,ACH-000947,ovary/fallopian tube,0.7347518221496729,0.8179325812341763,0.5155448065582676,1.120320355910085,,0.5075904050760259,1,0.5,0.6407189412099842,0.9136803828101596,False,240,60
trametinib,lineage,4,ACH-000476,liver,0.8828712836917094,0.773128892156377,0.4707411174804683,1.0755166668322858,,0.4898622811712127,0,0.5,0.6407189412099842,0.9136803828101596,False,240,60
trametinib,lineage,4,ACH-000479,cns/brain,0.872994573912748,0.8825187066967208,0.5801309320208121,1.1849064813726295,,0.4446139346326592,0,0.5,0.6407189412099842,0.9136803828101596,False,240,60
trametinib,lineage,4,ACH-000618,head and neck,0.8745293183913031,0.6520871418224675,0.3496993671465588,0.9544749164983762,,0.6065817951068807,1,0.5,0.6407189412099842,0.9136803828101596,False,240,60
trametinib,lineage,4,ACH-000614,skin,0.5162010054237284,0.5959994817368062,0.29361170706089745,0.8983872564127149,1.0,0.6259131556498507,1,0.5,0.6407189412099842,0.9136803828101596,False,240,60
trametinib,lineage,4,ACH-000014,skin,0.6078777182927895,0.5959994817368062,0.29361170706089745,0.8983872564127149,1.0,0.6259131556498507,1,0.5,0.6407189412099842,0.9136803828101596,False,240,60
trametinib,lineage,4,ACH-000265,pancreas,0.7728340010462288,0.7198056383142517,0.417417863638343,1.0221934129901604,,0.5530572956900567,1,0.5,0.6407189412099842,0.9136803828101596,False,240,60
trametinib,lineage,4,ACH-000132,ovary/fallopian tube,0.942843678118287,0.8179325812341763,0.5155448065582676,1.120320355910085,0.0,0.5075904050760259,1,0.5,0.6407189412099842,0.9136803828101596,False,240,60
trametinib,lineage,4,ACH-000504,cns/brain,0.8284163147664968,0.8825187066967208,0.5801309320208121,1.1849064813726295,,0.4446139346326592,0,0.5,0.6407189412099842,0.9136803828101596,False,240,60
trametinib,lineage,4,ACH-000375,kidney,0.8029460362982068,0.9220098747677721,0.6196221000918634,1.2243976494436808,,0.4758279304525885,0,0.5,0.6407189412099842,0.9136803828101596,False,240,60
trametinib,lineage,4,ACH-000688,ovary/fallopian tube,0.674982207339223,0.8179325812341763,0.5155448065582676,1.120320355910085,,0.5075904050760259,1,0.5,0.6407189412099842,0.9136803828101596,False,240,60
trametinib,lineage,4,ACH-000826,lung,0.7459234865491503,0.8039276698393256,0.5015398951634169,1.1063154445152343,,0.4712974990084262,0,0.5,0.6407189412099842,0.9136803828101596,False,240,60
trametinib,lineage,4,ACH-000721,breast,0.6120483931142324,0.9073828356891338,0.6049950610132251,1.2097706103650425,1.0,0.4071401453955246,0,0.5,0.6407189412099842,0.9136803828101596,False,240,60
trametinib,lineage,4,ACH-000648,pleura,1.0527473988757698,0.965723833776087,0.6633360591001782,1.2681116084519957,0.0,0.42994927546210737,0,0.5,0.6407189412099842,0.9136803828101596,False,240,60
trametinib,lineage,4,ACH-000367,pleura,0.834738355620661,0.965723833776087,0.6633360591001782,1.2681116084519957,,0.42994927546210737,0,0.5,0.6407189412099842,0.9136803828101596,False,240,60
trametinib,lineage,4,ACH-000099,peripheral nervous system,0.7919667808896321,0.7380447331295242,0.4356569584536155,1.0404325078054328,,0.506164126033783,1,0.5,0.6407189412099842,0.9136803828101596,False,240,60
trametinib,lineage,4,ACH-000649,kidney,1.214968406770875,0.9220098747677721,0.6196221000918634,1.2243976494436808,0.0,0.4758279304525885,0,0.5,0.6407189412099842,0.9136803828101596,False,240,60
trametinib,lineage,4,ACH-000809,esophagus/stomach,0.6846442651883431,0.7529871779817141,0.4505994033058054,1.0553749526576228,,0.5411028368854289,1,0.5,0.6407189412099842,0.9136803828101596,False,240,60
trametinib,lineage,4,ACH-000060,pancreas,0.6958824747068597,0.7198056383142517,0.417417863638343,1.0221934129901604,,0.5530572956900567,1,0.5,0.6407189412099842,0.9136803828101596,False,240,60
trametinib,lineage,4,ACH-000762,head and neck,0.4661520179287081,0.6520871418224675,0.3496993671465588,0.9544749164983762,1.0,0.6065817951068807,1,0.5,0.6407189412099842,0.9136803828101596,False,240,60
trametinib,lineage,4,ACH-000694,esophagus/stomach,1.0558468053062,0.7529871779817141,0.4505994033058054,1.0553749526576228,0.0,0.5411028368854289,1,0.5,0.6407189412099842,0.9136803828101596,False,240,60
trametinib,lineage,4,ACH-000843,lung,0.7285484729652854,0.8039276698393256,0.5015398951634169,1.1063154445152343,,0.4712974990084262,0,0.5,0.6407189412099842,0.9136803828101596,False,240,60
trametinib,lineage,4,ACH-000905,bladder/urinary tract,0.5473464716533585,0.762430598060077,0.46004282338416824,1.0648183727359857,1.0,0.5262901520519989,1,0.5,0.6407189412099842,0.9136803828101596,False,240,60
trametinib,lineage,4,ACH-000516,bone,1.32200558486093,0.9968911877298984,0.6945034130539897,1.2992789624058072,0.0,0.4223283368062603,0,0.5,0.6407189412099842,0.9136803828101596,False,240,60
trametinib,lineage,4,ACH-000411,kidney,0.9208963904639325,0.9220098747677721,0.6196221000918634,1.2243976494436808,0.0,0.4758279304525885,0,0.5,0.6407189412099842,0.9136803828101596,False,240,60
trametinib,lineage,4,ACH-000852,lung,0.9108634578019215,0.8039276698393256,0.5015398951634169,1.1063154445152343,,0.4712974990084262,0,0.5,0.6407189412099842,0.9136803828101596,False,240,60
trametinib,lineage,4,ACH-000804,peripheral nervous system,0.79863715377202,0.7380447331295242,0.4356569584536155,1.0404325078054328,,0.506164126033783,1,0.5,0.6407189412099842,0.9136803828101596,False,240,60
trametinib,lineage,4,ACH-000647,esophagus/stomach,0.8948807360797866,0.7529871779817141,0.4505994033058054,1.0553749526576228,,0.5411028368854289,1,0.5,0.6407189412099842,0.9136803828101596,False,240,60
trametinib,lineage,4,ACH-000450,skin,0.3981031145268257,0.5959994817368062,0.29361170706089745,0.8983872564127149,1.0,0.6259131556498507,1,0.5,0.6407189412099842,0.9136803828101596,False,240,60
trametinib,lineage,4,ACH-000811,ovary/fallopian tube,0.945829385906504,0.8179325812341763,0.5155448065582676,1.120320355910085,0.0,0.5075904050760259,1,0.5,0.6407189412099842,0.9136803828101596,False,240,60
trametinib,lineage,4,ACH-000913,uterus,1.1911577097248451,0.8945297066727677,0.5921419319968589,1.1969174813486765,0.0,0.45515854295222086,0,0.5,0.6407189412099842,0.9136803828101596,False,240,60
trametinib,lineage,4,ACH-000879,uterus,1.250116235540875,0.8945297066727677,0.5921419319968589,1.1969174813486765,0.0,0.45515854295222086,0,0.5,0.6407189412099842,0.9136803828101596,False,240,60
trametinib,lineage,4,ACH-000292,lung,1.0,0.8039276698393256,0.5015398951634169,1.1063154445152343,0.0,0.4712974990084262,0,0.5,0.6407189412099842,0.9136803828101596,False,240,60
trametinib,lineage,4,ACH-000308,ovary/fallopian tube,0.8754397061559074,0.8179325812341763,0.5155448065582676,1.120320355910085,,0.5075904050760259,1,0.5,0.6407189412099842,0.9136803828101596,False,240,60
trametinib,lineage,4,ACH-000445,cns/brain,0.937479649797758,0.8825187066967208,0.5801309320208121,1.1849064813726295,0.0,0.4446139346326592,0,0.5,0.6407189412099842,0.9136803828101596,False,240,60
trametinib,lineage,4,ACH-000463,lung,0.7842360886876643,0.8039276698393256,0.5015398951634169,1.1063154445152343,,0.4712974990084262,0,0.5,0.6407189412099842,0.9136803828101596,False,240,60
trametinib,lineage,4,ACH-000899,skin,0.33074992836116257,0.5959994817368062,0.29361170706089745,0.8983872564127149,1.0,0.6259131556498507,1,0.5,0.6407189412099842,0.9136803828101596,False,240,60
trametinib,lineage,4,ACH-000192,uterus,0.842166096841177,0.8945297066727677,0.5921419319968589,1.1969174813486765,,0.45515854295222086,0,0.5,0.6407189412099842,0.9136803828101596,False,240,60
trametinib,lineage,4,ACH-000601,pancreas,0.680614045426839,0.7198056383142517,0.417417863638343,1.0221934129901604,,0.5530572956900567,1,0.5,0.6407189412099842,0.9136803828101596,False,240,60
trametinib,lineage,4,ACH-000630,head and neck,0.94287616237322,0.6520871418224675,0.3496993671465588,0.9544749164983762,0.0,0.6065817951068807,1,0.5,0.6407189412099842,0.9136803828101596,False,240,60
trametinib,lineage,4,ACH-000356,esophagus/stomach,0.4263433713468366,0.7529871779817141,0.4505994033058054,1.0553749526576228,1.0,0.5411028368854289,1,0.5,0.6407189412099842,0.9136803828101596,False,240,60
trametinib,lineage,4,ACH-000457,kidney,0.764611186433427,0.9220098747677721,0.6196221000918634,1.2243976494436808,,0.4758279304525885,0,0.5,0.6407189412099842,0.9136803828101596,False,240,60
trametinib,lineage,4,ACH-000182,ampulla of vater,0.6471406210463885,0.8064582697948461,0.5040704951189374,1.1088460444707549,,0.5033167162274463,1,0.5,0.6407189412099842,0.9136803828101596,False,240,60
trametinib,lineage,4,ACH-000335,pleura,0.4645830844163805,0.965723833776087,0.6633360591001782,1.2681116084519957,1.0,0.42994927546210737,0,0.5,0.6407189412099842,0.9136803828101596,False,240,60
trametinib,lineage,4,ACH-000778,head and neck,0.6092024888936467,0.6520871418224675,0.3496993671465588,0.9544749164983762,1.0,0.6065817951068807,1,0.5,0.6407189412099842,0.9136803828101596,False,240,60
trametinib,lineage,4,ACH-000219,skin,0.4906537670409752,0.5959994817368062,0.29361170706089745,0.8983872564127149,1.0,0.6259131556498507,1,0.5,0.6407189412099842,0.9136803828101596,False,240,60
trametinib,lineage,4,ACH-000281,pancreas,0.6069412538908487,0.7198056383142517,0.417417863638343,1.0221934129901604,1.0,0.5530572956900567,1,0.5,0.6407189412099842,0.9136803828101596,False,240,60
trametinib,lineage,4,ACH-000307,pancreas,0.6179941148542533,0.7198056383142517,0.417417863638343,1.0221934129901604,1.0,0.5530572956900567,1,0.5,0.6407189412099842,0.9136803828101596,False,240,60
trametinib,lineage,4,ACH-000663,ovary/fallopian tube,0.7508136072625392,0.8179325812341763,0.5155448065582676,1.120320355910085,,0.5075904050760259,1,0.5,0.6407189412099842,0.9136803828101596,False,240,60
trametinib,lineage,4,ACH-000959,bowel,0.8295381659726468,0.6581923404126435,0.3558045657367348,0.9605801150885522,,0.589232553981109,1,0.5,0.6407189412099842,0.9136803828101596,False,240,60
trametinib,lineage,4,ACH-000320,pancreas,0.4003730201849268,0.7198056383142517,0.417417863638343,1.0221934129901604,1.0,0.5530572956900567,1,0.5,0.6407189412099842,0.9136803828101596,False,240,60
trametinib,lineage,4,ACH-001128,soft tissue,0.4457219985637476,0.7431843332299352,0.44079655855402644,1.0455721079058438,1.0,0.5376528152068265,1,0.5,0.6407189412099842,0.9136803828101596,False,240,60
trametinib,elastic_net,4,ACH-000528,lung,0.9269220300717465,0.9593878272995575,0.6911967775993231,1.227578876999792,0.0,0.3066209274704437,0,0.5,0.6407189412099842,0.9136803828101596,False,240,60
trametinib,elastic_net,4,ACH-000570,cns/brain,0.8755819103625295,0.8541617724729349,0.5859707227727005,1.1223528221731693,,0.3483323622963087,0,0.5,0.6407189412099842,0.9136803828101596,False,240,60
trametinib,elastic_net,4,ACH-000421,bowel,0.8125753768803469,0.7217046629172,0.4535136132169656,0.9898957126174345,,0.5048029660677601,1,0.5,0.6407189412099842,0.9136803828101596,False,240,60
trametinib,elastic_net,4,ACH-000313,kidney,0.8520767670094365,0.97613971894722,0.7079486692469855,1.2443307686474543,,0.300496577744623,0,0.5,0.6407189412099842,0.9136803828101596,False,240,60
trametinib,elastic_net,4,ACH-000678,esophagus/stomach,0.7354566667547288,0.6516069622659646,0.38341591256573015,0.919798011966199,,0.7402101753869362,1,0.5,0.6407189412099842,0.9136803828101596,False,240,60
trametinib,elastic_net,4,ACH-000117,breast,0.99891476841071,0.8860075996084016,0.6178165499081671,1.154198649308636,0.0,0.7290921993993107,1,0.5,0.6407189412099842,0.9136803828101596,False,240,60
trametinib,elastic_net,4,ACH-000946,uterus,0.967022731074927,0.7492000772562692,0.4810090275560348,1.0173911269565037,0.0,0.6898350826350594,1,0.5,0.6407189412099842,0.9136803828101596,False,240,60
trametinib,elastic_net,4,ACH-000632,skin,0.4916258781143742,0.6999866641393772,0.4317956144391427,0.9681777138396116,1.0,0.6887798991509575,1,0.5,0.6407189412099842,0.9136803828101596,False,240,60
trametinib,elastic_net,4,ACH-000368,cns/brain,0.7256160042082902,0.9154026240339331,0.6472115743336987,1.1835936737341677,,0.30417194232437184,0,0.5,0.6407189412099842,0.9136803828101596,False,240,60
trametinib,elastic_net,4,ACH-000481,lung,0.9563633904430591,0.8118432080210389,0.5436521583208045,1.0800342577212734,0.0,0.6798767363087015,1,0.5,0.6407189412099842,0.9136803828101596,False,240,60
trametinib,elastic_net,4,ACH-000847,esophagus/stomach,0.8761037843909165,0.9417683140566888,0.6735772643564544,1.2099593637569233,,0.37948320280909714,0,0.5,0.6407189412099842,0.9136803828101596,False,240,60
trametinib,elastic_net,4,ACH-000749,lung,1.062859206418935,0.953812187182011,0.6856211374817766,1.2220032368822453,0.0,0.30947702556024664,0,0.5,0.6407189412099842,0.9136803828101596,False,240,60
trametinib,elastic_net,4,ACH-000684,kidney,0.7817400242053663,0.8844240057261088,0.6162329560258744,1.1526150554263432,,0.3101832604647275,0,0.5,0.6407189412099842,0.9136803828101596,False,240,60
trametinib,elastic_net,4,ACH-000732,head and neck,0.5796547898368913,0.6769846255980655,0.40879357589783105,0.9451756752982999,1.0,0.739371652372357,1,0.5,0.6407189412099842,0.9136803828101596,False,240,60
trametinib,elastic_net,4,ACH-000231,cns/brain,0.882866247302525,0.9344863968844808,0.6662953471842463,1.2026774465847152,,0.30155866349421123,0,0.5,0.6407189412099842,0.9136803828101596,False,240,60
trametinib,elastic_net,4,ACH-000945,lung,0.920238658518575,0.7897048365838713,0.5215137868836368,1.0578958862841057,0.0,0.39255448130864784,0,0.5,0.6407189412099842,0.9136803828101596,False,240,60
trametinib,elastic_net,4,ACH-000819,cns/brain,0.741683330279552,0.9270805616365374,0.658889511936303,1.1952716113367718,,0.3012609396489324,0,0.5,0.6407189412099842,0.9136803828101596,False,240,60
trametinib,elastic_net,4,ACH-000022,pancreas,0.6414098042745424,0.6342989782258801,0.36610792852564567,0.9024900279261145,,0.7403828918776884,1,0.5,0.6407189412099842,0.9136803828101596,False,240,60
trametinib,elastic_net,4,ACH-000437,cns/brain,0.8874105662813376,0.8494680429039158,0.5812769932036813,1.1176590926041503,,0.3071632418893925,0,0.5,0.6407189412099842,0.9136803828101596,False,240,60
trametinib,elastic_net,4,ACH-000736,esophagus/stomach,0.8313021517258735,0.6171367919479578,0.34894574224772335,0.8853278416481922,,0.7411076267532681,1,0.5,0.6407189412099842,0.9136803828101596,False,240,60
trametinib,elastic_net,4,ACH-000235,pancreas,0.5852931477973932,0.6335708781724463,0.36537982847221184,0.9017619278726807,1.0,0.7396703397928804,1,0.5,0.6407189412099842,0.9136803828101596,False,240,60
trametinib,elastic_net,4,ACH-000713,ovary/fallopian tube,0.9082887683373102,0.9103492271221651,0.6421581774219307,1.1785402768223996,,0.32807481670376826,0,0.5,0.6407189412099842,0.9136803828101596,False,240,60
trametinib,elastic_net,4,ACH-000670,lung,0.8720076017372496,0.8906087565072441,0.6224177068070097,1.1587998062074787,,0.30786937032837974,0,0.5,0.6407189412099842,0.9136803828101596,False,240,60
trametinib,elastic_net,4,ACH-000947,ovary/fallopian tube,0.7347518221496729,0.8892392606088575,0.621048210908623,1.157430310309092,,0.30723759968328174,0,0.5,0.6407189412099842,0.9136803828101596,False,240,60
trametinib,elastic_net,4,ACH-000476,liver,0.8828712836917094,0.7250917027360468,0.4569006530358124,0.9932827524362813,,0.7077733994215748,1,0.5,0.6407189412099842,0.9136803828101596,False,240,60
trametinib,elastic_net,4,ACH-000479,cns/brain,0.872994573912748,0.9140190657560618,0.6458280160558274,1.1822101154562963,,0.3003851367698688,0,0.5,0.6407189412099842,0.9136803828101596,False,240,60
trametinib,elastic_net,4,ACH-000618,head and neck,0.8745293183913031,0.6264261928406687,0.35823514314043425,0.8946172425409031,,0.7407702764898618,1,0.5,0.6407189412099842,0.9136803828101596,False,240,60
trametinib,elastic_net,4,ACH-000614,skin,0.5162010054237284,0.6413397530828862,0.3731487033826517,0.9095308027831206,1.0,0.7398635674062868,1,0.5,0.6407189412099842,0.9136803828101596,False,240,60
trametinib,elastic_net,4,ACH-000014,skin,0.6078777182927895,0.6220696353426125,0.35387858564237806,0.8902606850428469,1.0,0.7400865688109403,1,0.5,0.6407189412099842,0.9136803828101596,False,240,60
trametinib,elastic_net,4,ACH-000265,pancreas,0.7728340010462288,0.7642948696814503,0.4961038199812159,1.0324859193816849,,0.6233790554429375,1,0.5,0.6407189412099842,0.9136803828101596,False,240,60
trametinib,elastic_net,4,ACH-000132,ovary/fallopian tube,0.942843678118287,1.0303022296353248,0.7621111799350904,1.2984932793355592,0.0,0.3012054603563008,0,0.5,0.6407189412099842,0.9136803828101596,False,240,60
trametinib,elastic_net,4,ACH-000504,cns/brain,0.8284163147664968,0.8596235365542725,0.591432486854038,1.127814586254507,,0.3079361070652597,0,0.5,0.6407189412099842,0.9136803828101596,False,240,60
trametinib,elastic_net,4,ACH-000375,kidney,0.8029460362982068,0.8110316334788563,0.5428405837786219,1.0792226831790908,,0.5164021795933547,1,0.5,0.6407189412099842,0.9136803828101596,False,240,60
trametinib,elastic_net,4,ACH-000688,ovary/fallopian tube,0.674982207339223,0.8034033644339228,0.5352123147336884,1.0715944141341573,,0.3661124078865744,0,0.5,0.6407189412099842,0.9136803828101596,False,240,60
trametinib,elastic_net,4,ACH-000826,lung,0.7459234865491503,0.6071528682106657,0.3389618185104313,0.8753439179109002,,0.49914108780117566,0,0.5,0.6407189412099842,0.9136803828101596,False,240,60
trametinib,elastic_net,4,ACH-000721,breast,0.6120483931142324,0.8046120476010435,0.5364209979008091,1.072803097301278,1.0,0.5959020242838066,1,0.5,0.6407189412099842,0.9136803828101596,False,240,60
trametinib,elastic_net,4,ACH-000648,pleura,1.0527473988757698,0.8835736087549753,0.6153825590547408,1.1517646584552097,0.0,0.36590004607971016,0,0.5,0.6407189412099842,0.9136803828101596,False,240,60
trametinib,elastic_net,4,ACH-000367,pleura,0.834738355620661,0.8335031346203646,0.5653120849201302,1.101694184320599,,0.460882058266433,0,0.5,0.6407189412099842,0.9136803828101596,False,240,60
trametinib,elastic_net,4,ACH-000099,peripheral nervous system,0.7919667808896321,0.8785464064223096,0.6103553567220752,1.146737456122544,,0.5421251870849816,1,0.5,0.6407189412099842,0.9136803828101596,False,240,60
trametinib,elastic_net,4,ACH-000649,kidney,1.214968406770875,0.9735403164458388,0.7053492667456044,1.2417313661460732,0.0,0.3007308096370322,0,0.5,0.6407189412099842,0.9136803828101596,False,240,60
trametinib,elastic_net,4,ACH-000809,esophagus/stomach,0.6846442651883431,0.7669236136863521,0.49873256398611765,1.0351146633865866,,0.7426196778576761,1,0.5,0.6407189412099842,0.9136803828101596,False,240,60
trametinib,elastic_net,4,ACH-000060,pancreas,0.6958824747068597,0.7680352202609225,0.4998441705606881,1.036226269961157,,0.734569994495894,1,0.5,0.6407189412099842,0.9136803828101596,False,240,60
trametinib,elastic_net,4,ACH-000762,head and neck,0.4661520179287081,0.6736633713980913,0.40547232169785685,0.9418544210983257,1.0,0.6931549541995028,1,0.5,0.6407189412099842,0.9136803828101596,False,240,60
trametinib,elastic_net,4,ACH-000694,esophagus/stomach,1.0558468053062,0.7549453950853854,0.48675434538515094,1.02313644478562,0.0,0.6558616576693392,1,0.5,0.6407189412099842,0.9136803828101596,False,240,60
trametinib,elastic_net,4,ACH-000843,lung,0.7285484729652854,0.7216040455160494,0.45341299581581496,0.9897950952162838,,0.5051092969893238,1,0.5,0.6407189412099842,0.9136803828101596,False,240,60
trametinib,elastic_net,4,ACH-000905,bladder/urinary tract,0.5473464716533585,0.6968860577540844,0.42869500805384997,0.9650771074543188,1.0,0.6981770051637789,1,0.5,0.6407189412099842,0.9136803828101596,False,240,60
trametinib,elastic_net,4,ACH-000516,bone,1.32200558486093,0.8269505027809531,0.5587594530807186,1.0951415524811874,0.0,0.3033666447589388,0,0.5,0.6407189412099842,0.9136803828101596,False,240,60
trametinib,elastic_net,4,ACH-000411,kidney,0.9208963904639325,0.7885307307843824,0.520339681084148,1.056721780484617,0.0,0.6066964268822113,1,0.5,0.6407189412099842,0.9136803828101596,False,240,60
trametinib,elastic_net,4,ACH-000852,lung,0.9108634578019215,0.5814532016733778,0.31326215197314333,0.8496442513736122,,0.7365254306762583,1,0.5,0.6407189412099842,0.9136803828101596,False,240,60
trametinib,elastic_net,4,ACH-000804,peripheral nervous system,0.79863715377202,0.9847837898734235,0.7165927401731891,1.252974839573658,,0.30772945012927405,0,0.5,0.6407189412099842,0.9136803828101596,False,240,60
trametinib,elastic_net,4,ACH-000647,esophagus/stomach,0.8948807360797866,0.7628146790134825,0.4946236293132481,1.0310057287137169,,0.3842889121284378,0,0.5,0.6407189412099842,0.9136803828101596,False,240,60
trametinib,elastic_net,4,ACH-000450,skin,0.3981031145268257,0.6141753501187679,0.34598430041853345,0.8823663998190023,1.0,0.7427336481609451,1,0.5,0.6407189412099842,0.9136803828101596,False,240,60
trametinib,elastic_net,4,ACH-000811,ovary/fallopian tube,0.945829385906504,0.9107456338153772,0.6425545841151428,1.1789366835156116,0.0,0.3353921380477206,0,0.5,0.6407189412099842,0.9136803828101596,False,240,60
trametinib,elastic_net,4,ACH-000913,uterus,1.1911577097248451,0.8962227201469922,0.6280316704467578,1.1644137698472266,0.0,0.30460132322694944,0,0.5,0.6407189412099842,0.9136803828101596,False,240,60
trametinib,elastic_net,4,ACH-000879,uterus,1.250116235540875,0.7912493762691645,0.52305832656893,1.0594404259693988,0.0,0.5314251815631623,1,0.5,0.6407189412099842,0.9136803828101596,False,240,60
trametinib,elastic_net,4,ACH-000292,lung,1.0,0.9318974857551814,0.663706436054947,1.2000885354554158,0.0,0.3077383623252423,0,0.5,0.6407189412099842,0.9136803828101596,False,240,60
trametinib,elastic_net,4,ACH-000308,ovary/fallopian tube,0.8754397061559074,0.9091648396559717,0.6409737899557373,1.1773558893562062,,0.33125927828213314,0,0.5,0.6407189412099842,0.9136803828101596,False,240,60
trametinib,elastic_net,4,ACH-000445,cns/brain,0.937479649797758,0.8846361451063934,0.616445095406159,1.152827194806628,0.0,0.3011887715230288,0,0.5,0.6407189412099842,0.9136803828101596,False,240,60
trametinib,elastic_net,4,ACH-000463,lung,0.7842360886876643,0.8938946440458896,0.6257035943456551,1.162085693746124,,0.4141797085415114,0,0.5,0.6407189412099842,0.9136803828101596,False,240,60
trametinib,elastic_net,4,ACH-000899,skin,0.33074992836116257,0.6395861858258747,0.37139513612564024,0.9077772355261091,1.0,0.7339303720802319,1,0.5,0.6407189412099842,0.9136803828101596,False,240,60
trametinib,elastic_net,4,ACH-000192,uterus,0.842166096841177,0.9193097942799489,0.6511187445797144,1.1875008439801833,,0.4316731007038571,0,0.5,0.6407189412099842,0.9136803828101596,False,240,60
trametinib,elastic_net,4,ACH-000601,pancreas,0.680614045426839,0.8117147925174316,0.5435237428171972,1.079905842217666,,0.6748614970850075,1,0.5,0.6407189412099842,0.9136803828101596,False,240,60
trametinib,elastic_net,4,ACH-000630,head and neck,0.94287616237322,0.8076613230772408,0.5394702733770064,1.0758523727774754,0.0,0.30803488980113714,0,0.5,0.6407189412099842,0.9136803828101596,False,240,60
trametinib,elastic_net,4,ACH-000356,esophagus/stomach,0.4263433713468366,0.5529630465654436,0.28477199686520915,0.821154096265678,1.0,0.7258859991046718,1,0.5,0.6407189412099842,0.9136803828101596,False,240,60
trametinib,elastic_net,4,ACH-000457,kidney,0.764611186433427,0.8099641911145262,0.5417731414142918,1.0781552408147608,,0.6270811306577733,1,0.5,0.6407189412099842,0.9136803828101596,False,240,60
trametinib,elastic_net,4,ACH-000182,ampulla of vater,0.6471406210463885,0.6165839527800834,0.34839290307984894,0.8847750024803178,,0.7141314357895313,1,0.5,0.6407189412099842,0.9136803828101596,False,240,60
trametinib,elastic_net,4,ACH-000335,pleura,0.4645830844163805,0.7674857514044195,0.4992947017041851,1.035676801104654,1.0,0.7074350738351438,1,0.5,0.6407189412099842,0.9136803828101596,False,240,60
trametinib,elastic_net,4,ACH-000778,head and neck,0.6092024888936467,0.6046254823982972,0.3364344326980627,0.8728165320985316,1.0,0.7394274915984156,1,0.5,0.6407189412099842,0.9136803828101596,False,240,60
trametinib,elastic_net,4,ACH-000219,skin,0.4906537670409752,0.6069906485493295,0.33879959884909505,0.8751816982495639,1.0,0.7369751749144274,1,0.5,0.6407189412099842,0.9136803828101596,False,240,60
trametinib,elastic_net,4,ACH-000281,pancreas,0.6069412538908487,0.6845497827294379,0.41635873302920345,0.9527408324296723,1.0,0.41380960755298846,0,0.5,0.6407189412099842,0.9136803828101596,False,240,60
trametinib,elastic_net,4,ACH-000307,pancreas,0.6179941148542533,0.5804444278905119,0.31225337819027743,0.8486354775907463,1.0,0.7330582162513154,1,0.5,0.6407189412099842,0.9136803828101596,False,240,60
trametinib,elastic_net,4,ACH-000663,ovary/fallopian tube,0.7508136072625392,0.8510085457629571,0.5828174960627227,1.1191995954631917,,0.3488803185176242,0,0.5,0.6407189412099842,0.9136803828101596,False,240,60
trametinib,elastic_net,4,ACH-000959,bowel,0.8295381659726468,0.6535839275837536,0.38539287788351917,0.921774977283988,,0.7311052399805734,1,0.5,0.6407189412099842,0.9136803828101596,False,240,60
trametinib,elastic_net,4,ACH-000320,pancreas,0.4003730201849268,0.5776512016661876,0.3094601519659531,0.845842251366422,1.0,0.6772835166136693,1,0.5,0.6407189412099842,0.9136803828101596,False,240,60
trametinib,elastic_net,4,ACH-001128,soft tissue,0.4457219985637476,0.6220165284875739,0.3538254787873395,0.8902075781878084,1.0,0.7411209532414934,1,0.5,0.6407189412099842,0.9136803828101596,False,240,60
trametinib,xgboost,4,ACH-000528,lung,0.9269220300717465,0.9140437245368958,0.6637007640760195,1.164386684997772,0.0,0.38281606319129113,0,0.5,0.6407189412099842,0.9136803828101596,False,240,60
trametinib,xgboost,4,ACH-000570,cns/brain,0.8755819103625295,0.8802482485771179,0.6299052881162417,1.1305912090379941,,0.44318408175787605,0,0.5,0.6407189412099842,0.9136803828101596,False,240,60
trametinib,xgboost,4,ACH-000421,bowel,0.8125753768803469,0.66301429271698,0.41267133225610375,0.9133572531778562,,0.6224276351143653,1,0.5,0.6407189412099842,0.9136803828101596,False,240,60
trametinib,xgboost,4,ACH-000313,kidney,0.8520767670094365,0.9144341945648193,0.6640912341039431,1.1647771550256956,,0.3132900752218797,0,0.5,0.6407189412099842,0.9136803828101596,False,240,60
trametinib,xgboost,4,ACH-000678,esophagus/stomach,0.7354566667547288,0.6889888048171997,0.4386458443563235,0.9393317652780759,,0.6997933158747032,1,0.5,0.6407189412099842,0.9136803828101596,False,240,60
trametinib,xgboost,4,ACH-000117,breast,0.99891476841071,0.8014410734176636,0.5510981129567873,1.0517840338785398,0.0,0.4359592043493538,0,0.5,0.6407189412099842,0.9136803828101596,False,240,60
trametinib,xgboost,4,ACH-000946,uterus,0.967022731074927,0.7983655333518982,0.548022572891022,1.0487084938127744,0.0,0.4217913718806413,0,0.5,0.6407189412099842,0.9136803828101596,False,240,60
trametinib,xgboost,4,ACH-000632,skin,0.4916258781143742,0.5811817049980164,0.33083874453714013,0.8315246654588926,1.0,0.6296967838442652,1,0.5,0.6407189412099842,0.9136803828101596,False,240,60
trametinib,xgboost,4,ACH-000368,cns/brain,0.7256160042082902,0.9185178875923157,0.6681749271314394,1.168860848053192,,0.3689667931270675,0,0.5,0.6407189412099842,0.9136803828101596,False,240,60
trametinib,xgboost,4,ACH-000481,lung,0.9563633904430591,0.7890949845314026,0.5387520240705264,1.0394379449922788,0.0,0.3917739831603809,0,0.5,0.6407189412099842,0.9136803828101596,False,240,60
trametinib,xgboost,4,ACH-000847,esophagus/stomach,0.8761037843909165,0.8090886473655701,0.5587456869046938,1.0594316078264463,,0.44215677414117505,0,0.5,0.6407189412099842,0.9136803828101596,False,240,60
trametinib,xgboost,4,ACH-000749,lung,1.062859206418935,0.9393263459205627,0.6889833854596865,1.189669306381439,0.0,0.38866623930988503,0,0.5,0.6407189412099842,0.9136803828101596,False,240,60
trametinib,xgboost,4,ACH-000684,kidney,0.7817400242053663,0.9015151262283325,0.6511721657674563,1.1518580866892087,,0.5318822780052492,1,0.5,0.6407189412099842,0.9136803828101596,False,240,60
trametinib,xgboost,4,ACH-000732,head and neck,0.5796547898368913,0.7241501808166504,0.47380722035577416,0.9744931412775266,1.0,0.6590924317157156,1,0.5,0.6407189412099842,0.9136803828101596,False,240,60
trametinib,xgboost,4,ACH-000231,cns/brain,0.882866247302525,0.8800835013389587,0.6297405408780825,1.130426461799835,,0.3722030028555245,0,0.5,0.6407189412099842,0.9136803828101596,False,240,60
trametinib,xgboost,4,ACH-000945,lung,0.920238658518575,0.7166438698768616,0.46630090941598534,0.9669868303377378,0.0,0.5599137791548375,1,0.5,0.6407189412099842,0.9136803828101596,False,240,60
trametinib,xgboost,4,ACH-000819,cns/brain,0.741683330279552,0.7820079922676086,0.5316650318067324,1.0323509527284849,,0.4749680916873843,0,0.5,0.6407189412099842,0.9136803828101596,False,240,60
trametinib,xgboost,4,ACH-000022,pancreas,0.6414098042745424,0.6537596583366394,0.4034166978757632,0.9041026187975156,,0.6698739028752551,1,0.5,0.6407189412099842,0.9136803828101596,False,240,60
trametinib,xgboost,4,ACH-000437,cns/brain,0.8874105662813376,0.9170821905136108,0.6667392300527346,1.167425150974487,,0.34494176870705595,0,0.5,0.6407189412099842,0.9136803828101596,False,240,60
trametinib,xgboost,4,ACH-000736,esophagus/stomach,0.8313021517258735,0.6831386089324951,0.4327956484716189,0.9334815693933713,,0.6998666376124172,1,0.5,0.6407189412099842,0.9136803828101596,False,240,60
trametinib,xgboost,4,ACH-000235,pancreas,0.5852931477973932,0.6374236941337585,0.3870807336728823,0.8877666545946348,1.0,0.7170331909954811,1,0.5,0.6407189412099842,0.9136803828101596,False,240,60
trametinib,xgboost,4,ACH-000713,ovary/fallopian tube,0.9082887683373102,0.8183490633964539,0.5680061029355776,1.06869202385733,,0.4719338229762112,0,0.5,0.6407189412099842,0.9136803828101596,False,240,60
trametinib,xgboost,4,ACH-000670,lung,0.8720076017372496,0.9380190968513489,0.6876761363904726,1.188362057312225,,0.5460086605475989,1,0.5,0.6407189412099842,0.9136803828101596,False,240,60
trametinib,xgboost,4,ACH-000947,ovary/fallopian tube,0.7347518221496729,0.87102872133255,0.6206857608716738,1.1213716817934263,,0.464789546265297,0,0.5,0.6407189412099842,0.9136803828101596,False,240,60
trametinib,xgboost,4,ACH-000476,liver,0.8828712836917094,0.7329599857330322,0.482617025272156,0.9833029461939085,,0.5331723386047985,1,0.5,0.6407189412099842,0.9136803828101596,False,240,60
trametinib,xgboost,4,ACH-000479,cns/brain,0.872994573912748,0.9428851008415222,0.692542140380646,1.1932280613023984,,0.34411859395198596,0,0.5,0.6407189412099842,0.9136803828101596,False,240,60
trametinib,xgboost,4,ACH-000618,head and neck,0.8745293183913031,0.7016891241073608,0.4513461636464846,0.9520320845682371,,0.6529609380807956,1,0.5,0.6407189412099842,0.9136803828101596,False,240,60
trametinib,xgboost,4,ACH-000614,skin,0.5162010054237284,0.5771722197532654,0.32682925929238915,0.8275151802141416,1.0,0.6999518867904424,1,0.5,0.6407189412099842,0.9136803828101596,False,240,60
trametinib,xgboost,4,ACH-000014,skin,0.6078777182927895,0.6144130229949951,0.3640700625341189,0.8647559834558713,1.0,0.6906907623904682,1,0.5,0.6407189412099842,0.9136803828101596,False,240,60
trametinib,xgboost,4,ACH-000265,pancreas,0.7728340010462288,0.7183765172958374,0.4680335568349612,0.9687194777567136,,0.6537911579898134,1,0.5,0.6407189412099842,0.9136803828101596,False,240,60
trametinib,xgboost,4,ACH-000132,ovary/fallopian tube,0.942843678118287,0.9530286192893982,0.702685658828522,1.2033715797502744,0.0,0.33947139481633715,0,0.5,0.6407189412099842,0.9136803828101596,False,240,60
trametinib,xgboost,4,ACH-000504,cns/brain,0.8284163147664968,0.8181524872779846,0.5678095268171084,1.0684954477388608,,0.4016264812687161,0,0.5,0.6407189412099842,0.9136803828101596,False,240,60
trametinib,xgboost,4,ACH-000375,kidney,0.8029460362982068,0.8146374225616455,0.5642944621007693,1.0649803830225217,,0.3981776576504164,0,0.5,0.6407189412099842,0.9136803828101596,False,240,60
trametinib,xgboost,4,ACH-000688,ovary/fallopian tube,0.674982207339223,0.7649581432342529,0.5146151827733767,1.0153011036951292,,0.5780181578640684,1,0.5,0.6407189412099842,0.9136803828101596,False,240,60
trametinib,xgboost,4,ACH-000826,lung,0.7459234865491503,0.6890314817428589,0.43868852128198266,0.9393744422037351,,0.604689631188707,1,0.5,0.6407189412099842,0.9136803828101596,False,240,60
trametinib,xgboost,4,ACH-000721,breast,0.6120483931142324,0.9181646108627319,0.6678216504018557,1.1685075713236082,1.0,0.4512547293605171,0,0.5,0.6407189412099842,0.9136803828101596,False,240,60
trametinib,xgboost,4,ACH-000648,pleura,1.0527473988757698,0.949365496635437,0.6990225361745608,1.1997084570963132,0.0,0.3576803481761574,0,0.5,0.6407189412099842,0.9136803828101596,False,240,60
trametinib,xgboost,4,ACH-000367,pleura,0.834738355620661,0.9037393927574158,0.6533964322965395,1.154082353218292,,0.3602969487295738,0,0.5,0.6407189412099842,0.9136803828101596,False,240,60
trametinib,xgboost,4,ACH-000099,peripheral nervous system,0.7919667808896321,0.9331849217414856,0.6828419612806094,1.1835278822023618,,0.3825729006122506,0,0.5,0.6407189412099842,0.9136803828101596,False,240,60
trametinib,xgboost,4,ACH-000649,kidney,1.214968406770875,0.872123122215271,0.6217801617543948,1.1224660826761472,0.0,0.40205462818922205,0,0.5,0.6407189412099842,0.9136803828101596,False,240,60
trametinib,xgboost,4,ACH-000809,esophagus/stomach,0.6846442651883431,0.7210269570350647,0.47068399657418847,0.9713699174959409,,0.6764295057042846,1,0.5,0.6407189412099842,0.9136803828101596,False,240,60
trametinib,xgboost,4,ACH-000060,pancreas,0.6958824747068597,0.6737852096557617,0.4234422491948855,0.924128170116638,,0.672388194436297,1,0.5,0.6407189412099842,0.9136803828101596,False,240,60
trametinib,xgboost,4,ACH-000762,head and neck,0.4661520179287081,0.6926403045654297,0.44229734410455346,0.9429832650263059,1.0,0.6731799064232394,1,0.5,0.6407189412099842,0.9136803828101596,False,240,60
trametinib,xgboost,4,ACH-000694,esophagus/stomach,1.0558468053062,0.6696300506591797,0.41928709019830346,0.9199730111200559,0.0,0.668995575041349,1,0.5,0.6407189412099842,0.9136803828101596,False,240,60
trametinib,xgboost,4,ACH-000843,lung,0.7285484729652854,0.7158693671226501,0.4655264066617739,0.9662123275835264,,0.592084718267295,1,0.5,0.6407189412099842,0.9136803828101596,False,240,60
trametinib,xgboost,4,ACH-000905,bladder/urinary tract,0.5473464716533585,0.7386478781700134,0.4883049177091372,0.9889908386308897,1.0,0.4971827950816804,0,0.5,0.6407189412099842,0.9136803828101596,False,240,60
trametinib,xgboost,4,ACH-000516,bone,1.32200558486093,0.9521099328994751,0.7017669724385989,1.2024528933603513,0.0,0.35772896665525233,0,0.5,0.6407189412099842,0.9136803828101596,False,240,60
trametinib,xgboost,4,ACH-000411,kidney,0.9208963904639325,0.9280334115028381,0.6776904510419619,1.1783763719637144,0.0,0.4429784292766658,0,0.5,0.6407189412099842,0.9136803828101596,False,240,60
trametinib,xgboost,4,ACH-000852,lung,0.9108634578019215,0.6027124524116516,0.3523694919507754,0.8530554128725278,,0.6940995084726204,1,0.5,0.6407189412099842,0.9136803828101596,False,240,60
trametinib,xgboost,4,ACH-000804,peripheral nervous system,0.79863715377202,0.9362156987190247,0.6858727382581484,1.1865586591799009,,0.4129463814291213,0,0.5,0.6407189412099842,0.9136803828101596,False,240,60
trametinib,xgboost,4,ACH-000647,esophagus/stomach,0.8948807360797866,0.7352128028869629,0.48486984242608666,0.9855557633478391,,0.5168890265478682,1,0.5,0.6407189412099842,0.9136803828101596,False,240,60
trametinib,xgboost,4,ACH-000450,skin,0.3981031145268257,0.5821540951728821,0.33181113471200585,0.8324970556337583,1.0,0.7233524829741909,1,0.5,0.6407189412099842,0.9136803828101596,False,240,60
trametinib,xgboost,4,ACH-000811,ovary/fallopian tube,0.945829385906504,0.9199685454368591,0.6696255849759829,1.1703115058977354,0.0,0.33738004624944207,0,0.5,0.6407189412099842,0.9136803828101596,False,240,60
trametinib,xgboost,4,ACH-000913,uterus,1.1911577097248451,0.9056829810142517,0.6553400205533755,1.156025941475128,0.0,0.42342603268531775,0,0.5,0.6407189412099842,0.9136803828101596,False,240,60
trametinib,xgboost,4,ACH-000879,uterus,1.250116235540875,0.8092034459114075,0.5588604854505312,1.0595464063722837,0.0,0.540681253215155,1,0.5,0.6407189412099842,0.9136803828101596,False,240,60
trametinib,xgboost,4,ACH-000292,lung,1.0,0.8774970769882202,0.627154116527344,1.1278400374490964,0.0,0.37399217075934305,0,0.5,0.6407189412099842,0.9136803828101596,False,240,60
trametinib,xgboost,4,ACH-000308,ovary/fallopian tube,0.8754397061559074,0.8260310292243958,0.5756880687635195,1.076373989685272,,0.4576627125483203,0,0.5,0.6407189412099842,0.9136803828101596,False,240,60
trametinib,xgboost,4,ACH-000445,cns/brain,0.937479649797758,0.890178918838501,0.6398359583776247,1.1405218792993772,0.0,0.34039371965126125,0,0.5,0.6407189412099842,0.9136803828101596,False,240,60
trametinib,xgboost,4,ACH-000463,lung,0.7842360886876643,0.7759144306182861,0.5255714701574099,1.0262573910791624,,0.35990317819411555,0,0.5,0.6407189412099842,0.9136803828101596,False,240,60
trametinib,xgboost,4,ACH-000899,skin,0.33074992836116257,0.6624394059181213,0.4120964454572451,0.9127823663789976,1.0,0.6780201971135912,1,0.5,0.6407189412099842,0.9136803828101596,False,240,60
trametinib,xgboost,4,ACH-000192,uterus,0.842166096841177,0.7619529962539673,0.5116100357930911,1.0122959567148435,,0.45448228202715996,0,0.5,0.6407189412099842,0.9136803828101596,False,240,60
trametinib,xgboost,4,ACH-000601,pancreas,0.680614045426839,0.7629411816596985,0.5125982211988223,1.0132841421205747,,0.5214476166498149,1,0.5,0.6407189412099842,0.9136803828101596,False,240,60
trametinib,xgboost,4,ACH-000630,head and neck,0.94287616237322,0.8584193587303162,0.6080763982694399,1.1087623191911924,0.0,0.39473542935622646,0,0.5,0.6407189412099842,0.9136803828101596,False,240,60
trametinib,xgboost,4,ACH-000356,esophagus/stomach,0.4263433713468366,0.6549748182296753,0.40463185776879906,0.9053177786905515,1.0,0.6873007306632136,1,0.5,0.6407189412099842,0.9136803828101596,False,240,60
trametinib,xgboost,4,ACH-000457,kidney,0.764611186433427,0.7445879578590393,0.4942449973981631,0.9949309183199155,,0.6254770892234687,1,0.5,0.6407189412099842,0.9136803828101596,False,240,60
trametinib,xgboost,4,ACH-000182,ampulla of vater,0.6471406210463885,0.6502991914749146,0.3999562310140383,0.9006421519357908,,0.6395079062694484,1,0.5,0.6407189412099842,0.9136803828101596,False,240,60
trametinib,xgboost,4,ACH-000335,pleura,0.4645830844163805,0.7916463017463684,0.5413033412854922,1.0419892622072446,1.0,0.41078152474920593,0,0.5,0.6407189412099842,0.9136803828101596,False,240,60
trametinib,xgboost,4,ACH-000778,head and neck,0.6092024888936467,0.705463707447052,0.4551207469861758,0.9558066679079282,1.0,0.5437835315707222,1,0.5,0.6407189412099842,0.9136803828101596,False,240,60
trametinib,xgboost,4,ACH-000219,skin,0.4906537670409752,0.6766371130943298,0.4262941526334536,0.9269800735552061,1.0,0.6782770734869493,1,0.5,0.6407189412099842,0.9136803828101596,False,240,60
trametinib,xgboost,4,ACH-000281,pancreas,0.6069412538908487,0.6828876733779907,0.4325447129171145,0.933230633838867,1.0,0.6404160775297911,1,0.5,0.6407189412099842,0.9136803828101596,False,240,60
trametinib,xgboost,4,ACH-000307,pancreas,0.6179941148542533,0.6790992617607117,0.42875630129983544,0.9294422222215879,1.0,0.6142539405867682,1,0.5,0.6407189412099842,0.9136803828101596,False,240,60
trametinib,xgboost,4,ACH-000663,ovary/fallopian tube,0.7508136072625392,0.7857364416122437,0.5353934811513674,1.0360794020731199,,0.44487323271486,0,0.5,0.6407189412099842,0.9136803828101596,False,240,60
trametinib,xgboost,4,ACH-000959,bowel,0.8295381659726468,0.6783605813980103,0.428017620937134,0.9287035418588865,,0.6567082007133095,1,0.5,0.6407189412099842,0.9136803828101596,False,240,60
trametinib,xgboost,4,ACH-000320,pancreas,0.4003730201849268,0.6966838836669922,0.44634092320611596,0.9470268441278684,1.0,0.6705411201122655,1,0.5,0.6407189412099842,0.9136803828101596,False,240,60
trametinib,xgboost,4,ACH-001128,soft tissue,0.4457219985637476,0.7901396751403809,0.5397967146795046,1.040482635601257,1.0,0.5549421164199331,1,0.5,0.6407189412099842,0.9136803828101596,False,240,60
trametinib,lineage,5,ACH-000461,biliary tract,0.7637494336632931,0.7942629087861869,0.5184463982906222,1.0700794192817515,,0.4842960410778474,0,0.5,0.6418011611733068,0.9131500227751321,False,240,60
trametinib,lineage,5,ACH-000769,lung,1.0,0.8097098280432129,0.5338933175476482,1.0855263385387777,0.0,0.4439237315247801,0,0.5,0.6418011611733068,0.9131500227751321,False,240,60
trametinib,lineage,5,ACH-000917,esophagus/stomach,0.739341824966492,0.7629167988045654,0.48710028830900076,1.03873330930013,,0.5081913823826839,1,0.5,0.6418011611733068,0.9131500227751321,False,240,60
trametinib,lineage,5,ACH-000344,esophagus/stomach,0.6999660568551482,0.7629167988045654,0.48710028830900076,1.03873330930013,,0.5081913823826839,1,0.5,0.6418011611733068,0.9131500227751321,False,240,60
trametinib,lineage,5,ACH-000978,uterus,1.124656727063635,0.8982206982118011,0.6224041877162364,1.1740372087073658,0.0,0.43285927042786365,0,0.5,0.6418011611733068,0.9131500227751321,False,240,60
trametinib,lineage,5,ACH-000098,cns/brain,1.106930089752715,0.8932073199988025,0.6173908095032379,1.1690238304943672,0.0,0.38296597266412297,0,0.5,0.6418011611733068,0.9131500227751321,False,240,60
trametinib,lineage,5,ACH-000805,skin,0.4148881725492414,0.5858007365471142,0.3099842260515495,0.8616172470426788,1.0,0.6321580303960671,1,0.5,0.6418011611733068,0.9131500227751321,False,240,60
trametinib,lineage,5,ACH-000896,bladder/urinary tract,0.943087105548986,0.6966718743406846,0.4208553638451199,0.9724883848362492,0.0,0.5679066433034498,1,0.5,0.6418011611733068,0.9131500227751321,False,240,60
trametinib,lineage,5,ACH-000662,lung,0.8313907531721616,0.8097098280432129,0.5338933175476482,1.0855263385387777,,0.4439237315247801,0,0.5,0.6418011611733068,0.9131500227751321,False,240,60
trametinib,lineage,5,ACH-000943,bowel,0.8835124368295311,0.6458233719329891,0.37000686143742445,0.9216398824285538,,0.582524953960173,1,0.5,0.6418011611733068,0.9131500227751321,False,240,60
trametinib,lineage,5,ACH-000545,bladder/urinary tract,0.7361105717495673,0.6966718743406846,0.4208553638451199,0.9724883848362492,,0.5679066433034498,1,0.5,0.6418011611733068,0.9131500227751321,False,240,60
trametinib,lineage,5,ACH-000153,pleura,1.12948179831042,0.9138129709693764,0.6379964604738118,1.189629481464941,0.0,0.4045541817690467,0,0.5,0.6418011611733068,0.9131500227751321,False,240,60
trametinib,lineage,5,ACH-000898,esophagus/stomach,0.6194502075574614,0.7629167988045654,0.48710028830900076,1.03873330930013,1.0,0.5081913823826839,1,0.5,0.6418011611733068,0.9131500227751321,False,240,60
trametinib,lineage,5,ACH-000997,bowel,0.905865630377501,0.6458233719329891,0.37000686143742445,0.9216398824285538,,0.582524953960173,1,0.5,0.6418011611733068,0.9131500227751321,False,240,60
trametinib,lineage,5,ACH-000532,bowel,0.506129425496721,0.6458233719329891,0.37000686143742445,0.9216398824285538,1.0,0.582524953960173,1,0.5,0.6418011611733068,0.9131500227751321,False,240,60
trametinib,lineage,5,ACH-000954,uterus,0.926868830382945,0.8982206982118011,0.6224041877162364,1.1740372087073658,0.0,0.43285927042786365,0,0.5,0.6418011611733068,0.9131500227751321,False,240,60
trametinib,lineage,5,ACH-000890,lung,0.8894038846425985,0.8097098280432129,0.5338933175476482,1.0855263385387777,,0.4439237315247801,0,0.5,0.6418011611733068,0.9131500227751321,False,240,60
trametinib,lineage,5,ACH-000834,bladder/urinary tract,0.5057368349797959,0.6966718743406846,0.4208553638451199,0.9724883848362492,1.0,0.5679066433034498,1,0.5,0.6418011611733068,0.9131500227751321,False,240,60
trametinib,lineage,5,ACH-000374,breast,0.6702767335824422,0.8811346862934953,0.6053181757979307,1.15695119678906,,0.42150071644995996,0,0.5,0.6418011611733068,0.9131500227751321,False,240,60
trametinib,lineage,5,ACH-000139,pancreas,0.6065797538035214,0.7259983274137314,0.4501818169181667,1.0018148379092962,1.0,0.5258803162414158,1,0.5,0.6418011611733068,0.9131500227751321,False,240,60
trametinib,lineage,5,ACH-000037,soft tissue,0.7254071068884036,0.6357931630502498,0.35997665255468514,0.9116096735458145,,0.5501975140595087,1,0.5,0.6418011611733068,0.9131500227751321,False,240,60
trametinib,lineage,5,ACH-000679,esophagus/stomach,0.8195496909677066,0.7629167988045654,0.48710028830900076,1.03873330930013,,0.5081913823826839,1,0.5,0.6418011611733068,0.9131500227751321,False,240,60
trametinib,lineage,5,ACH-000853,lung,0.9343245994974355,0.8097098280432129,0.5338933175476482,1.0855263385387777,0.0,0.4439237315247801,0,0.5,0.6418011611733068,0.9131500227751321,False,240,60
trametinib,lineage,5,ACH-000155,pancreas,0.5913991549272886,0.7259983274137314,0.4501818169181667,1.0018148379092962,1.0,0.5258803162414158,1,0.5,0.6418011611733068,0.9131500227751321,False,240,60
trametinib,lineage,5,ACH-000270,pancreas,0.705824718637159,0.7259983274137314,0.4501818169181667,1.0018148379092962,,0.5258803162414158,1,0.5,0.6418011611733068,0.9131500227751321,False,240,60
trametinib,lineage,5,ACH-000415,head and neck,0.571248579890846,0.6568080792974712,0.38099156880190654,0.9326245897930359,1.0,0.5907680600090546,1,0.5,0.6418011611733068,0.9131500227751321,False,240,60
trametinib,lineage,5,ACH-000756,cns/brain,0.9070022628096994,0.8932073199988025,0.6173908095032379,1.1690238304943672,,0.38296597266412297,0,0.5,0.6418011611733068,0.9131500227751321,False,240,60
trametinib,lineage,5,ACH-000855,esophagus/stomach,0.7775303367334376,0.7629167988045654,0.48710028830900076,1.03873330930013,,0.5081913823826839,1,0.5,0.6418011611733068,0.9131500227751321,False,240,60
trametinib,lineage,5,ACH-000393,liver,0.8027297278608212,0.7849745334473706,0.5091580229518059,1.060791043942935,,0.46401007746028183,0,0.5,0.6418011611733068,0.9131500227751321,False,240,60
trametinib,lineage,5,ACH-000936,ovary/fallopian tube,0.7064062664424775,0.8171706779589059,0.5413541674633412,1.0929871884544706,,0.4410128644405105,0,0.5,0.6418011611733068,0.9131500227751321,False,240,60
trametinib,lineage,5,ACH-000988,uterus,0.931707497187257,0.8982206982118011,0.6224041877162364,1.1740372087073658,0.0,0.43285927042786365,0,0.5,0.6418011611733068,0.9131500227751321,False,240,60
trametinib,lineage,5,ACH-000397,uterus,1.30847686868859,0.8982206982118011,0.6224041877162364,1.1740372087073658,0.0,0.43285927042786365,0,0.5,0.6418011611733068,0.9131500227751321,False,240,60
trametinib,lineage,5,ACH-001239,skin,0.520527044874473,0.5858007365471142,0.3099842260515495,0.8616172470426788,1.0,0.6321580303960671,1,0.5,0.6418011611733068,0.9131500227751321,False,240,60
trametinib,lineage,5,ACH-000803,lung,0.9560528101992469,0.8097098280432129,0.5338933175476482,1.0855263385387777,0.0,0.4439237315247801,0,0.5,0.6418011611733068,0.9131500227751321,False,240,60
trametinib,lineage,5,ACH-000018,bladder/urinary tract,1.0752813783724744,0.6966718743406846,0.4208553638451199,0.9724883848362492,0.0,0.5679066433034498,1,0.5,0.6418011611733068,0.9131500227751321,False,240,60
trametinib,lineage,5,ACH-000092,pleura,0.927806941100427,0.9138129709693764,0.6379964604738118,1.189629481464941,0.0,0.4045541817690467,0,0.5,0.6418011611733068,0.9131500227751321,False,240,60
trametinib,lineage,5,ACH-000822,skin,0.6370809244212519,0.5858007365471142,0.3099842260515495,0.8616172470426788,1.0,0.6321580303960671,1,0.5,0.6418011611733068,0.9131500227751321,False,240,60
trametinib,lineage,5,ACH-000903,thyroid,0.8428240517280969,0.7027608389623209,0.42694432846675623,0.9785773494578855,,0.5244547312155348,1,0.5,0.6418011611733068,0.9131500227751321,False,240,60
trametinib,lineage,5,ACH-000417,pancreas,0.588850489933312,0.7259983274137314,0.4501818169181667,1.0018148379092962,1.0,0.5258803162414158,1,0.5,0.6418011611733068,0.9131500227751321,False,240,60
trametinib,lineage,5,ACH-000302,uterus,1.17173623364422,0.8982206982118011,0.6224041877162364,1.1740372087073658,0.0,0.43285927042786365,0,0.5,0.6418011611733068,0.9131500227751321,False,240,60
trametinib,lineage,5,ACH-000343,lung,0.9856383777761495,0.8097098280432129,0.5338933175476482,1.0855263385387777,0.0,0.4439237315247801,0,0.5,0.6418011611733068,0.9131500227751321,False,240,60
trametinib,lineage,5,ACH-001306,thyroid,0.8237347074108143,0.7027608389623209,0.42694432846675623,0.9785773494578855,,0.5244547312155348,1,0.5,0.6418011611733068,0.9131500227751321,False,240,60
trametinib,lineage,5,ACH-000141,biliary tract,1.031443785217405,0.7942629087861869,0.5184463982906222,1.0700794192817515,0.0,0.4842960410778474,0,0.5,0.6418011611733068,0.9131500227751321,False,240,60
trametinib,lineage,5,ACH-000172,soft tissue,0.8130623316198833,0.6357931630502498,0.35997665255468514,0.9116096735458145,,0.5501975140595087,1,0.5,0.6418011611733068,0.9131500227751321,False,240,60
trametinib,lineage,5,ACH-000201,kidney,0.805597075087032,0.8815940223351136,0.605777511839549,1.1574105328306783,,0.40927562139327595,0,0.5,0.6418011611733068,0.9131500227751321,False,240,60
trametinib,lineage,5,ACH-000835,soft tissue,0.9006044900635686,0.6357931630502498,0.35997665255468514,0.9116096735458145,,0.5501975140595087,1,0.5,0.6418011611733068,0.9131500227751321,False,240,60
trametinib,lineage,5,ACH-000316,liver,0.6471907062217908,0.7849745334473706,0.5091580229518059,1.060791043942935,,0.46401007746028183,0,0.5,0.6418011611733068,0.9131500227751321,False,240,60
trametinib,lineage,5,ACH-001318,liver,0.8433732751113345,0.7849745334473706,0.5091580229518059,1.060791043942935,,0.46401007746028183,0,0.5,0.6418011611733068,0.9131500227751321,False,240,60
trametinib,lineage,5,ACH-000624,breast,0.8408087398359936,0.8811346862934953,0.6053181757979307,1.15695119678906,,0.42150071644995996,0,0.5,0.6418011611733068,0.9131500227751321,False,240,60
trametinib,lineage,5,ACH-000447,lung,0.7759579583952514,0.8097098280432129,0.5338933175476482,1.0855263385387777,,0.4439237315247801,0,0.5,0.6418011611733068,0.9131500227751321,False,240,60
trametinib,lineage,5,ACH-000042,pancreas,0.5267341823798233,0.7259983274137314,0.4501818169181667,1.0018148379092962,1.0,0.5258803162414158,1,0.5,0.6418011611733068,0.9131500227751321,False,240,60
trametinib,lineage,5,ACH-000593,bladder/urinary tract,0.8176989730085225,0.6966718743406846,0.4208553638451199,0.9724883848362492,,0.5679066433034498,1,0.5,0.6418011611733068,0.9131500227751321,False,240,60
trametinib,lineage,5,ACH-000191,thyroid,0.4489025898091139,0.7027608389623209,0.42694432846675623,0.9785773494578855,1.0,0.5244547312155348,1,0.5,0.6418011611733068,0.9131500227751321,False,240,60
trametinib,lineage,5,ACH-000720,bladder/urinary tract,0.8688788964614947,0.6966718743406846,0.4208553638451199,0.9724883848362492,,0.5679066433034498,1,0.5,0.6418011611733068,0.9131500227751321,False,240,60
trametinib,lineage,5,ACH-000207,head and neck,0.5779450506639128,0.6568080792974712,0.38099156880190654,0.9326245897930359,1.0,0.5907680600090546,1,0.5,0.6418011611733068,0.9131500227751321,False,240,60
trametinib,lineage,5,ACH-000846,head and neck,0.558331214213713,0.6568080792974712,0.38099156880190654,0.9326245897930359,1.0,0.5907680600090546,1,0.5,0.6418011611733068,0.9131500227751321,False,240,60
trametinib,lineage,5,ACH-000456,thyroid,1.0,0.7027608389623209,0.42694432846675623,0.9785773494578855,0.0,0.5244547312155348,1,0.5,0.6418011611733068,0.9131500227751321,False,240,60
trametinib,lineage,5,ACH-000919,esophagus/stomach,0.7842487990178387,0.7629167988045654,0.48710028830900076,1.03873330930013,,0.5081913823826839,1,0.5,0.6418011611733068,0.9131500227751321,False,240,60
trametinib,lineage,5,ACH-000174,thyroid,0.8205954232192936,0.7027608389623209,0.42694432846675623,0.9785773494578855,,0.5244547312155348,1,0.5,0.6418011611733068,0.9131500227751321,False,240,60
trametinib,lineage,5,ACH-000620,liver,0.6505323388139765,0.7849745334473706,0.5091580229518059,1.060791043942935,,0.46401007746028183,0,0.5,0.6418011611733068,0.9131500227751321,False,240,60
trametinib,lineage,5,ACH-000212,breast,0.9195196187811556,0.8811346862934953,0.6053181757979307,1.15695119678906,0.0,0.42150071644995996,0,0.5,0.6418011611733068,0.9131500227751321,False,240,60
trametinib,lineage,5,ACH-000776,cns/brain,0.42285292252752305,0.8932073199988025,0.6173908095032379,1.1690238304943672,1.0,0.38296597266412297,0,0.5,0.6418011611733068,0.9131500227751321,False,240,60
trametinib,lineage,5,ACH-000911,esophagus/stomach,0.5557411162560564,0.7629167988045654,0.48710028830900076,1.03873330930013,1.0,0.5081913823826839,1,0.5,0.6418011611733068,0.9131500227751321,False,240,60
trametinib,lineage,5,ACH-000013,ovary/fallopian tube,1.1657177807651,0.8171706779589059,0.5413541674633412,1.0929871884544706,0.0,0.4410128644405105,0,0.5,0.6418011611733068,0.9131500227751321,False,240,60
trametinib,lineage,5,ACH-000777,esophagus/stomach,0.6668461919990938,0.7629167988045654,0.48710028830900076,1.03873330930013,,0.5081913823826839,1,0.5,0.6418011611733068,0.9131500227751321,False,240,60
trametinib,lineage,5,ACH-000869,lung,0.930502755948022,0.8097098280432129,0.5338933175476482,1.0855263385387777,0.0,0.4439237315247801,0,0.5,0.6418011611733068,0.9131500227751321,False,240,60
trametinib,lineage,5,ACH-000985,bowel,0.6212210433912354,0.6458233719329891,0.37000686143742445,0.9216398824285538,1.0,0.582524953960173,1,0.5,0.6418011611733068,0.9131500227751321,False,240,60
trametinib,lineage,5,ACH-000444,lung,0.7545100682887728,0.8097098280432129,0.5338933175476482,1.0855263385387777,,0.4439237315247801,0,0.5,0.6418011611733068,0.9131500227751321,False,240,60
trametinib,lineage,5,ACH-000771,head and neck,0.5905949338061071,0.6568080792974712,0.38099156880190654,0.9326245897930359,1.0,0.5907680600090546,1,0.5,0.6418011611733068,0.9131500227751321,False,240,60
trametinib,lineage,5,ACH-000500,head and neck,0.8725195347045807,0.6568080792974712,0.38099156880190654,0.9326245897930359,,0.5907680600090546,1,0.5,0.6418011611733068,0.9131500227751321,False,240,60
trametinib,lineage,5,ACH-000502,pancreas,0.7766423970223959,0.7259983274137314,0.4501818169181667,1.0018148379092962,,0.5258803162414158,1,0.5,0.6418011611733068,0.9131500227751321,False,240,60
trametinib,lineage,5,ACH-000408,esophagus/stomach,0.756820486777417,0.7629167988045654,0.48710028830900076,1.03873330930013,,0.5081913823826839,1,0.5,0.6418011611733068,0.9131500227751321,False,240,60
trametinib,lineage,5,ACH-000781,lung,0.8587581040345416,0.8097098280432129,0.5338933175476482,1.0855263385387777,,0.4439237315247801,0,0.5,0.6418011611733068,0.9131500227751321,False,240,60
trametinib,lineage,5,ACH-000750,skin,0.4104647593392468,0.5858007365471142,0.3099842260515495,0.8616172470426788,1.0,0.6321580303960671,1,0.5,0.6418011611733068,0.9131500227751321,False,240,60
trametinib,lineage,5,ACH-000052,bone,0.85011550172171,1.065789943991205,0.7899734334956404,1.3416064544867696,,0.3923225333986971,0,0.5,0.6418011611733068,0.9131500227751321,False,240,60
trametinib,elastic_net,5,ACH-000461,biliary tract,0.7637494336632931,0.695836372965716,0.42739462846424303,0.9642781174671889,,0.7028166704142744,1,0.5,0.6418011611733068,0.9131500227751321,False,240,60
trametinib,elastic_net,5,ACH-000769,lung,1.0,0.8752995686640793,0.6068578241626064,1.1437413131655523,0.0,0.2560175892646144,0,0.5,0.6418011611733068,0.9131500227751321,False,240,60
trametinib,elastic_net,5,ACH-000917,esophagus/stomach,0.739341824966492,0.7557282374045493,0.48728649290307635,1.0241699819060224,,0.6205147812164469,1,0.5,0.6418011611733068,0.9131500227751321,False,240,60
trametinib,elastic_net,5,ACH-000344,esophagus/stomach,0.6999660568551482,0.8845342109268474,0.6160924664253744,1.1529759554283203,,0.4366393543705758,0,0.5,0.6418011611733068,0.9131500227751321,False,240,60
trametinib,elastic_net,5,ACH-000978,uterus,1.124656727063635,0.8855853305599073,0.6171435860584343,1.1540270750613804,0.0,0.27118152803080237,0,0.5,0.6418011611733068,0.9131500227751321,False,240,60
trametinib,elastic_net,5,ACH-000098,cns/brain,1.106930089752715,0.8288100170759594,0.5603682725744864,1.0972517615774322,0.0,0.43822681881730946,0,0.5,0.6418011611733068,0.9131500227751321,False,240,60
trametinib,elastic_net,5,ACH-000805,skin,0.4148881725492414,0.5798705814386746,0.3114288369372017,0.8483123259401476,1.0,0.7107961321666263,1,0.5,0.6418011611733068,0.9131500227751321,False,240,60
trametinib,elastic_net,5,ACH-000896,bladder/urinary tract,0.943087105548986,0.7553625219731899,0.4869207774717169,1.023804266474663,0.0,0.6503777863601712,1,0.5,0.6418011611733068,0.9131500227751321,False,240,60
trametinib,elastic_net,5,ACH-000662,lung,0.8313907531721616,0.7576857139460116,0.48924396944453863,1.0261274584474847,,0.6855120303642691,1,0.5,0.6418011611733068,0.9131500227751321,False,240,60
trametinib,elastic_net,5,ACH-000943,bowel,0.8835124368295311,0.7566612451356399,0.48821950063416697,1.0251029896371129,,0.7034811504298012,1,0.5,0.6418011611733068,0.9131500227751321,False,240,60
trametinib,elastic_net,5,ACH-000545,bladder/urinary tract,0.7361105717495673,0.6978294448289094,0.42938770032743645,0.9662711893303824,,0.6055559264166629,1,0.5,0.6418011611733068,0.9131500227751321,False,240,60
trametinib,elastic_net,5,ACH-000153,pleura,1.12948179831042,0.7982177408979176,0.5297759963964447,1.0666594853993905,0.0,0.275224554803796,0,0.5,0.6418011611733068,0.9131500227751321,False,240,60
trametinib,elastic_net,5,ACH-000898,esophagus/stomach,0.6194502075574614,0.599716294858506,0.331274550357033,0.8681580393599789,1.0,0.7095809872054539,1,0.5,0.6418011611733068,0.9131500227751321,False,240,60
trametinib,elastic_net,5,ACH-000997,bowel,0.905865630377501,0.8157597279261569,0.547317983424684,1.0842014724276299,,0.6158540685388055,1,0.5,0.6418011611733068,0.9131500227751321,False,240,60
trametinib,elastic_net,5,ACH-000532,bowel,0.506129425496721,0.7597072797536056,0.4912655352521327,1.0281490242550786,1.0,0.6330027756137319,1,0.5,0.6418011611733068,0.9131500227751321,False,240,60
trametinib,elastic_net,5,ACH-000954,uterus,0.926868830382945,0.6706960437727592,0.4022542992712862,0.9391377882742321,0.0,0.46665014729780613,0,0.5,0.6418011611733068,0.9131500227751321,False,240,60
trametinib,elastic_net,5,ACH-000890,lung,0.8894038846425985,0.6912639897541286,0.42282224525265566,0.9597057342556016,,0.2855235866423496,0,0.5,0.6418011611733068,0.9131500227751321,False,240,60
trametinib,elastic_net,5,ACH-000834,bladder/urinary tract,0.5057368349797959,0.6752713762297932,0.4068296317283202,0.9437131207312661,1.0,0.6868460385222336,1,0.5,0.6418011611733068,0.9131500227751321,False,240,60
trametinib,elastic_net,5,ACH-000374,breast,0.6702767335824422,0.810049217463543,0.54160747296207,1.078490961965016,,0.5376230719036078,1,0.5,0.6418011611733068,0.9131500227751321,False,240,60
trametinib,elastic_net,5,ACH-000139,pancreas,0.6065797538035214,0.661027128465535,0.39258538396406206,0.929468872967008,1.0,0.7058840556055315,1,0.5,0.6418011611733068,0.9131500227751321,False,240,60
trametinib,elastic_net,5,ACH-000037,soft tissue,0.7254071068884036,0.9132932790296311,0.6448515345281581,1.181735023531104,,0.255231541086511,0,0.5,0.6418011611733068,0.9131500227751321,False,240,60
trametinib,elastic_net,5,ACH-000679,esophagus/stomach,0.8195496909677066,0.6660998393826926,0.3976580948812196,0.9345415838841655,,0.6823028976737083,1,0.5,0.6418011611733068,0.9131500227751321,False,240,60
trametinib,elastic_net,5,ACH-000853,lung,0.9343245994974355,0.834932180468855,0.566490435967382,1.1033739249703278,0.0,0.26973741730850015,0,0.5,0.6418011611733068,0.9131500227751321,False,240,60
trametinib,elastic_net,5,ACH-000155,pancreas,0.5913991549272886,0.7444894266211431,0.4760476821196702,1.012931171122616,1.0,0.660859398073973,1,0.5,0.6418011611733068,0.9131500227751321,False,240,60
trametinib,elastic_net,5,ACH-000270,pancreas,0.705824718637159,0.6499215902633435,0.38147984576187055,0.9183633347648165,,0.7079007249782898,1,0.5,0.6418011611733068,0.9131500227751321,False,240,60
trametinib,elastic_net,5,ACH-000415,head and neck,0.571248579890846,0.741072743045955,0.4726309985444821,1.009514487547428,1.0,0.7053203366498553,1,0.5,0.6418011611733068,0.9131500227751321,False,240,60
trametinib,elastic_net,5,ACH-000756,cns/brain,0.9070022628096994,0.7850224191521082,0.5165806746506353,1.0534641636535813,,0.28197117545367334,0,0.5,0.6418011611733068,0.9131500227751321,False,240,60
trametinib,elastic_net,5,ACH-000855,esophagus/stomach,0.7775303367334376,0.7285467384432532,0.4601049939417803,0.9969884829447262,,0.5305683782661522,1,0.5,0.6418011611733068,0.9131500227751321,False,240,60
trametinib,elastic_net,5,ACH-000393,liver,0.8027297278608212,0.7793413078845967,0.5108995633831237,1.0477830523860696,,0.25391452928103897,0,0.5,0.6418011611733068,0.9131500227751321,False,240,60
trametinib,elastic_net,5,ACH-000936,ovary/fallopian tube,0.7064062664424775,0.7960199258228898,0.5275781813214169,1.0644616703243628,,0.6207481083832433,1,0.5,0.6418011611733068,0.9131500227751321,False,240,60
trametinib,elastic_net,5,ACH-000988,uterus,0.931707497187257,0.869949714215706,0.601507969714233,1.1383914587171788,0.0,0.5133562094013282,1,0.5,0.6418011611733068,0.9131500227751321,False,240,60
trametinib,elastic_net,5,ACH-000397,uterus,1.30847686868859,0.8267306195563304,0.5582888750548575,1.0951723640578033,0.0,0.30243913134748446,0,0.5,0.6418011611733068,0.9131500227751321,False,240,60
trametinib,elastic_net,5,ACH-001239,skin,0.520527044874473,0.6174366570481606,0.3489949125466877,0.8858784015496336,1.0,0.6897152596560665,1,0.5,0.6418011611733068,0.9131500227751321,False,240,60
trametinib,elastic_net,5,ACH-000803,lung,0.9560528101992469,0.7320639142787364,0.46362216977726345,1.0005056587802095,0.0,0.5739401659441932,1,0.5,0.6418011611733068,0.9131500227751321,False,240,60
trametinib,elastic_net,5,ACH-000018,bladder/urinary tract,1.0752813783724744,0.6965709395882564,0.4281291950867835,0.9650126840897294,0.0,0.5117773938145285,1,0.5,0.6418011611733068,0.9131500227751321,False,240,60
trametinib,elastic_net,5,ACH-000092,pleura,0.927806941100427,0.8558272339137136,0.5873854894122407,1.1242689784151865,0.0,0.25594847133763426,0,0.5,0.6418011611733068,0.9131500227751321,False,240,60
trametinib,elastic_net,5,ACH-000822,skin,0.6370809244212519,0.5852448579850875,0.31680311348361456,0.8536866024865605,1.0,0.6654872280713126,1,0.5,0.6418011611733068,0.9131500227751321,False,240,60
trametinib,elastic_net,5,ACH-000903,thyroid,0.8428240517280969,0.97132252315499,0.7028807786535171,1.2397642676564629,,0.3022592656688802,0,0.5,0.6418011611733068,0.9131500227751321,False,240,60
trametinib,elastic_net,5,ACH-000417,pancreas,0.588850489933312,0.5915559815422535,0.32311423704078057,0.8599977260437265,1.0,0.7008220673491609,1,0.5,0.6418011611733068,0.9131500227751321,False,240,60
trametinib,elastic_net,5,ACH-000302,uterus,1.17173623364422,0.9022491520599213,0.6338074075584483,1.1706908965613942,0.0,0.2600801689614495,0,0.5,0.6418011611733068,0.9131500227751321,False,240,60
trametinib,elastic_net,5,ACH-000343,lung,0.9856383777761495,0.8998232097388933,0.6313814652374203,1.1682649542403662,0.0,0.2950003913583508,0,0.5,0.6418011611733068,0.9131500227751321,False,240,60
trametinib,elastic_net,5,ACH-001306,thyroid,0.8237347074108143,0.7336939181392877,0.4652521736378148,1.0021356626407607,,0.3960446050815223,0,0.5,0.6418011611733068,0.9131500227751321,False,240,60
trametinib,elastic_net,5,ACH-000141,biliary tract,1.031443785217405,0.7632404515763715,0.4947987070748986,1.0316821960778446,0.0,0.5731434480562463,1,0.5,0.6418011611733068,0.9131500227751321,False,240,60
trametinib,elastic_net,5,ACH-000172,soft tissue,0.8130623316198833,0.6901889465364842,0.42174720203501126,0.9586306910379572,,0.7087931636037127,1,0.5,0.6418011611733068,0.9131500227751321,False,240,60
trametinib,elastic_net,5,ACH-000201,kidney,0.805597075087032,0.8764421985341259,0.6080004540326529,1.1448839430355988,,0.4723862366772333,0,0.5,0.6418011611733068,0.9131500227751321,False,240,60
trametinib,elastic_net,5,ACH-000835,soft tissue,0.9006044900635686,0.8148137945871335,0.5463720500856606,1.0832555390886065,,0.48126800989669033,0,0.5,0.6418011611733068,0.9131500227751321,False,240,60
trametinib,elastic_net,5,ACH-000316,liver,0.6471907062217908,0.8854407165816544,0.6169989720801814,1.1538824610831273,,0.39663374894764625,0,0.5,0.6418011611733068,0.9131500227751321,False,240,60
trametinib,elastic_net,5,ACH-001318,liver,0.8433732751113345,0.8281493865404381,0.5597076420389652,1.0965911310419112,,0.44453604226104765,0,0.5,0.6418011611733068,0.9131500227751321,False,240,60
trametinib,elastic_net,5,ACH-000624,breast,0.8408087398359936,0.8411166975516724,0.5726749530501994,1.1095584420531455,,0.38421688786806396,0,0.5,0.6418011611733068,0.9131500227751321,False,240,60
trametinib,elastic_net,5,ACH-000447,lung,0.7759579583952514,0.8053718191184386,0.5369300746169656,1.0738135636199115,,0.32326785364144106,0,0.5,0.6418011611733068,0.9131500227751321,False,240,60
trametinib,elastic_net,5,ACH-000042,pancreas,0.5267341823798233,0.7272769093945376,0.45883516489306464,0.9957186538960106,1.0,0.7054501702502253,1,0.5,0.6418011611733068,0.9131500227751321,False,240,60
trametinib,elastic_net,5,ACH-000593,bladder/urinary tract,0.8176989730085225,0.8086567869820598,0.5402150424805868,1.0770985314835326,,0.2913776233818735,0,0.5,0.6418011611733068,0.9131500227751321,False,240,60
trametinib,elastic_net,5,ACH-000191,thyroid,0.4489025898091139,0.9259620354465495,0.6575202909450766,1.1944037799480225,1.0,0.4335704430198698,0,0.5,0.6418011611733068,0.9131500227751321,False,240,60
trametinib,elastic_net,5,ACH-000720,bladder/urinary tract,0.8688788964614947,0.8686250781140818,0.6001833336126089,1.1370668226155547,,0.3122664537842703,0,0.5,0.6418011611733068,0.9131500227751321,False,240,60
trametinib,elastic_net,5,ACH-000207,head and neck,0.5779450506639128,0.7402366457657528,0.4717949012642798,1.0086783902672258,1.0,0.4861417750522828,0,0.5,0.6418011611733068,0.9131500227751321,False,240,60
trametinib,elastic_net,5,ACH-000846,head and neck,0.558331214213713,0.7872562057460206,0.5188144612445477,1.0556979502474935,1.0,0.4450630653618497,0,0.5,0.6418011611733068,0.9131500227751321,False,240,60
trametinib,elastic_net,5,ACH-000456,thyroid,1.0,0.7988281892612565,0.5303864447597836,1.0672699337627294,0.0,0.4845159003868966,0,0.5,0.6418011611733068,0.9131500227751321,False,240,60
trametinib,elastic_net,5,ACH-000919,esophagus/stomach,0.7842487990178387,0.7355039002792361,0.4670621557777631,1.0039456447807091,,0.5862380878215773,1,0.5,0.6418011611733068,0.9131500227751321,False,240,60
trametinib,elastic_net,5,ACH-000174,thyroid,0.8205954232192936,0.792132162362262,0.5236904178607891,1.060573906863735,,0.3013817646417072,0,0.5,0.6418011611733068,0.9131500227751321,False,240,60
trametinib,elastic_net,5,ACH-000620,liver,0.6505323388139765,0.9195390936466711,0.6510973491451981,1.187980838148144,,0.2588146548624554,0,0.5,0.6418011611733068,0.9131500227751321,False,240,60
trametinib,elastic_net,5,ACH-000212,breast,0.9195196187811556,0.777369840407203,0.5089280959057301,1.045811584908676,0.0,0.25617687584579185,0,0.5,0.6418011611733068,0.9131500227751321,False,240,60
trametinib,elastic_net,5,ACH-000776,cns/brain,0.42285292252752305,0.7025275084104279,0.4340857639089549,0.9709692529119008,1.0,0.6126288443394062,1,0.5,0.6418011611733068,0.9131500227751321,False,240,60
trametinib,elastic_net,5,ACH-000911,esophagus/stomach,0.5557411162560564,0.5710062474602382,0.30256450295876525,0.8394479919617112,1.0,0.7071102165835654,1,0.5,0.6418011611733068,0.9131500227751321,False,240,60
trametinib,elastic_net,5,ACH-000013,ovary/fallopian tube,1.1657177807651,0.9839500975075626,0.7155083530060896,1.2523918420090356,0.0,0.27034563655150406,0,0.5,0.6418011611733068,0.9131500227751321,False,240,60
trametinib,elastic_net,5,ACH-000777,esophagus/stomach,0.6668461919990938,0.7456093089708873,0.47716756446941433,1.0140510534723601,,0.6886003653108221,1,0.5,0.6418011611733068,0.9131500227751321,False,240,60
trametinib,elastic_net,5,ACH-000869,lung,0.930502755948022,0.8448746381839295,0.5764328936824565,1.1133163826854025,0.0,0.2550585091223908,0,0.5,0.6418011611733068,0.9131500227751321,False,240,60
trametinib,elastic_net,5,ACH-000985,bowel,0.6212210433912354,0.6601107790516233,0.39166903455015034,0.9285525235530963,1.0,0.6679505728634052,1,0.5,0.6418011611733068,0.9131500227751321,False,240,60
trametinib,elastic_net,5,ACH-000444,lung,0.7545100682887728,0.7793750677412636,0.5109333232397907,1.0478168122427367,,0.4977278315953965,0,0.5,0.6418011611733068,0.9131500227751321,False,240,60
trametinib,elastic_net,5,ACH-000771,head and neck,0.5905949338061071,0.7433580932554369,0.47491634875396394,1.01179983775691,1.0,0.7114189620281504,1,0.5,0.6418011611733068,0.9131500227751321,False,240,60
trametinib,elastic_net,5,ACH-000500,head and neck,0.8725195347045807,0.8203157454239624,0.5518740009224894,1.0887574899254353,,0.25679791001339386,0,0.5,0.6418011611733068,0.9131500227751321,False,240,60
trametinib,elastic_net,5,ACH-000502,pancreas,0.7766423970223959,0.6344996216018851,0.36605787710041215,0.9029413661033581,,0.7008635553935395,1,0.5,0.6418011611733068,0.9131500227751321,False,240,60
trametinib,elastic_net,5,ACH-000408,esophagus/stomach,0.756820486777417,0.8118204981967849,0.543378753695312,1.0802622426982578,,0.5726100318433203,1,0.5,0.6418011611733068,0.9131500227751321,False,240,60
trametinib,elastic_net,5,ACH-000781,lung,0.8587581040345416,0.8776006610504479,0.6091589165489749,1.146042405551921,,0.30313804901036195,0,0.5,0.6418011611733068,0.9131500227751321,False,240,60
trametinib,elastic_net,5,ACH-000750,skin,0.4104647593392468,0.6973385765008921,0.4288968319994192,0.9657803210023651,1.0,0.6265612419245357,1,0.5,0.6418011611733068,0.9131500227751321,False,240,60
trametinib,elastic_net,5,ACH-000052,bone,0.85011550172171,0.8833425511359556,0.6149008066344827,1.1517842956374285,,0.2779338033015249,0,0.5,0.6418011611733068,0.9131500227751321,False,240,60
trametinib,xgboost,5,ACH-000461,biliary tract,0.7637494336632931,0.6858977675437927,0.43957030777963,0.9322252273079554,,0.6638432301028933,1,0.5,0.6418011611733068,0.9131500227751321,False,240,60
trametinib,xgboost,5,ACH-000769,lung,1.0,0.9377052783966064,0.6913778186324437,1.1840327381607691,0.0,0.36947954797079213,0,0.5,0.6418011611733068,0.9131500227751321,False,240,60
trametinib,xgboost,5,ACH-000917,esophagus/stomach,0.739341824966492,0.8073926568031311,0.5610651970389684,1.0537201165672938,,0.5916248759753424,1,0.5,0.6418011611733068,0.9131500227751321,False,240,60
trametinib,xgboost,5,ACH-000344,esophagus/stomach,0.6999660568551482,0.8408417701721191,0.5945143104079564,1.0871692299362818,,0.5173689729447005,1,0.5,0.6418011611733068,0.9131500227751321,False,240,60
trametinib,xgboost,5,ACH-000978,uterus,1.124656727063635,0.8683406114578247,0.622013151693662,1.1146680712219874,0.0,0.3090391476132349,0,0.5,0.6418011611733068,0.9131500227751321,False,240,60
trametinib,xgboost,5,ACH-000098,cns/brain,1.106930089752715,0.8240262269973755,0.5776987672332128,1.0703536867615382,0.0,0.4480473800411543,0,0.5,0.6418011611733068,0.9131500227751321,False,240,60
trametinib,xgboost,5,ACH-000805,skin,0.4148881725492414,0.603012204170227,0.35668474440606435,0.8493396639343898,1.0,0.7177477136434695,1,0.5,0.6418011611733068,0.9131500227751321,False,240,60
trametinib,xgboost,5,ACH-000896,bladder/urinary tract,0.943087105548986,0.7980487942695618,0.5517213345053991,1.0443762540337245,0.0,0.45535173491559655,0,0.5,0.6418011611733068,0.9131500227751321,False,240,60
trametinib,xgboost,5,ACH-000662,lung,0.8313907531721616,0.6964862942695618,0.45015883450539906,0.9428137540337245,,0.6380292784707512,1,0.5,0.6418011611733068,0.9131500227751321,False,240,60
trametinib,xgboost,5,ACH-000943,bowel,0.8835124368295311,0.8172298073768616,0.5709023476126989,1.0635572671410243,,0.5175361146483488,1,0.5,0.6418011611733068,0.9131500227751321,False,240,60
trametinib,xgboost,5,ACH-000545,bladder/urinary tract,0.7361105717495673,0.6881271600723267,0.44179970030816396,0.9344546198364894,,0.5945443528853412,1,0.5,0.6418011611733068,0.9131500227751321,False,240,60
trametinib,xgboost,5,ACH-000153,pleura,1.12948179831042,0.8750516772270203,0.6287242174628576,1.121379136991183,0.0,0.5698377221789089,1,0.5,0.6418011611733068,0.9131500227751321,False,240,60
trametinib,xgboost,5,ACH-000898,esophagus/stomach,0.6194502075574614,0.6016683578491211,0.3553408980849584,0.8479958176132838,1.0,0.700164244216443,1,0.5,0.6418011611733068,0.9131500227751321,False,240,60
trametinib,xgboost,5,ACH-000997,bowel,0.905865630377501,0.7855690121650696,0.5392415524009069,1.0318964719292323,,0.4291792235176784,0,0.5,0.6418011611733068,0.9131500227751321,False,240,60
trametinib,xgboost,5,ACH-000532,bowel,0.506129425496721,0.7935089468955994,0.5471814871314367,1.039836406659762,1.0,0.624545959639558,1,0.5,0.6418011611733068,0.9131500227751321,False,240,60
trametinib,xgboost,5,ACH-000954,uterus,0.926868830382945,0.7185943126678467,0.472266852903684,0.9649217724320094,0.0,0.5634682961782869,1,0.5,0.6418011611733068,0.9131500227751321,False,240,60
trametinib,xgboost,5,ACH-000890,lung,0.8894038846425985,0.6917982697486877,0.44547080998452504,0.9381257295128504,,0.5376528790436423,1,0.5,0.6418011611733068,0.9131500227751321,False,240,60
trametinib,xgboost,5,ACH-000834,bladder/urinary tract,0.5057368349797959,0.7059364914894104,0.4596090317252477,0.9522639512535731,1.0,0.6268808253748009,1,0.5,0.6418011611733068,0.9131500227751321,False,240,60
trametinib,xgboost,5,ACH-000374,breast,0.6702767335824422,0.7811822891235352,0.5348548293593725,1.0275097488876979,,0.39236232676069177,0,0.5,0.6418011611733068,0.9131500227751321,False,240,60
trametinib,xgboost,5,ACH-000139,pancreas,0.6065797538035214,0.6521312594413757,0.40580379967721303,0.8984587192055384,1.0,0.6908744174544189,1,0.5,0.6418011611733068,0.9131500227751321,False,240,60
trametinib,xgboost,5,ACH-000037,soft tissue,0.7254071068884036,0.8790315389633179,0.6327040791991552,1.1253589987274806,,0.3357280373026295,0,0.5,0.6418011611733068,0.9131500227751321,False,240,60
trametinib,xgboost,5,ACH-000679,esophagus/stomach,0.8195496909677066,0.720317006111145,0.4739895463469823,0.9666444658753077,,0.6198422016567389,1,0.5,0.6418011611733068,0.9131500227751321,False,240,60
trametinib,xgboost,5,ACH-000853,lung,0.9343245994974355,0.8395496010780334,0.5932221413138707,1.0858770608421962,0.0,0.3895591032755723,0,0.5,0.6418011611733068,0.9131500227751321,False,240,60
trametinib,xgboost,5,ACH-000155,pancreas,0.5913991549272886,0.6720008254051208,0.42567336564095815,0.9183282851692836,1.0,0.6955059076973454,1,0.5,0.6418011611733068,0.9131500227751321,False,240,60
trametinib,xgboost,5,ACH-000270,pancreas,0.705824718637159,0.6405766010284424,0.3942491412642797,0.8869040607926051,,0.6689806954508142,1,0.5,0.6418011611733068,0.9131500227751321,False,240,60
trametinib,xgboost,5,ACH-000415,head and neck,0.571248579890846,0.7209859490394592,0.4746584892752965,0.9673134088036219,1.0,0.5643317429625786,1,0.5,0.6418011611733068,0.9131500227751321,False,240,60
trametinib,xgboost,5,ACH-000756,cns/brain,0.9070022628096994,0.8106146454811096,0.5642871857169469,1.0569421052452723,,0.40500852818557115,0,0.5,0.6418011611733068,0.9131500227751321,False,240,60
trametinib,xgboost,5,ACH-000855,esophagus/stomach,0.7775303367334376,0.7192015051841736,0.4728740454200109,0.9655289649483363,,0.5685000763668311,1,0.5,0.6418011611733068,0.9131500227751321,False,240,60
trametinib,xgboost,5,ACH-000393,liver,0.8027297278608212,0.8748509883880615,0.6285235286238988,1.1211784481522242,,0.35544690807780094,0,0.5,0.6418011611733068,0.9131500227751321,False,240,60
trametinib,xgboost,5,ACH-000936,ovary/fallopian tube,0.7064062664424775,0.6948987245559692,0.44857126479180653,0.9412261843201319,,0.6481973568457932,1,0.5,0.6418011611733068,0.9131500227751321,False,240,60
trametinib,xgboost,5,ACH-000988,uterus,0.931707497187257,0.8015945553779602,0.5552670956137975,1.047922015142123,0.0,0.46615663479489955,0,0.5,0.6418011611733068,0.9131500227751321,False,240,60
trametinib,xgboost,5,ACH-000397,uterus,1.30847686868859,0.7894965410232544,0.5431690812590917,1.035824000787417,0.0,0.4152206037801598,0,0.5,0.6418011611733068,0.9131500227751321,False,240,60
trametinib,xgboost,5,ACH-001239,skin,0.520527044874473,0.6056357026100159,0.35930824284585317,0.8519631623741786,1.0,0.6444087409102421,1,0.5,0.6418011611733068,0.9131500227751321,False,240,60
trametinib,xgboost,5,ACH-000803,lung,0.9560528101992469,0.7739827632904053,0.5276553035262426,1.020310223054568,0.0,0.5970017590525183,1,0.5,0.6418011611733068,0.9131500227751321,False,240,60
trametinib,xgboost,5,ACH-000018,bladder/urinary tract,1.0752813783724744,0.7317799925804138,0.4854525328162511,0.9781074523445765,0.0,0.6672197416430624,1,0.5,0.6418011611733068,0.9131500227751321,False,240,60
trametinib,xgboost,5,ACH-000092,pleura,0.927806941100427,0.8884236216545105,0.6420961618903478,1.1347510814186732,0.0,0.41051529270831844,0,0.5,0.6418011611733068,0.9131500227751321,False,240,60
trametinib,xgboost,5,ACH-000822,skin,0.6370809244212519,0.6162893772125244,0.3699619174483617,0.8626168369766871,1.0,0.6881509979244695,1,0.5,0.6418011611733068,0.9131500227751321,False,240,60
trametinib,xgboost,5,ACH-000903,thyroid,0.8428240517280969,0.9017565250396729,0.6554290652755101,1.1480839848038356,,0.383355572275995,0,0.5,0.6418011611733068,0.9131500227751321,False,240,60
trametinib,xgboost,5,ACH-000417,pancreas,0.588850489933312,0.6419669985771179,0.3956395388129552,0.8882944583412806,1.0,0.6956791858328873,1,0.5,0.6418011611733068,0.9131500227751321,False,240,60
trametinib,xgboost,5,ACH-000302,uterus,1.17173623364422,0.8712949156761169,0.6249674559119542,1.1176223754402796,0.0,0.3903620723510108,0,0.5,0.6418011611733068,0.9131500227751321,False,240,60
trametinib,xgboost,5,ACH-000343,lung,0.9856383777761495,0.8848204612731934,0.6384930015090307,1.131147921037356,0.0,0.3747942723376049,0,0.5,0.6418011611733068,0.9131500227751321,False,240,60
trametinib,xgboost,5,ACH-001306,thyroid,0.8237347074108143,0.7209632396697998,0.4746357799056371,0.9672906994339625,,0.5992188602601836,1,0.5,0.6418011611733068,0.9131500227751321,False,240,60
trametinib,xgboost,5,ACH-000141,biliary tract,1.031443785217405,0.6522507667541504,0.4059233069899877,0.8985782265183131,0.0,0.5907180276192268,1,0.5,0.6418011611733068,0.9131500227751321,False,240,60
trametinib,xgboost,5,ACH-000172,soft tissue,0.8130623316198833,0.7431206703186035,0.4967932105544408,0.9894481300827662,,0.6151521079842376,1,0.5,0.6418011611733068,0.9131500227751321,False,240,60
trametinib,xgboost,5,ACH-000201,kidney,0.805597075087032,0.9038950204849243,0.6575675607207616,1.150222480249087,,0.3674709816441048,0,0.5,0.6418011611733068,0.9131500227751321,False,240,60
trametinib,xgboost,5,ACH-000835,soft tissue,0.9006044900635686,0.8757526874542236,0.6294252276900609,1.1220801472183863,,0.3423952512672887,0,0.5,0.6418011611733068,0.9131500227751321,False,240,60
trametinib,xgboost,5,ACH-000316,liver,0.6471907062217908,0.8405529260635376,0.5942254662993749,1.0868803858277003,,0.36784668027266354,0,0.5,0.6418011611733068,0.9131500227751321,False,240,60
trametinib,xgboost,5,ACH-001318,liver,0.8433732751113345,0.8685323596000671,0.6222048998359044,1.1148598193642298,,0.3699680854968259,0,0.5,0.6418011611733068,0.9131500227751321,False,240,60
trametinib,xgboost,5,ACH-000624,breast,0.8408087398359936,0.7781173586845398,0.5317898989203771,1.0244448184487025,,0.5233966932790519,1,0.5,0.6418011611733068,0.9131500227751321,False,240,60
trametinib,xgboost,5,ACH-000447,lung,0.7759579583952514,0.8354582190513611,0.5891307592871984,1.0817856788155238,,0.43153749142077474,0,0.5,0.6418011611733068,0.9131500227751321,False,240,60
trametinib,xgboost,5,ACH-000042,pancreas,0.5267341823798233,0.675640881061554,0.42931342129739125,0.9219683408257167,1.0,0.6699839210783637,1,0.5,0.6418011611733068,0.9131500227751321,False,240,60
trametinib,xgboost,5,ACH-000593,bladder/urinary tract,0.8176989730085225,0.8174192905426025,0.5710918307784398,1.0637467503067652,,0.4426248904985651,0,0.5,0.6418011611733068,0.9131500227751321,False,240,60
trametinib,xgboost,5,ACH-000191,thyroid,0.4489025898091139,0.8691864013671875,0.6228589416030248,1.1155138611313502,1.0,0.3450044125684807,0,0.5,0.6418011611733068,0.9131500227751321,False,240,60
trametinib,xgboost,5,ACH-000720,bladder/urinary tract,0.8688788964614947,0.8140326142311096,0.5677051544669469,1.0603600739952723,,0.5365467102498336,1,0.5,0.6418011611733068,0.9131500227751321,False,240,60
trametinib,xgboost,5,ACH-000207,head and neck,0.5779450506639128,0.7198312878608704,0.47350382809670766,0.9661587476250331,1.0,0.5799574833325415,1,0.5,0.6418011611733068,0.9131500227751321,False,240,60
trametinib,xgboost,5,ACH-000846,head and neck,0.558331214213713,0.8174560070037842,0.5711285472396215,1.0637834667679469,1.0,0.496922514970701,0,0.5,0.6418011611733068,0.9131500227751321,False,240,60
trametinib,xgboost,5,ACH-000456,thyroid,1.0,0.7671768069267273,0.5208493471625646,1.01350426669089,0.0,0.5872574841925605,1,0.5,0.6418011611733068,0.9131500227751321,False,240,60
trametinib,xgboost,5,ACH-000919,esophagus/stomach,0.7842487990178387,0.6603472828865051,0.4140198231223424,0.9066747426506678,,0.688520969826514,1,0.5,0.6418011611733068,0.9131500227751321,False,240,60
trametinib,xgboost,5,ACH-000174,thyroid,0.8205954232192936,0.7432552576065063,0.49692779784234364,0.989582717370669,,0.49483696916248077,0,0.5,0.6418011611733068,0.9131500227751321,False,240,60
trametinib,xgboost,5,ACH-000620,liver,0.6505323388139765,0.8703534007072449,0.6240259409430822,1.1166808604714076,,0.3407140826683499,0,0.5,0.6418011611733068,0.9131500227751321,False,240,60
trametinib,xgboost,5,ACH-000212,breast,0.9195196187811556,0.7228066921234131,0.4764792323592504,0.9691341518875758,0.0,0.5582756317046844,1,0.5,0.6418011611733068,0.9131500227751321,False,240,60
trametinib,xgboost,5,ACH-000776,cns/brain,0.42285292252752305,0.7400308847427368,0.4937034249785741,0.9863583445068995,1.0,0.5768509776673034,1,0.5,0.6418011611733068,0.9131500227751321,False,240,60
trametinib,xgboost,5,ACH-000911,esophagus/stomach,0.5557411162560564,0.6477479338645935,0.4014204741004308,0.8940753936287562,1.0,0.7073417092659718,1,0.5,0.6418011611733068,0.9131500227751321,False,240,60
trametinib,xgboost,5,ACH-000013,ovary/fallopian tube,1.1657177807651,0.9253480434417725,0.6790205836776098,1.1716755032059352,0.0,0.3388480294705169,0,0.5,0.6418011611733068,0.9131500227751321,False,240,60
trametinib,xgboost,5,ACH-000777,esophagus/stomach,0.6668461919990938,0.6502431631088257,0.403915703344663,0.8965706228729884,,0.6900591274671641,1,0.5,0.6418011611733068,0.9131500227751321,False,240,60
trametinib,xgboost,5,ACH-000869,lung,0.930502755948022,0.8228482604026794,0.5765208006385167,1.0691757201668421,0.0,0.3867476210123231,0,0.5,0.6418011611733068,0.9131500227751321,False,240,60
trametinib,xgboost,5,ACH-000985,bowel,0.6212210433912354,0.7178695201873779,0.4715420604232152,0.9641969799515406,1.0,0.6218515416882897,1,0.5,0.6418011611733068,0.9131500227751321,False,240,60
trametinib,xgboost,5,ACH-000444,lung,0.7545100682887728,0.7951498031616211,0.5488223433974584,1.0414772629257838,,0.44834594358176594,0,0.5,0.6418011611733068,0.9131500227751321,False,240,60
trametinib,xgboost,5,ACH-000771,head and neck,0.5905949338061071,0.7664296627044678,0.5201022029403051,1.0127571224686305,1.0,0.527726792149116,1,0.5,0.6418011611733068,0.9131500227751321,False,240,60
trametinib,xgboost,5,ACH-000500,head and neck,0.8725195347045807,0.7743162512779236,0.5279887915137609,1.0206437110420863,,0.5889094555584148,1,0.5,0.6418011611733068,0.9131500227751321,False,240,60
trametinib,xgboost,5,ACH-000502,pancreas,0.7766423970223959,0.6716646552085876,0.42533719544442494,0.9179921149727504,,0.7113506565125264,1,0.5,0.6418011611733068,0.9131500227751321,False,240,60
trametinib,xgboost,5,ACH-000408,esophagus/stomach,0.756820486777417,0.7097452878952026,0.46341782813103993,0.9560727476593653,,0.596062751548432,1,0.5,0.6418011611733068,0.9131500227751321,False,240,60
trametinib,xgboost,5,ACH-000781,lung,0.8587581040345416,0.8082653880119324,0.5619379282477697,1.054592847776095,,0.3786355602325851,0,0.5,0.6418011611733068,0.9131500227751321,False,240,60
trametinib,xgboost,5,ACH-000750,skin,0.4104647593392468,0.7737939953804016,0.5274665356162389,1.0201214551445643,1.0,0.5985079986184407,1,0.5,0.6418011611733068,0.9131500227751321,False,240,60
trametinib,xgboost,5,ACH-000052,bone,0.85011550172171,0.9095157384872437,0.663188278723081,1.1558431982514064,,0.39470422019097123,0,0.5,0.6418011611733068,0.9131500227751321,False,240,60
